location_id	address_1	address_2	city	state	zip	county	location_source_value	country_concept_id	country_source_value	latitude	longitude
1							S01013482			57.09528757409077	-2.2694702010029544
2							S01013483			57.10234286832246	-2.27196450585135
3							S01013484			57.09725307144967	-2.2744522107304053
4							S01013485			57.09983585002665	-2.26811683227287
5							S01013486			57.099951083216176	-2.2646020513492884
6							S01013487			57.09892223016279	-2.258256867267157
7							S01013488			57.11019098750634	-2.285543832512197
8							S01013489			57.108472084664236	-2.225189681413734
9							S01013490			57.10493999441554	-2.2406192909366043
10							S01013491			57.110744801780584	-2.2349938230362687
11							S01013492			57.10561652071554	-2.219510328906905
12							S01013493			57.13481031331967	-2.2151723022484724
13							S01013494			57.13752233486746	-2.215683721106204
14							S01013495			57.12344863857043	-2.166633486525117
15							S01013496			57.12211716287191	-2.174686826251092
16							S01013497			57.118077373939	-2.1791925387211872
17							S01013498			57.11588246194729	-2.181295567538598
18							S01013499			57.114771873449165	-2.202606702360122
19							S01013500			57.117187582720376	-2.1974513294389375
20							S01013501			57.11757583368678	-2.207361120771533
21							S01013502			57.11721142244023	-2.18777500060772
22							S01013503			57.12191983811809	-2.146363002426886
23							S01013504			57.120277483869955	-2.1450189399186583
24							S01013505			57.122083577416824	-2.1365868377199893
25							S01013506			57.12626357098935	-2.125172503065499
26							S01013507			57.12363792900948	-2.127756678162417
27							S01013508			57.122562314352436	-2.1341443511479863
28							S01013509			57.129940652278385	-2.122079332643033
29							S01013510			57.1308464966148	-2.1324891161715995
30							S01013511			57.13313599265396	-2.124782470080685
31							S01013512			57.133940821563066	-2.11920133605656
32							S01013513			57.137221417165634	-2.117245693953647
33							S01013514			57.127047736893	-2.1476218420057362
34							S01013515			57.12453697582243	-2.1437306841078
35							S01013516			57.12921091924101	-2.1331110152712354
36							S01013517			57.12732036606485	-2.1369362869622837
37							S01013518			57.13027463987554	-2.145949686743249
38							S01013519			57.133354599805166	-2.154502487924556
39							S01013520			57.12942811226208	-2.1551965457777214
40							S01013521			57.138405597413	-2.1448744296179667
41							S01013522			57.13412716406669	-2.1391253400576193
42							S01013523			57.1341443986341	-2.1476333294831864
43							S01013524			57.14402774307429	-2.1741779029492156
44							S01013525			57.13396726534122	-2.1671099090318076
45							S01013526			57.12297972352711	-2.18090060712366
46							S01013527			57.13569858305689	-2.1621118068071317
47							S01013528			57.143956981276794	-2.152629459695563
48							S01013529			57.1378487374747	-2.1596263276038563
49							S01013530			57.142899405748615	-2.171611391339444
50							S01013531			57.14658144936195	-2.1656955553630453
51							S01013532			57.14726756796071	-2.1560308308145366
52							S01013533			57.14996763305843	-2.151844172118342
53							S01013534			57.15033291550502	-2.1683070167980074
54							S01013535			57.1491752921093	-2.1605341293872344
55							S01013536			57.15015870101405	-2.1773963212657237
56							S01013537			57.15102115993019	-2.1247263642301446
57							S01013538			57.14839491236879	-2.127989886151168
58							S01013539			57.14880446978137	-2.131594127549668
59							S01013540			57.15072469125462	-2.1336503090765397
60							S01013541			57.14889656055109	-2.1459727947598153
61							S01013542			57.1530274802348	-2.1306007300655843
62							S01013543			57.14834732167687	-2.1116449299937137
63							S01013544			57.15010982600944	-2.109501622285628
64							S01013545			57.15188352641326	-2.115126379674925
65							S01013546			57.14960329302263	-2.1135162358545414
66							S01013547			57.1485121184787	-2.1182065025340058
67							S01013548			57.14892195643413	-2.121810647343084
68							S01013549			57.14774387989247	-2.123178501559833
69							S01013550			57.14570624065508	-2.1216184133043745
70							S01013551			57.14556999618555	-2.140539494033363
71							S01013552			57.14531879883771	-2.1318628023736967
72							S01013553			57.143763824721546	-2.1327496501250702
73							S01013554			57.13656409533822	-2.128213801111137
74							S01013555			57.13838277283722	-2.1240564468810144
75							S01013556			57.140301873903184	-2.1273674001157015
76							S01013557			57.14014799676498	-2.119270642868979
77							S01013558			57.140223504792495	-2.115288849873888
78							S01013559			57.14093557575263	-2.122363001707548
79							S01013560			57.13546439388537	-2.1319107055975164
80							S01013561			57.1429456940658	-2.104374742189301
81							S01013562			57.14032626135342	-2.1108114315463444
82							S01013563			57.14502220371392	-2.113271017550549
83							S01013564			57.14546380084713	-2.111636353750155
84							S01013565			57.14587429335164	-2.1041845788130544
85							S01013566			57.14266178336056	-2.0999785636678103
86							S01013567			57.14575394536862	-2.097441887137411
87							S01013568			57.14784338044245	-2.091832497962697
88							S01013569			57.14263319987993	-2.1019944130396975
89							S01013570			57.14010930658051	-2.101591009062012
90							S01013571			57.13660880567867	-2.0980459905102067
91							S01013572			57.13823314829934	-2.100016344815626
92							S01013573			57.13584167817272	-2.113193733045063
93							S01013574			57.13903320016515	-2.110245849756763
94							S01013575			57.137968993064995	-2.1045426489625267
95							S01013576			57.138968196342795	-2.1126909738394364
96							S01013577			57.134127788898034	-2.1001871390089755
97							S01013578			57.127686851644796	-2.1210974664731754
98							S01013579			57.131258082153884	-2.1157403417885314
99							S01013580			57.133956301013455	-2.1119985922653024
100							S01013581			57.13441023825608	-2.106366501639149
101							S01013582			57.11715285629629	-2.1178104556238115
102							S01013583			57.120491035317905	-2.1117106915415764
103							S01013584			57.12188784557024	-2.106496172649738
104							S01013585			57.123913107048324	-2.1122328637583383
105							S01013586			57.12299724412569	-2.100966702875697
106							S01013587			57.11400359101424	-2.09148168016383
107							S01013588			57.104811691635945	-2.094496631223908
108							S01013589			57.10123790633568	-2.092523484686819
109							S01013590			57.119262777242234	-2.0978851639474647
110							S01013591			57.11782842476622	-2.105411316831213
111							S01013592			57.117482693729734	-2.1105953788406815
112							S01013593			57.113105516251224	-2.113356315440534
113							S01013594			57.09889047685156	-2.09629722770416
114							S01013595			57.09597697012748	-2.088153650309043
115							S01013596			57.094493968514556	-2.101071708968329
116							S01013597			57.09777541783919	-2.0855172406552116
117							S01013598			57.10093089362657	-2.0819262407348145
118							S01013599			57.10101515882687	-2.0900141130632557
119							S01013600			57.102163547306816	-2.078875305588644
120							S01013601			57.1065810793547	-2.0821862178273327
121							S01013602			57.107178875529954	-2.088146981624113
122							S01013603			57.10468919307339	-2.0900724482479998
123							S01013604			57.12751050824555	-2.096172336382425
124							S01013605			57.12945931693381	-2.0845321024023713
125							S01013606			57.13365719602405	-2.093131870809508
126							S01013607			57.13258359201151	-2.0871491714704873
127							S01013608			57.13523460411088	-2.085684963762268
128							S01013609			57.13678218610632	-2.0819877550491435
129							S01013610			57.136849077412656	-2.0891746414472503
130							S01013611			57.13059695164605	-2.0891102868158895
131							S01013612			57.137687619182486	-2.0704081951895295
132							S01013613			57.13503171143369	-2.080133682156258
133							S01013614			57.131582417318235	-2.0798455361549624
134							S01013615			57.13446968733542	-2.0738548844918268
135							S01013616			57.1347471633836	-2.075507440307541
136							S01013617			57.135029004114166	-2.0697754739846945
137							S01013618			57.14657045732794	-2.086636177582304
138							S01013619			57.15238940549843	-2.0893932856661075
139							S01013620			57.15095010752746	-2.092183039241803
140							S01013621			57.15184391979542	-2.0859045531211953
141							S01013622			57.15437504545508	-2.088786432858677
142							S01013623			57.15391175899486	-2.0957440774378866
143							S01013624			57.15519901390018	-2.092160434621045
144							S01013625			57.15694118117503	-2.092842470052877
145							S01013626			57.1535136098913	-2.1031249625928337
146							S01013627			57.15087999854385	-2.101438364857811
147							S01013628			57.15208615631014	-2.0984004561340925
148							S01013629			57.150985447219185	-2.1043640607285963
149							S01013630			57.15511384474708	-2.1088881591704918
150							S01013631			57.157223103905864	-2.1109110158820865
151							S01013632			57.15683058386394	-2.107702983072699
152							S01013633			57.155198808939886	-2.1039130128034036
153							S01013634			57.15916575926746	-2.1183558816542543
154							S01013635			57.158855994441474	-2.122967117431235
155							S01013636			57.15630637277159	-2.121355294714121
156							S01013637			57.151554297351026	-2.111571850895703
157							S01013638			57.16090181799074	-2.1157989583361805
158							S01013639			57.15877403476538	-2.103906443956496
159							S01013640			57.157329475938326	-2.1017699848957934
160							S01013641			57.15974012732577	-2.108835545822908
161							S01013642			57.16393235192414	-2.112154535548609
162							S01013643			57.161745104637255	-2.10675833548858
163							S01013644			57.164041232613876	-2.1109148510318003
164							S01013645			57.161220955618084	-2.099532216830417
165							S01013646			57.159970339405206	-2.1019755856900604
166							S01013647			57.15844665572173	-2.097640244618898
167							S01013648			57.16736437528351	-2.0889660744153824
168							S01013649			57.16487155927444	-2.091269043692058
169							S01013650			57.161486015985155	-2.0936307947353363
170							S01013651			57.165878453591326	-2.094038647438332
171							S01013652			57.15994298158841	-2.0908330385586176
172							S01013653			57.173315673266366	-2.095248193170596
173							S01013654			57.16778244527207	-2.094638736160853
174							S01013655			57.168996233935204	-2.093236265076868
175							S01013656			57.17127746066953	-2.093936543094626
176							S01013657			57.16974964870532	-2.11632276170941
177							S01013658			57.171002020120966	-2.1122090567192506
178							S01013659			57.16833446601678	-2.111704883004546
179							S01013660			57.17205537602741	-2.1194721178143014
180							S01013661			57.17445065493412	-2.113211846791914
181							S01013662			57.17254376449979	-2.1253610039803905
182							S01013663			57.17410284157097	-2.1201899034989213
183							S01013664			57.17613545042162	-2.143747942640401
184							S01013665			57.16820754355124	-2.1227005625953073
185							S01013666			57.167152880369144	-2.117025565179373
186							S01013667			57.170998047649064	-2.1260006654795274
187							S01013668			57.172271724913784	-2.1365392272729253
188							S01013669			57.169789145725275	-2.139572614938263
189							S01013670			57.16906524128928	-2.1361304673958514
190							S01013671			57.16412684369171	-2.134029046873348
191							S01013672			57.164279214471506	-2.1255312999432934
192							S01013673			57.16663102117596	-2.127275412377378
193							S01013674			57.16188704672359	-2.118959754604454
194							S01013675			57.16485972722564	-2.119696797866914
195							S01013676			57.16877587492761	-2.1293497913396804
196							S01013677			57.15659277700334	-2.1479038332626943
197							S01013678			57.16098856895412	-2.1370761623833445
198							S01013679			57.161578136277036	-2.140120297563838
199							S01013680			57.15869400624348	-2.1406714942035077
200							S01013681			57.158160974646776	-2.1433970876921236
201							S01013682			57.16044392934416	-2.133949617254833
202							S01013683			57.15985518825341	-2.1299468169350124
203							S01013684			57.15293917133519	-2.1674427485031584
204							S01013685			57.15872447826973	-2.160393339474592
205							S01013686			57.154149833327004	-2.162158842171546
206							S01013687			57.15576171062448	-2.166050367326786
207							S01013688			57.1576497771271	-2.1578099274989775
208							S01013689			57.155053894255886	-2.157633663771414
209							S01013690			57.15393803770595	-2.151926422817641
210							S01013691			57.1535313751545	-2.1745363314136545
211							S01013692			57.15160462037647	-2.1776511241599783
212							S01013693			57.15419496799365	-2.181680087132851
213							S01013694			57.1557538701844	-2.17831557314118
214							S01013695			57.15669660381575	-2.1722368887937704
215							S01013696			57.158953524600655	-2.1638989642820543
216							S01013697			57.16055282910131	-2.1491428868340097
217							S01013698			57.16543769337903	-2.150733136308314
218							S01013699			57.16411267541528	-2.146908560995652
219							S01013700			57.16037371916402	-2.1561351801427944
220							S01013701			57.164018812394744	-2.142543370391553
221							S01013702			57.16311213901975	-2.171059615472367
222							S01013703			57.1673553006796	-2.1687310950696697
223							S01013704			57.16525473791396	-2.1676303026766477
224							S01013705			57.162346691344496	-2.1587721533368858
225							S01013706			57.16362899953959	-2.1605632182994916
226							S01013707			57.16830176348662	-2.159293631242912
227							S01013708			57.16692939831959	-2.164727700117395
228							S01013709			57.16873627935766	-2.1491591747065626
229							S01013710			57.17034156279469	-2.151414592596111
230							S01013711			57.17118385574082	-2.160430552190078
231							S01013712			57.16716367477391	-2.1417948447650432
232							S01013713			57.17027998528437	-2.164775680908793
233							S01013714			57.170435578919424	-2.169390050930318
234							S01013715			57.16000924301743	-2.2195346657711434
235							S01013716			57.15349161372214	-2.222322543745498
236							S01013717			57.160237608046174	-2.21212941049858
237							S01013718			57.15008492985318	-2.2184179727981346
238							S01013719			57.166111723016506	-2.217818167590471
239							S01013720			57.18454288423925	-2.20300388927804
240							S01013721			57.16012930135951	-2.251244712389706
241							S01013722			57.15929691967464	-2.2260771809659095
242							S01013723			57.150326627797476	-2.185512140734848
243							S01013724			57.184251735959144	-2.1756238799147
244							S01013725			57.17784791530687	-2.168332406787808
245							S01013726			57.17812426863942	-2.163074075709211
246							S01013727			57.176842137542685	-2.161182917515158
247							S01013728			57.17539508550784	-2.181601943617827
248							S01013729			57.17331669936649	-2.1898939827032136
249							S01013730			57.17225552762819	-2.1906658329359248
250							S01013731			57.187973000818396	-2.180323581571597
251							S01013732			57.18346201026234	-2.181442927261651
252							S01013733			57.179982400358774	-2.1836589015299155
253							S01013734			57.176711275074176	-2.1905563803681454
254							S01013735			57.179568831013526	-2.1899258974305713
255							S01013736			57.18163200895252	-2.1918387502041523
256							S01013737			57.198279561140566	-2.182065374393286
257							S01013738			57.19935493586698	-2.1798332394163342
258							S01013739			57.20798066903958	-2.1783191702560782
259							S01013740			57.210968752969485	-2.180584972698116
260							S01013741			57.20961342292996	-2.186008068021169
261							S01013742			57.209257291295636	-2.183837734942114
262							S01013743			57.20534423111863	-2.1875755789765794
263							S01013744			57.202295911741444	-2.183587987816643
264							S01013745			57.21258945123101	-2.1902280506054095
265							S01013746			57.17610268755716	-2.123702683267872
266							S01013747			57.18232153338327	-2.1385450516141105
267							S01013748			57.18061871770547	-2.134883073218908
268							S01013749			57.17811853589416	-2.1290518401632905
269							S01013750			57.183855621190936	-2.1320330613712675
270							S01013751			57.183625509904175	-2.145249622524554
271							S01013752			57.19212770948102	-2.177034763166234
272							S01013753			57.19200548122272	-2.129795332897094
273							S01013754			57.200043160146	-2.1228726165093175
274							S01013755			57.194414154512216	-2.128579270991506
275							S01013756			57.195920847445755	-2.1309508469128775
276							S01013757			57.20036942888338	-2.1289805805575543
277							S01013758			57.18896534689804	-2.1247550244818973
278							S01013759			57.18561243774089	-2.12702668767036
279							S01013760			57.18809240658008	-2.1170423474196878
280							S01013761			57.18967623364052	-2.11395341765139
281							S01013762			57.193628914537015	-2.1137505096330087
282							S01013763			57.18975130146101	-2.110346786370402
283							S01013764			57.19186420333999	-2.1181629065342085
284							S01013765			57.19471991481443	-2.1190821429811524
285							S01013766			57.1791378689481	-2.1153764653255425
286							S01013767			57.18184612601616	-2.110521646152746
287							S01013768			57.18610071192849	-2.1142897883733935
288							S01013769			57.18402601215075	-2.1138863363702685
289							S01013770			57.17949503122754	-2.096570821398832
290							S01013771			57.17972527578386	-2.100805867411653
291							S01013772			57.1849445315095	-2.100654687793543
292							S01013773			57.182840071767394	-2.0920800960316592
293							S01013774			57.18200255936035	-2.094906655277397
294							S01013775			57.177964325762666	-2.089256132276912
295							S01013776			57.19990847045407	-2.1027146282472353
296							S01013777			57.19618954102799	-2.1027042704660657
297							S01013778			57.19169304279159	-2.0977113646114196
298							S01013779			57.2010809006022	-2.09682598271995
299							S01013780			57.20231403807485	-2.104972218283974
300							S01013781			57.20313528998149	-2.1002905728673498
301							S01013782			57.04708841057978	-3.0424492544525643
302							S01013783			57.05120913861836	-3.0384600531441186
303							S01013784			57.20034285240119	-3.0431732930441013
304							S01013785			57.05445393883183	-3.0828159827347155
305							S01013786			57.00498178445535	-3.399722984041828
306							S01013787			57.072968978732156	-2.7952197581934226
307							S01013788			57.074088950870724	-2.7885800427494165
308							S01013789			57.080405994546425	-2.798232916073782
309							S01013790			57.06425037536644	-2.7759214834814774
310							S01013791			57.02177178241054	-2.627670657230855
311							S01013792			57.07700400510295	-2.767610092461102
312							S01013793			57.02956886583429	-2.5156119478693695
313							S01013794			56.83662960555109	-2.466164798688739
314							S01013795			56.83271314470682	-2.4779478279248788
315							S01013796			56.828744747323086	-2.4749969777690692
316							S01013797			56.83324256740161	-2.4710225982204
317							S01013798			56.83203353240149	-2.465239130838514
318							S01013799			56.85314849082061	-2.574375324232398
319							S01013800			56.79183858762505	-2.3927309791301576
320							S01013801			56.79673735526821	-2.51768327723691
321							S01013802			56.81444769589838	-2.621219253515007
322							S01013803			56.77316831357768	-2.415654739494957
323							S01013804			56.774661339975744	-2.4178310359501123
324							S01013805			56.796967533508486	-2.334304326866949
325							S01013806			56.87592667891243	-2.490984730226275
326							S01013807			56.901141438191964	-2.4483343570100065
327							S01013808			56.87293238867587	-2.4121842792560115
328							S01013809			56.82980777577231	-2.2848321447954762
329							S01013810			56.842362365109416	-2.2866651127273343
330							S01013811			56.84472389189721	-2.28319152202999
331							S01013812			56.84339242417332	-2.280050552731205
332							S01013813			56.8744787325818	-2.2438129951350563
333							S01013814			56.91830860270428	-2.3528971417522824
334							S01013815			56.9267341143716	-2.243972219711053
335							S01013816			57.02098274812466	-2.1633577769080055
336							S01013817			57.0385682955418	-2.1970336111130617
337							S01013818			57.03341028202931	-2.1738743719411864
338							S01013819			57.069018731289994	-2.138173245041775
339							S01013820			56.99096067890955	-2.2676947991291927
340							S01013821			56.96146566154916	-2.223512355980309
341							S01013822			56.96398715065644	-2.225073266416117
342							S01013823			56.961773271625184	-2.232163746903144
343							S01013824			56.96641421160951	-2.2339852038531833
344							S01013825			56.964568308387356	-2.221590375445456
345							S01013826			56.960703636478755	-2.207047946275003
346							S01013827			56.95686206644582	-2.215691438047537
347							S01013828			56.97054066663682	-2.232300470546656
348							S01013829			56.96947620877065	-2.2249089653156853
349							S01013830			56.96681821900323	-2.2192683533803486
350							S01013831			56.966844205072555	-2.214663579633483
351							S01013832			56.9748554462912	-2.2258625424499687
352							S01013833			56.966350280738915	-2.209299374397934
353							S01013834			56.973125245371705	-2.2136304703323524
354							S01013835			56.973014472756425	-2.2304571216829996
355							S01013836			56.96881617374315	-2.236927835619311
356							S01013837			57.03272675287448	-2.1464232519090203
357							S01013838			57.0288468621117	-2.160394067861372
358							S01013839			57.03220812136897	-2.151956803608067
359							S01013840			57.03658483501817	-2.1503599821762016
360							S01013841			57.06145707908787	-2.1362816954662396
361							S01013842			57.059267555668946	-2.1422748617390632
362							S01013843			57.05732787755301	-2.1416903469703015
363							S01013844			57.053562443939	-2.1430440679423275
364							S01013845			57.054913331864796	-2.1399995735514357
365							S01013846			57.05624085184828	-2.133558735950634
366							S01013847			57.0844826310036	-2.1163546974106646
367							S01013848			57.102580878768165	-2.1524112253997165
368							S01013849			57.07520065407982	-2.128184557854998
369							S01013850			57.07358223528779	-2.138058442195796
370							S01013851			57.07002874585188	-2.1345653364868302
371							S01013852			57.07252979839627	-2.1309955312671964
372							S01013853			57.06622687619689	-2.1279224112775794
373							S01013854			57.06250513044078	-2.1306135724606357
374							S01013855			57.05634768320486	-2.116463658604143
375							S01013856			57.08382357943557	-2.234444158597023
376							S01013857			57.08135658421371	-2.345849141855445
377							S01013858			57.052458446170824	-2.351976295974654
378							S01013859			57.17385454242348	-2.4169009381724122
379							S01013860			57.11696154019675	-2.3871992655520513
380							S01013861			57.159284175520995	-2.5268556444395025
381							S01013862			57.05766962063923	-2.4860949735214106
382							S01013863			57.0552331850616	-2.488915107337504
383							S01013864			57.05981820973849	-2.473955202751994
384							S01013865			57.05272135268395	-2.485717032845666
385							S01013866			57.057439825656765	-2.4757548814614445
386							S01013867			57.06104434003788	-2.4798736027474044
387							S01013868			57.05143330482421	-2.5025302996262075
388							S01013869			57.0544492773558	-2.498631102710027
389							S01013870			57.0541876943347	-2.5100518072747877
390							S01013871			57.058290886327995	-2.494907140245788
391							S01013872			57.106026630959164	-2.6221609540087796
392							S01013873			57.10241763866838	-2.6198886017336656
393							S01013874			57.05756150704281	-2.416289337977689
394							S01013875			57.06278853737683	-2.543312627267602
395							S01013876			57.10546888216651	-2.6401619001699004
396							S01013877			57.12934559790636	-2.8609512768870196
397							S01013878			57.129378516606955	-2.68999843763258
398							S01013879			57.177991698430674	-2.7517069097426394
399							S01013880			57.27651820081026	-2.8869228277392756
400							S01013881			57.141945905133454	-2.9010685318359624
401							S01013882			57.18932243356851	-2.4985110273069417
402							S01013883			57.20566022157429	-2.6380385504826775
403							S01013884			57.23532998236531	-2.707101496834736
404							S01013885			57.232519672739365	-2.693961472174779
405							S01013886			57.23363664728864	-2.712668158614783
406							S01013887			57.22729645480619	-2.526467172035089
407							S01013888			57.22925253501074	-2.696715856179648
408							S01013889			57.2308734133026	-2.676273227669216
409							S01013890			57.308263331106986	-2.625771460381613
410							S01013891			57.23827716321686	-2.4492216619621536
411							S01013892			57.233758893241756	-2.4491501236752775
412							S01013893			57.23391189824089	-2.4388981107208263
413							S01013894			57.2361729273471	-2.4371027029184162
414							S01013895			57.23909664781679	-2.4461335009385294
415							S01013896			57.282427711029044	-2.390228841456492
416							S01013897			57.29102184988391	-2.3851766709181317
417							S01013898			57.28666073259008	-2.389543741895963
418							S01013899			57.2900602608684	-2.3911391709077
419							S01013900			57.289270581273875	-2.3994590035704397
420							S01013901			57.29451825520927	-2.401739273001122
421							S01013902			57.293992901784065	-2.397452759480756
422							S01013903			57.293130322947306	-2.394672625313232
423							S01013904			57.27858949760136	-2.385229229505043
424							S01013905			57.270471845273086	-2.3693418144992773
425							S01013906			57.27677723779184	-2.372556238184761
426							S01013907			57.27860395298016	-2.374498630894277
427							S01013908			57.28157449041627	-2.381395725494094
428							S01013909			57.284186716805394	-2.3760151361633284
429							S01013910			57.287240390332386	-2.3821345169724233
430							S01013911			57.280571495446004	-2.4409131290644552
431							S01013912			57.28902155780967	-2.4070876895567244
432							S01013913			57.295539818599146	-2.3703400903698713
433							S01013914			57.28260785407659	-2.4042965850643565
434							S01013915			57.29480745191248	-2.4039990158133397
435							S01013916			57.29452747774916	-2.3601255256397313
436							S01013917			57.29487933961915	-2.36271742600511
437							S01013918			57.254703207342764	-2.429830532860653
438							S01013919			57.305854661230626	-2.4716058980394147
439							S01013920			57.34409972262073	-2.47505349557105
440							S01013921			57.34432686861541	-2.541166709506685
441							S01013922			57.22822205745534	-2.348265394150006
442							S01013923			57.23248745862877	-2.355229546442701
443							S01013924			57.233880098766264	-2.345485871723391
444							S01013925			57.234806250610056	-2.34188318324902
445							S01013926			57.23536323772929	-2.354809859900769
446							S01013927			57.216582144785484	-2.375542178496961
447							S01013928			57.23841482228725	-2.3493552613461923
448							S01013929			57.26894115736637	-2.303680768827947
449							S01013930			57.20748192751265	-2.2874193719492713
450							S01013931			57.20731933583905	-2.2916888523407355
451							S01013932			57.21151969134328	-2.289420659067846
452							S01013933			57.21105637626687	-2.2838380375582434
453							S01013934			57.204065196679	-2.2848770840348003
454							S01013935			57.20553849727261	-2.3183905561724107
455							S01013936			57.16244083677599	-2.283599524749099
456							S01013937			57.1585391773643	-2.2769074540392653
457							S01013938			57.14154075812905	-2.3231295079232472
458							S01013939			57.15794763215751	-2.3035348582640496
459							S01013940			57.15749420788897	-2.28225572276213
460							S01013941			57.158546598425836	-2.3120533762050197
461							S01013942			57.15572351709269	-2.274621747996536
462							S01013943			57.15304068731013	-2.273196879232851
463							S01013944			57.150899585290865	-2.2866845673574705
464							S01013945			57.15257161000116	-2.2977717896086935
465							S01013946			57.15606919230745	-2.2925928848009276
466							S01013947			57.15476064936257	-2.2874087194520314
467							S01013948			57.15084975487968	-2.292716893682433
468							S01013949			57.15388619674684	-2.303997392918077
469							S01013950			57.14838410013888	-2.3021342180995155
470							S01013951			57.15100334175101	-2.3110641719885407
471							S01013952			57.15045631387777	-2.3070268173746125
472							S01013953			57.1552507127923	-2.300636519795563
473							S01013954			57.27183251374298	-2.170833241324658
474							S01013955			57.26813387321909	-2.1940451430340238
475							S01013956			57.265121211364786	-2.190381998560332
476							S01013957			57.238658514418994	-2.2421505126045
477							S01013958			57.26073624205842	-2.1589461677637067
478							S01013959			57.26347666822556	-2.184803280110281
479							S01013960			57.23761054955824	-2.161845633770313
480							S01013961			57.251462913517464	-2.0581440386839134
481							S01013962			57.230017269104074	-2.0936386449395905
482							S01013963			57.217932349558076	-2.0705431512839985
483							S01013964			57.24801503909895	-2.0547084227341843
484							S01013965			57.24783393114071	-2.057922962616014
485							S01013966			57.24851763185571	-2.087305188159565
486							S01013967			57.36745716608031	-2.059440274445623
487							S01013968			57.369240041790874	-2.0686042231032213
488							S01013969			57.365399660617825	-2.0767928116930046
489							S01013970			57.3734526997186	-2.069044459396378
490							S01013971			57.37218038067776	-2.062923107637933
491							S01013972			57.36051532221334	-2.072992660131897
492							S01013973			57.35964668511179	-2.0830969385641085
493							S01013974			57.36001010995358	-2.0901454566335937
494							S01013975			57.36162816035706	-2.088520439651281
495							S01013976			57.369541729153674	-2.100726675967913
496							S01013977			57.37284042577088	-2.0981584902544714
497							S01013978			57.37131120273793	-2.089009519658953
498							S01013979			57.37373481340989	-2.091409886749657
499							S01013980			57.37235240904315	-2.0766079213866644
500							S01013981			57.36508940634562	-2.084322925160359
501							S01013982			57.3036829983022	-2.0517362768199785
502							S01013983			57.316251617100235	-2.005948981137028
503							S01013984			57.3220725431318	-2.0039572671571717
504							S01013985			57.41743947783081	-1.973401707205311
505							S01013986			57.39667153430255	-2.0981892636640076
506							S01013987			57.3570495737553	-2.021129396459788
507							S01013988			57.42451480472204	-2.240414622047951
508							S01013989			57.370839182917045	-2.223136957192403
509							S01013990			57.38346797649364	-2.1909800235412242
510							S01013991			57.31022008688952	-2.1538801586242644
511							S01013992			57.338749928065845	-2.18013163812582
512							S01013993			57.340109664046935	-2.1840091647319477
513							S01013994			57.326666197562695	-2.199369222122276
514							S01013995			57.3345185110309	-2.3272794631189773
515							S01013996			57.33156798312265	-2.3184005683323226
516							S01013997			57.33692923674277	-2.3225001820575897
517							S01013998			57.34152521659007	-2.3202311790916506
518							S01013999			57.33759399018484	-2.3153961539619297
519							S01014000			57.324043788697544	-2.298773513954481
520							S01014001			57.34476428164252	-2.4194346538324236
521							S01014002			57.33803577605964	-2.3739074172801167
522							S01014003			57.431993409977714	-2.389337924520889
523							S01014004			57.38347680252875	-2.3229254693990637
524							S01014005			57.46738289548989	-2.3268495979596664
525							S01014006			57.424797918835814	-2.374625040857835
526							S01014007			57.402347296407555	-2.466986975185339
527							S01014008			57.41238536540321	-2.4633693759407405
528							S01014009			57.3456331470857	-2.609126291992422
529							S01014010			57.36546416525395	-2.6134778370012706
530							S01014011			57.43688348617644	-2.579959993459655
531							S01014012			57.34288413324936	-2.618384764250225
532							S01014013			57.33779039182947	-2.612966795912121
533							S01014014			57.4513928123381	-2.8051161270974743
534							S01014015			57.43748898401346	-2.7171255384776343
535							S01014016			57.350424282086564	-2.7438768864118526
536							S01014017			57.26326413845098	-2.707686396026016
537							S01014018			57.33335520474249	-2.834340979126656
538							S01014019			57.48990522082761	-2.8591109658997627
539							S01014020			57.44924917314932	-2.793271662179574
540							S01014021			57.4480646307126	-2.7801327306137806
541							S01014022			57.44362110732458	-2.785436077631158
542							S01014023			57.44507986400373	-2.7906155995023214
543							S01014024			57.44697579435419	-2.797654502020495
544							S01014025			57.55077533136644	-2.3935118542538025
545							S01014026			57.544085442308585	-2.476366752950559
546							S01014027			57.489042216242325	-2.6313128277461404
547							S01014028			57.46156244472731	-2.483309423773292
548							S01014029			57.54051326815339	-2.4659636177554334
549							S01014030			57.54273353446989	-2.470385401651679
550							S01014031			57.54089682087548	-2.4618091690262465
551							S01014032			57.53810686235155	-2.4583497569430794
552							S01014033			57.538979029742656	-2.450627074395881
553							S01014034			57.537272184496274	-2.443056439713596
554							S01014035			57.65798182518606	-2.702048812154517
555							S01014036			57.61769300732195	-2.704050887421396
556							S01014037			57.681899267147216	-2.696088315265009
557							S01014038			57.68063778774513	-2.6886020883698327
558							S01014039			57.67672992908286	-2.577448177543522
559							S01014040			57.66349261499295	-2.584645841506181
560							S01014041			57.5819142280316	-2.636617256132353
561							S01014042			57.562781013547124	-2.6240815688680152
562							S01014043			57.56052144995175	-2.6304942619996248
563							S01014044			57.66638427298067	-2.5211311377504515
564							S01014045			57.66626381159176	-2.537036431097661
565							S01014046			57.666977469894874	-2.5275428201365506
566							S01014047			57.66404013481344	-2.5297125867573826
567							S01014048			57.661761695956535	-2.528975451576454
568							S01014049			57.664636879780886	-2.4909193387020165
569							S01014050			57.670264999423665	-2.4942140828254113
570							S01014051			57.671041768230666	-2.48616115761996
571							S01014052			57.66632649031579	-2.488360834886176
572							S01014053			57.66841814134462	-2.497893515362082
573							S01014054			57.54350063621311	-2.3306719018792057
574							S01014055			57.631053768558374	-2.4618479499035235
575							S01014056			57.6712045440357	-2.333459814872138
576							S01014057			57.62528841593987	-2.326107535979247
577							S01014058			57.657265848095506	-2.195317814185331
578							S01014059			57.574214637706085	-2.222676657218921
579							S01014060			57.542317086805426	-2.3121690281638014
580							S01014061			57.5919146808195	-2.198329602442923
581							S01014062			57.51289406597318	-2.1938761676043663
582							S01014063			57.52208213145414	-2.132384730423264
583							S01014064			57.54862985990238	-2.023898402905047
584							S01014065			57.52680585987634	-2.16376056570039
585							S01014066			57.587457511209145	-2.090258142163096
586							S01014067			57.590957770509256	-2.1055052604598608
587							S01014068			57.53765116227949	-2.2303702280961804
588							S01014069			57.520571024764905	-1.9968337092918191
589							S01014070			57.52319393796237	-2.0002061085283858
590							S01014071			57.52198080861329	-2.0109746070000347
591							S01014072			57.52350813572041	-2.0066675048350415
592							S01014073			57.46686638051985	-2.114180577237933
593							S01014074			57.45082230624432	-2.2118763556202414
594							S01014075			57.503756988723424	-2.044309547160536
595							S01014076			57.515388055966326	-2.047695752149848
596							S01014077			57.42260911918599	-1.8851187347811682
597							S01014078			57.41999205981285	-1.8481165064940908
598							S01014079			57.41611109955403	-1.8634645105310081
599							S01014080			57.47132416844173	-1.7838482752132157
600							S01014081			57.4719177825318	-1.7790763926786408
601							S01014082			57.424565840002415	-1.9177986892905379
602							S01014083			57.49069258450181	-1.7958445842973934
603							S01014084			57.49420090766687	-1.7990448188929564
604							S01014085			57.49978120830632	-1.80038240825495
605							S01014086			57.500411011997095	-1.8068363220251968
606							S01014087			57.49659104325183	-1.8052881711456437
607							S01014088			57.501055485473536	-1.8112880695595774
608							S01014089			57.50272900660587	-1.8013508788304229
609							S01014090			57.50508562192031	-1.7976834888612552
610							S01014091			57.50221812984331	-1.7963977647999954
611							S01014092			57.513565965910736	-1.7926292081171733
612							S01014093			57.51462960168956	-1.7894182998930508
613							S01014094			57.5105774430109	-1.794265061572428
614							S01014095			57.508586560823765	-1.7907547643253467
615							S01014096			57.50657259641603	-1.7842744435829165
616							S01014097			57.508038068902216	-1.7798098132113398
617							S01014098			57.50920887703955	-1.7764314657413252
618							S01014099			57.51281085466204	-1.7868582779852773
619							S01014100			57.51651087808366	-1.8150144894231752
620							S01014101			57.51107908273268	-1.8106856877346693
621							S01014102			57.504382532464376	-1.8136572465414782
622							S01014103			57.509232467124654	-1.8132320414747
623							S01014104			57.506516329245805	-1.8109261910218601
624							S01014105			57.51435210279777	-1.8011543908704097
625							S01014106			57.51531154029013	-1.940881442785734
626							S01014107			57.49945968357543	-1.8195721449470859
627							S01014108			57.50454687886197	-1.8217498609313092
628							S01014109			57.51206458035879	-1.821296029127005
629							S01014110			57.506675485643036	-1.8492755904545315
630							S01014111			57.51455858334564	-1.8190971979536246
631							S01014112			57.562902483855744	-1.9734815474125385
632							S01014113			57.56028338460899	-1.842236406386812
633							S01014114			57.51703507830446	-1.9385750315138717
634							S01014115			57.59979608160686	-1.9171054477829375
635							S01014116			57.619797898085196	-1.9290128365638335
636							S01014117			57.67985617163319	-2.104724565862899
637							S01014118			57.68187129074752	-2.0340835448984884
638							S01014119			57.696788414351055	-2.0634216705097304
639							S01014120			57.69483875019599	-2.1148832374018833
640							S01014121			57.69791695047652	-2.1178288752183554
641							S01014122			57.67323479508076	-1.9310386120530376
642							S01014123			57.65808650855023	-1.965538204084703
643							S01014124			57.67653305194555	-1.934385661064463
644							S01014125			57.658635728601006	-1.9117606156822313
645							S01014126			57.648069139320484	-2.0407029746665253
646							S01014127			57.67927069006149	-2.0105561698008594
647							S01014128			57.688495643674145	-2.008781069097237
648							S01014129			57.68202746784235	-2.017264527091767
649							S01014130			57.67945718784435	-2.0251608891856714
650							S01014131			57.67726484671006	-2.028277976284658
651							S01014132			57.67793169091535	-2.0163236411681185
652							S01014133			57.68274481215904	-2.024559464195304
653							S01014134			57.68366015873602	-2.0285177183852023
654							S01014135			57.68977721453138	-2.027969122375069
655							S01014136			57.69192693190834	-2.0081109871165195
656							S01014137			57.68993255111864	-2.0117166283567665
657							S01014138			57.6881083445359	-2.018122821385756
658							S01014139			57.684281770837636	-2.0189258300647825
659							S01014140			57.695491854731905	-2.0176904066695895
660							S01014141			57.6930396126339	-2.0181756455384003
661							S01014142			57.69493609668143	-2.0067696883198822
662							S01014143			57.690398194558114	-2.021998499485052
663							S01014144			56.487803622400065	-3.0861883255744864
664							S01014145			56.497232368185706	-3.068119144404319
665							S01014146			56.49820864654529	-3.059033812896972
666							S01014147			56.49557057902176	-3.0533565662632287
667							S01014148			56.50681744431023	-3.0267464332445986
668							S01014149			56.52192822336278	-2.9465669749866445
669							S01014150			56.53012709098343	-3.069922630477288
670							S01014151			56.50327165540773	-3.1357587765145998
671							S01014152			56.49741702044928	-2.8996788596004293
672							S01014153			56.51039970068948	-2.8833474233757
673							S01014154			56.52028353976995	-2.8627246653459366
674							S01014155			56.53355339087008	-2.7939596383335736
675							S01014156			56.53806440054685	-2.818737417074666
676							S01014157			56.51625322842003	-2.8183480157610665
677							S01014158			56.49037263750524	-2.8287199619975945
678							S01014159			56.48684890012225	-2.835706889529722
679							S01014160			56.50683851864672	-2.7164391102773706
680							S01014161			56.50445068043487	-2.7584708788748435
681							S01014162			56.47609130709943	-2.838879529492363
682							S01014163			56.47939868391446	-2.829341149294113
683							S01014164			56.480555317688946	-2.8296911019264424
684							S01014165			56.48294627078679	-2.8375532646604587
685							S01014166			56.48457894419417	-2.827197170247029
686							S01014167			56.48470832259424	-2.8212407777114183
687							S01014168			56.48720846353993	-2.82897571992429
688							S01014169			56.48733776209895	-2.8216873357259553
689							S01014170			56.48641512960156	-2.8103330472463313
690							S01014171			56.48643028973027	-2.814880090965667
691							S01014172			56.48079508729694	-2.8165614636362184
692							S01014173			56.48300335561602	-2.8113644093926684
693							S01014174			56.49923115090227	-2.7435686739876917
694							S01014175			56.49773616021745	-2.7411679307386434
695							S01014176			56.496994811298585	-2.7359070789590327
696							S01014177			56.49967179118263	-2.7283405896973383
697							S01014178			56.49729891670252	-2.7300493156934365
698							S01014179			56.50192313434752	-2.728968575314061
699							S01014180			56.49945314918274	-2.7196135198081337
700							S01014181			56.499498042641555	-2.7149524208254676
701							S01014182			56.50345344429644	-2.723848146083867
702							S01014183			56.50167524717876	-2.714424841669056
703							S01014184			56.50170569231855	-2.7091134100813843
704							S01014185			56.50321944752049	-2.6988259091935825
705							S01014186			56.50550584528198	-2.6980394241194676
706							S01014187			56.508558421797204	-2.701588771032488
707							S01014188			56.50668193959468	-2.712423198253546
708							S01014189			56.58611537047681	-2.7084303717451608
709							S01014190			56.57160612094012	-2.6228618887011836
710							S01014191			56.5631633135127	-2.618834179108799
711							S01014192			56.58859065869563	-2.5962427425299617
712							S01014193			56.57489864909632	-2.603774762242901
713							S01014194			56.57202606794881	-2.601450438366303
714							S01014195			56.56326983538394	-2.613661566234981
715							S01014196			56.5636057433684	-2.6074674977621717
716							S01014197			56.560548926022896	-2.6097614326427134
717							S01014198			56.56074512990163	-2.6137020336204744
718							S01014199			56.55499179069889	-2.6216452693522205
719							S01014200			56.55684139588283	-2.605504456630679
720							S01014201			56.55626939636947	-2.5956041541497332
721							S01014202			56.56179671062919	-2.595154072199952
722							S01014203			56.56477377172566	-2.5944523101248427
723							S01014204			56.56043890863893	-2.5916509584877065
724							S01014205			56.55728498662039	-2.5898772524473554
725							S01014206			56.55809731474885	-2.585285748341154
726							S01014207			56.56053872537245	-2.581939261853941
727							S01014208			56.5581836249133	-2.57837271762116
728							S01014209			56.56321880030514	-2.5794095522674145
729							S01014210			56.56391655324455	-2.5703569719738777
730							S01014211			56.56697576212934	-2.5771237005718004
731							S01014212			56.56986672896997	-2.5755891495636902
732							S01014213			56.572750945807016	-2.573566005340283
733							S01014214			56.56742602924909	-2.5730134790455694
734							S01014215			56.56710879688554	-2.5657835314817805
735							S01014216			56.569826068587076	-2.5668493705157407
736							S01014217			56.567714323838004	-2.56300988523027
737							S01014218			56.565184393427444	-2.5855579077829787
738							S01014219			56.5660971533444	-2.584416663335936
739							S01014220			56.568274636253726	-2.5837016683906016
740							S01014221			56.56930512509467	-2.5918544785406685
741							S01014222			56.57155392565108	-2.5836708143100093
742							S01014223			56.574501977899466	-2.5833907125774593
743							S01014224			56.57493052184909	-2.5971833293004765
744							S01014225			56.63509748440699	-2.5459837479140384
745							S01014226			56.69425079424395	-2.4795548661400844
746							S01014227			56.698913419763755	-2.4771974420247647
747							S01014228			56.70862329630029	-2.4705093105911646
748							S01014229			56.71098309942169	-2.466504130615115
749							S01014230			56.707224184102834	-2.462684662131605
750							S01014231			56.71033502880433	-2.4595866720104564
751							S01014232			56.712430304098866	-2.4590241665863135
752							S01014233			56.71504239531418	-2.4596114370219873
753							S01014234			56.714823306991235	-2.465391807390344
754							S01014235			56.715257227639604	-2.469464942733227
755							S01014236			56.72019741199081	-2.4649026837873995
756							S01014237			56.71992715437888	-2.4698989114611143
757							S01014238			56.72391778842087	-2.4717951148550115
758							S01014239			56.72598147726365	-2.4677030224160057
759							S01014240			56.72874700783591	-2.4680968834370116
760							S01014241			56.7240730419767	-2.478218750312923
761							S01014242			56.731210286627906	-2.4676371924615936
762							S01014243			56.7440076840371	-2.473599944766246
763							S01014244			56.741681024939055	-2.4829543345723843
764							S01014245			56.76209634288981	-2.5068193799979857
765							S01014246			56.63600694094031	-2.663847379187603
766							S01014247			56.63887901482942	-2.660995732683199
767							S01014248			56.724927244866365	-2.786191270594487
768							S01014249			56.710330167015954	-2.5983969841677834
769							S01014250			56.75275557070321	-2.6865120033649976
770							S01014251			56.72692777473423	-2.6426210996192623
771							S01014252			56.72769697828658	-2.6467524897389008
772							S01014253			56.7282337750142	-2.652350844111974
773							S01014254			56.73158034607329	-2.6480286879608173
774							S01014255			56.735734238938036	-2.645648355371158
775							S01014256			56.731517459175805	-2.6583078492685512
776							S01014257			56.73437038894955	-2.6607440942766676
777							S01014258			56.73834580507654	-2.6581820333454353
778							S01014259			56.7390454101473	-2.6651580763008944
779							S01014260			56.73549831735602	-2.668233755768759
780							S01014261			56.57636021733732	-2.879823310657736
781							S01014262			56.622031577627446	-2.787945916647512
782							S01014263			56.62663429219331	-2.7746116060585653
783							S01014264			56.6292126661361	-2.765911379983926
784							S01014265			56.63227964047707	-2.8524347783054775
785							S01014266			56.65904192204407	-2.8552245218722523
786							S01014267			56.652842100978276	-2.9049113970870315
787							S01014268			56.60577534448227	-3.0065097192472434
788							S01014269			56.648938392887146	-2.901833475738051
789							S01014270			56.650278689209124	-2.891623424650139
790							S01014271			56.64952624707695	-2.885016981252349
791							S01014272			56.64757600767952	-2.8800463604067206
792							S01014273			56.65230146394105	-2.8749698968582145
793							S01014274			56.65033571373508	-2.8683029437336436
794							S01014275			56.64778907583598	-2.866320104701943
795							S01014276			56.64636465588957	-2.872174366191763
796							S01014277			56.64320965734482	-2.873683236116276
797							S01014278			56.64393449003552	-2.8804670658912896
798							S01014279			56.645886338672724	-2.8852089674580492
799							S01014280			56.64105985728977	-2.8842317786481226
800							S01014281			56.64002457616243	-2.892082650951247
801							S01014282			56.63668551776572	-2.8904061529705687
802							S01014283			56.63380320637309	-2.897690412350853
803							S01014284			56.63700891991183	-2.8979132626745923
804							S01014285			56.63650751872368	-2.9026455383303373
805							S01014286			56.64018359927736	-2.9049018368036275
806							S01014287			56.640924908061365	-2.896816025508895
807							S01014288			56.55805284233142	-3.144298526134157
808							S01014289			56.56821900347299	-3.1250928837372043
809							S01014290			56.637922300388965	-3.1158692514876973
810							S01014291			56.6620905437388	-3.0379636055060817
811							S01014292			56.67963948563238	-3.0136367441946836
812							S01014293			56.6684846778365	-3.0054560616227475
813							S01014294			56.67077751208273	-3.009661935953026
814							S01014295			56.67365384656881	-3.0150100352736953
815							S01014296			56.67354945119962	-3.005737838283333
816							S01014297			56.67464005825106	-2.9952406393509485
817							S01014298			56.678072249006995	-3.00860033394765
818							S01014299			56.68250122027051	-3.004180852874928
819							S01014300			56.68476647902808	-3.0062490121948864
820							S01014301			56.704478405143355	-3.173501003952754
821							S01014302			56.72356769567137	-2.985028630089061
822							S01014303			56.70907539521266	-2.8484206764765045
823							S01014304			56.8049526161077	-2.7605504584069687
824							S01014305			56.80950643270255	-2.6563657408951924
825							S01014306			56.51737455160377	-6.899958057232483
826							S01014307			56.585246315527485	-6.179445906901405
827							S01014308			56.62253759355239	-6.070410398913748
828							S01014309			56.33372463115967	-6.349689407739395
829							S01014310			56.47942046277879	-5.715844674606371
830							S01014311			56.40600692571093	-5.487345649752369
831							S01014312			56.398528943130714	-5.482478287833902
832							S01014313			56.40370447887137	-5.471374606845146
833							S01014314			56.40112347558131	-5.466907767230156
834							S01014315			56.405079597303356	-5.463360170838144
835							S01014316			56.40868757819357	-5.462293735587107
836							S01014317			56.40846741697751	-5.465987212299689
837							S01014318			56.410816233396126	-5.4745690905276865
838							S01014319			56.41490056971045	-5.4703032564497915
839							S01014320			56.42057357943552	-5.463553358639318
840							S01014321			56.419617164451175	-5.471706547971735
841							S01014322			56.42327776997766	-5.474538755359932
842							S01014323			56.50655273659711	-5.381916354105705
843							S01014324			56.55544375919586	-5.402836488659928
844							S01014325			56.459942278908144	-5.382476410237392
845							S01014326			56.454191115222876	-5.389627629129953
846							S01014327			56.446739208491316	-5.445678472633907
847							S01014328			56.432215560614424	-5.234340264360635
848							S01014329			56.386970632342944	-5.434065400471619
849							S01014330			56.40680616137268	-4.978525199764358
850							S01014331			56.25823300261154	-5.477672855949757
851							S01014332			56.28678837220029	-5.6084564148014096
852							S01014333			56.22595655135902	-5.079937928099507
853							S01014334			56.11459521180988	-5.254743994450426
854							S01014335			56.178752616642534	-5.541058492755559
855							S01014336			56.08143628191267	-5.450307617455309
856							S01014337			56.041807388415876	-5.436405879907232
857							S01014338			56.03691103071505	-5.431441395469082
858							S01014339			56.03606315170532	-5.424107399909723
859							S01014340			56.021364157647334	-5.448906641413686
860							S01014341			56.01523301371294	-5.449531096300581
861							S01014342			56.025151585599716	-5.565980086171289
862							S01014343			55.7902170129834	-5.4992620724789685
863							S01014344			55.86221261051088	-5.415668877968589
864							S01014345			55.86262639315091	-5.411452694834298
865							S01014346			55.8764550979084	-5.90479678938222
866							S01014347			55.74309808433651	-6.379075978297925
867							S01014348			55.792774361908315	-6.2240724155446925
868							S01014349			55.756606910659954	-6.285371685144991
869							S01014350			55.62959447255884	-6.186230826148355
870							S01014351			55.60089852080598	-5.684218386387466
871							S01014352			55.586370459655086	-5.494239674830466
872							S01014353			55.414852350342876	-5.694126940038763
873							S01014354			55.32697901457603	-5.611037412542466
874							S01014355			55.42932421690697	-5.601868822907158
875							S01014356			55.42968857460783	-5.608717249619688
876							S01014357			55.42984816221679	-5.615483832787218
877							S01014358			55.42503159992573	-5.605951991216169
878							S01014359			55.422553795779265	-5.60947281760355
879							S01014360			55.418114594835366	-5.6121183865893105
880							S01014361			55.41939482818164	-5.602260248042493
881							S01014362			55.85905979076494	-5.080786838896779
882							S01014363			55.855863981911234	-5.064423673421877
883							S01014364			55.8433300523101	-5.03081171170046
884							S01014365			55.82334543762823	-5.029032645868514
885							S01014366			55.84190354576582	-5.063691753645449
886							S01014367			55.83695314579821	-5.062135934566613
887							S01014368			55.83607737590994	-5.0575943262909675
888							S01014369			55.83398026399956	-5.062029842403212
889							S01014370			55.83038583387935	-5.053665464818745
890							S01014371			55.83428287222325	-5.051671068425377
891							S01014372			55.836918922927495	-5.052309057168355
892							S01014373			55.89180910364013	-5.245743103028393
893							S01014374			56.033780631374846	-5.212060702336669
894							S01014375			55.87314754139084	-4.977110420551589
895							S01014376			55.891612325227214	-4.961808987906746
896							S01014377			56.06211214916177	-4.932301890543031
897							S01014378			55.98622311761284	-4.9063290113056945
898							S01014379			56.167146134528046	-5.066314428826341
899							S01014380			55.98757699012098	-4.958194860085088
900							S01014381			55.97922815519073	-4.936329907323356
901							S01014382			55.968606068738346	-4.911226219778208
902							S01014383			55.960290594126654	-4.917331879168394
903							S01014384			55.95617871789139	-4.918256139861635
904							S01014385			55.961112235688816	-4.922105067622637
905							S01014386			55.96126938657527	-4.9275974837880465
906							S01014387			55.95472975814282	-4.92401119946654
907							S01014388			55.95220922713376	-4.924542010338408
908							S01014389			55.9551591672353	-4.935051062011363
909							S01014390			55.9522455849908	-4.932459264558417
910							S01014391			55.94885061605214	-4.929318849154977
911							S01014392			55.947033475404886	-4.931264015217919
912							S01014393			55.943722730727416	-4.936283533187014
913							S01014394			55.98569367505149	-4.823565199975173
914							S01014395			55.98647137049368	-4.843296938210911
915							S01014396			56.003943947133266	-4.853083568870303
916							S01014397			56.01095002390244	-4.799608626368476
917							S01014398			56.02372781011255	-4.8179329081760445
918							S01014399			56.08600549641598	-4.8334310473070525
919							S01014400			56.08118536579508	-4.831180120133446
920							S01014401			56.03144383157651	-4.7936768377114385
921							S01014402			56.019940180339944	-4.779284104091653
922							S01014403			56.01773731256038	-4.772128891745272
923							S01014404			56.01091906878727	-4.755515101587666
924							S01014405			56.00680874286345	-4.752815839262343
925							S01014406			56.01415439499564	-4.743855612183035
926							S01014407			56.016231846494776	-4.7328826583138985
927							S01014408			56.0133888369019	-4.722444725907437
928							S01014409			56.01036585549351	-4.7095249487985384
929							S01014410			56.00715084809921	-4.710214178320377
930							S01014411			56.0093582519098	-4.716914697372306
931							S01014412			56.01203549132362	-4.723488641829204
932							S01014413			56.00643266702845	-4.735799886796619
933							S01014414			56.00509008601137	-4.74362972849601
934							S01014415			56.00416011151527	-4.736136463995881
935							S01014416			56.003096262272585	-4.727767907275551
936							S01014417			56.00598308575759	-4.724041083200823
937							S01014418			56.005024736383085	-4.711252325267155
938							S01014419			56.00274710724914	-4.712231616808742
939							S01014420			56.00156128212559	-4.717506017104907
940							S01014421			55.999317946056436	-4.712440347441686
941							S01014422			55.99505669974441	-4.709206744625449
942							S01014423			55.99723112488988	-4.703921873238644
943							S01014424			55.999638815040306	-4.7097040145124955
944							S01014425			56.19601427514882	-4.74634077478905
945							S01014426			56.045710510437594	-4.6536144836596005
946							S01014427			55.979515711314875	-4.676730012275998
947							S01014428			55.960057590267155	-4.648386696379074
948							S01014429			55.96572102765015	-4.652107191165438
949							S01014430			55.96657442745256	-4.657966939837675
950							S01014431			55.878146143766685	-3.3464258144948063
951							S01014432			55.876445365086276	-3.340069306567592
952							S01014433			55.88092551584648	-3.33627524657675
953							S01014434			55.8796813403863	-3.34078825598077
954							S01014435			55.88085820768583	-3.342459369854895
955							S01014436			55.88175258765236	-3.344488498675172
956							S01014437			55.88684850980279	-3.346855101016828
957							S01014438			55.8897923969771	-3.348051438763616
958							S01014439			55.89151713761117	-3.330691075622426
959							S01014440			55.8922271513882	-3.340613368302883
960							S01014441			55.909380411527536	-3.3206807161656515
961							S01014442			55.89942156318949	-3.314232823736286
962							S01014443			55.89631285968134	-3.315886813059371
963							S01014444			55.8956440915454	-3.3262907322428785
964							S01014445			55.893093093183566	-3.3220301386815674
965							S01014446			55.89823256952631	-3.310290377649231
966							S01014447			55.897688379803036	-3.2997489374437805
967							S01014448			55.90198948040668	-3.3025798685374967
968							S01014449			55.90132087535724	-3.297823205630289
969							S01014450			55.910559938661216	-3.293364608051588
970							S01014451			55.9097180308224	-3.2879614011185256
971							S01014452			55.90857996916629	-3.282500638839147
972							S01014453			55.90507184433549	-3.282864662710884
973							S01014454			55.903303506067545	-3.286996922625581
974							S01014455			55.898935303461414	-3.254914012272869
975							S01014456			55.90081625636923	-3.2599008505528126
976							S01014457			55.90160281220799	-3.2559118128067577
977							S01014458			55.903944632880474	-3.268511740076751
978							S01014459			55.905786966625534	-3.264988813118562
979							S01014460			55.90846353826833	-3.2677155106717612
980							S01014461			55.90655874890661	-3.237676422657509
981							S01014462			55.91056756154254	-3.2482346525838586
982							S01014463			55.905544359692655	-3.246489725549731
983							S01014464			55.911071268984344	-3.2622812445740834
984							S01014465			55.91728127557465	-3.262179113419828
985							S01014466			55.91081762201439	-3.2746875202331602
986							S01014467			55.91296807233081	-3.2717983159453023
987							S01014468			55.912730327378924	-3.2817258315565088
988							S01014469			55.91272234391238	-3.279037755606145
989							S01014470			55.91431605433476	-3.280450232019692
990							S01014471			55.91499853401264	-3.2933845150962298
991							S01014472			55.919104423555346	-3.2976977002545125
992							S01014473			55.91938725005522	-3.2947308803269784
993							S01014474			55.921240144241665	-3.291128176892204
994							S01014475			55.918818848600864	-3.287239341540523
995							S01014476			55.916533968941955	-3.2840435159269092
996							S01014477			55.91881456147675	-3.279894564431989
997							S01014478			55.91856164719449	-3.2756938726427327
998							S01014479			55.91716834450876	-3.274880062233748
999							S01014480			55.92117260115119	-3.273459319964404
1000							S01014481			55.924688484205426	-3.2723423670017766
1001							S01014482			55.922898037845975	-3.2777727632740543
1002							S01014483			55.92299085889239	-3.281808626231871
1003							S01014484			55.920539574169695	-3.285088135815743
1004							S01014485			55.924524301972035	-3.2838277428716776
1005							S01014486			55.92601695201531	-3.276819206839115
1006							S01014487			55.92726674355896	-3.280205413119922
1007							S01014488			55.92956581992605	-3.280329379660351
1008							S01014489			55.92921130383619	-3.2755319849795734
1009							S01014490			55.92960492584913	-3.269622812777347
1010							S01014491			55.9325817473659	-3.2693842733839626
1011							S01014492			55.932835107360845	-3.2639822192823567
1012							S01014493			55.93431900021401	-3.262109675740316
1013							S01014494			55.93642226709177	-3.2541418626439853
1014							S01014495			55.9323406287157	-3.2509665005570976
1015							S01014496			55.93189368078977	-3.2567645055651293
1016							S01014497			55.93137037787576	-3.2639824081080415
1017							S01014498			55.927617475411424	-3.265412358689023
1018							S01014499			55.928216131057944	-3.2683608848740677
1019							S01014500			55.924840739887905	-3.262792993726886
1020							S01014501			55.92100845576956	-3.265852812602253
1021							S01014502			55.922158992848416	-3.260561378509308
1022							S01014503			55.92342313908193	-3.2555613686813083
1023							S01014504			55.92818390727026	-3.252210565548317
1024							S01014505			55.92812937131212	-3.248735679027751
1025							S01014506			55.92841084415969	-3.243126921900791
1026							S01014507			55.93336822996531	-3.243430420076154
1027							S01014508			55.9312882695705	-3.2411706512387246
1028							S01014509			55.93192807081265	-3.237429653011405
1029							S01014510			55.934685685241874	-3.2375338218496585
1030							S01014511			55.934051534207136	-3.2353685931885168
1031							S01014512			55.9353552812267	-3.245078905876509
1032							S01014513			55.93655130556819	-3.2405389062657997
1033							S01014514			55.938294252352634	-3.244116656355385
1034							S01014515			55.93757442878786	-3.235304758972053
1035							S01014516			55.936526542129094	-3.2340707472796146
1036							S01014517			55.936554917482255	-3.2321346520485235
1037							S01014518			55.93827180737022	-3.230268134310487
1038							S01014519			55.9407679172798	-3.225944560762119
1039							S01014520			55.942330695010405	-3.2260099642223987
1040							S01014521			55.94363022095509	-3.2236333152451544
1041							S01014522			55.93528295009405	-3.2335349246032288
1042							S01014523			55.934461343352126	-3.231235745516486
1043							S01014524			55.931701158035914	-3.2322843768431238
1044							S01014525			55.93264167154364	-3.2307937509920244
1045							S01014526			55.93218439090267	-3.225289050563295
1046							S01014527			55.93559422672532	-3.226661465599275
1047							S01014528			55.9282510103679	-3.2313261550546937
1048							S01014529			55.92551371581235	-3.2345515875189403
1049							S01014530			55.92432644093513	-3.2435878098130098
1050							S01014531			55.922049760325045	-3.2394662085399775
1051							S01014532			55.91921715135943	-3.2450243395408696
1052							S01014533			55.916597154655875	-3.2464283838109997
1053							S01014534			55.92298208597946	-3.222645612552931
1054							S01014535			55.92373962638319	-3.2196610831322774
1055							S01014536			55.924858046826614	-3.2201443308277966
1056							S01014537			55.92487293820744	-3.210430855953861
1057							S01014538			55.922575405833065	-3.212887509750857
1058							S01014539			55.9193443779422	-3.216146680585867
1059							S01014540			55.91656393892774	-3.211051491464234
1060							S01014541			55.91511497654688	-3.219485901408789
1061							S01014542			55.917002355424046	-3.2248731375715334
1062							S01014543			55.9153774656607	-3.229221630512021
1063							S01014544			55.911402714724474	-3.2223128082948502
1064							S01014545			55.90950827138329	-3.2284760080689883
1065							S01014546			55.91125318068191	-3.2354902095115476
1066							S01014547			55.90855001778392	-3.2335486594362988
1067							S01014548			55.907034141105534	-3.2314850343238923
1068							S01014549			55.90533640503915	-3.227832263169258
1069							S01014550			55.90705555578343	-3.224831319093072
1070							S01014551			55.90932645622672	-3.225078894808399
1071							S01014552			55.90498119431767	-3.220175286121494
1072							S01014553			55.903418844783346	-3.2245887411623633
1073							S01014554			55.90143095721345	-3.2293082791480336
1074							S01014555			55.90113126670644	-3.2196865459938415
1075							S01014556			55.90348543724414	-3.217873064822985
1076							S01014557			55.90032866387991	-3.213615824388981
1077							S01014558			55.90349822264145	-3.2092842911996065
1078							S01014559			55.907858030746034	-3.212747295379506
1079							S01014560			55.910162394369074	-3.2159868025176133
1080							S01014561			55.90872380220597	-3.204184056632233
1081							S01014562			55.905680279222345	-3.1993229900257636
1082							S01014563			55.90500363243079	-3.2051243866950627
1083							S01014564			55.903520734873865	-3.203318957312599
1084							S01014565			55.90734071914518	-3.1985904587544067
1085							S01014566			55.90282103698812	-3.1949001996565776
1086							S01014567			55.90087158641713	-3.1967114742728735
1087							S01014568			55.89781041592784	-3.204709352042144
1088							S01014569			55.89864690279096	-3.1491927510380746
1089							S01014570			55.896551150245	-3.145564909648713
1090							S01014571			55.90063978064279	-3.140695533880239
1091							S01014572			55.89766195158968	-3.1372869783591026
1092							S01014573			55.90112677402542	-3.128795287202759
1093							S01014574			55.904263969330344	-3.1306137736527537
1094							S01014575			55.89808118747482	-3.1672952820437574
1095							S01014576			55.8960302319643	-3.163731136429277
1096							S01014577			55.89350236559844	-3.1573877726432
1097							S01014578			55.90569640243805	-3.1256068489703805
1098							S01014579			55.91349717548786	-3.128083059658163
1099							S01014580			55.90574976659196	-3.171588810354254
1100							S01014581			55.904218736693174	-3.170071046800557
1101							S01014582			55.900654249662786	-3.168844016573581
1102							S01014583			55.89938348211649	-3.1597537375595057
1103							S01014584			55.89708111538202	-3.1580699181422736
1104							S01014585			55.90071570797058	-3.1537639649976805
1105							S01014586			55.90396689129217	-3.1606105109940223
1106							S01014587			55.90269661866675	-3.1571497188071977
1107							S01014588			55.906158802319425	-3.154933659684788
1108							S01014589			55.90689352323616	-3.1599302884327636
1109							S01014590			55.905578751039506	-3.147782525450054
1110							S01014591			55.9026010498257	-3.1443037606365083
1111							S01014592			55.90717035583891	-3.142822986037391
1112							S01014593			55.905109161208834	-3.1402990826169694
1113							S01014594			55.904778090159226	-3.1372343891141017
1114							S01014595			55.90572093364467	-3.1294885773595964
1115							S01014596			55.908395277727685	-3.131805759542399
1116							S01014597			55.911696694241186	-3.1304143133395876
1117							S01014598			55.91484827228552	-3.1335938700236805
1118							S01014599			55.91821270590695	-3.1360922441510333
1119							S01014600			55.9169632390575	-3.139063640840573
1120							S01014601			55.91435509986394	-3.1393230117747972
1121							S01014602			55.91226411701183	-3.140013481349268
1122							S01014603			55.91422061825456	-3.1441346840363007
1123							S01014604			55.91110104880818	-3.1443145908955965
1124							S01014605			55.907806399440496	-3.1497839716160154
1125							S01014606			55.91129947600408	-3.1557747186688143
1126							S01014607			55.91407355142404	-3.1502738511226993
1127							S01014608			55.91149112406515	-3.1611876929041167
1128							S01014609			55.914095067246365	-3.1661293567893702
1129							S01014610			55.914018759051174	-3.171326691931241
1130							S01014611			55.90783544757214	-3.165797127551387
1131							S01014612			55.919389698412424	-3.1630404009111497
1132							S01014613			55.91856177718501	-3.161271493982052
1133							S01014614			55.91628729704519	-3.159491407539153
1134							S01014615			55.920125205728944	-3.1565019118723114
1135							S01014616			55.92052574218874	-3.149233183820353
1136							S01014617			55.92282043858187	-3.1517495657480707
1137							S01014618			55.92200377918222	-3.157390052475894
1138							S01014619			55.922817951759946	-3.1663277237102667
1139							S01014620			55.92700953253415	-3.184698649443298
1140							S01014621			55.929407883758415	-3.1829153510769648
1141							S01014622			55.92870316482288	-3.179564812740217
1142							S01014623			55.92880179242588	-3.176766941536613
1143							S01014624			55.92552683310997	-3.176267435036186
1144							S01014625			55.92757347899216	-3.1717682677559926
1145							S01014626			55.929215182312156	-3.170153360048282
1146							S01014627			55.93068764571354	-3.156961087166511
1147							S01014628			55.93269776115226	-3.161054733634452
1148							S01014629			55.93434887313351	-3.160335853757492
1149							S01014630			55.93415652313166	-3.1664288156404656
1150							S01014631			55.93347956831691	-3.169593810735696
1151							S01014632			55.93650951855229	-3.1722465722510047
1152							S01014633			55.93899034885077	-3.1768842388276894
1153							S01014634			55.941948524822536	-3.1747966739591753
1154							S01014635			55.94069603073066	-3.177992696861348
1155							S01014636			55.934616525716216	-3.1766553712043435
1156							S01014637			55.93390192490684	-3.179034742155757
1157							S01014638			55.93131217197875	-3.1801724177330537
1158							S01014639			55.93334177156652	-3.18217105971233
1159							S01014640			55.93000527990603	-3.1871430391990505
1160							S01014641			55.926268223552405	-3.1917017541621187
1161							S01014642			55.9339438728766	-3.195235265962712
1162							S01014643			55.938068460321475	-3.183083662943504
1163							S01014644			55.93922627525149	-3.1841596121646876
1164							S01014645			55.93843237740597	-3.1863605979485303
1165							S01014646			55.939219268662846	-3.193284676981022
1166							S01014647			55.93829371072988	-3.192359689016461
1167							S01014648			55.937119598865614	-3.1929799231654186
1168							S01014649			55.93518659232658	-3.1968103102633494
1169							S01014650			55.93676138325121	-3.195642286342706
1170							S01014651			55.93772560060779	-3.1981373586942743
1171							S01014652			55.93784767392256	-3.19666832707407
1172							S01014653			55.93891614193896	-3.1976778637598384
1173							S01014654			55.93837956544365	-3.2001907032413786
1174							S01014655			55.9355504668187	-3.2000551226364697
1175							S01014656			55.93096164647241	-3.1941989503973898
1176							S01014657			55.92490724128813	-3.200477824914371
1177							S01014658			55.92216840337325	-3.2104104286731947
1178							S01014659			55.92441849694244	-3.2063678637883237
1179							S01014660			55.927859187953686	-3.20461842434136
1180							S01014661			55.930343282170206	-3.206968443332252
1181							S01014662			55.92851967373307	-3.2087522111164506
1182							S01014663			55.92697765226392	-3.2102245198534862
1183							S01014664			55.929005202742694	-3.2114722183231614
1184							S01014665			55.93254618152051	-3.2178095044472146
1185							S01014666			55.9363563893772	-3.2177690363616844
1186							S01014667			55.93427414098257	-3.2120531153249017
1187							S01014668			55.931990492918054	-3.209436710846366
1188							S01014669			55.935763472248446	-3.2076974737918698
1189							S01014670			55.94034183946866	-3.20628709400838
1190							S01014671			55.93993260469888	-3.2095403083034757
1191							S01014672			55.937728007216414	-3.2080307870075253
1192							S01014673			55.93574002571133	-3.208257019351833
1193							S01014674			55.936569067889224	-3.210764113537502
1194							S01014675			55.93817181260894	-3.213167436462479
1195							S01014676			55.93906266434228	-3.216685299582906
1196							S01014677			55.93762130116213	-3.218881314505878
1197							S01014678			55.93715705519598	-3.2213000216456136
1198							S01014679			55.93802501408651	-3.225281538892533
1199							S01014680			55.940074195238886	-3.2261307583214043
1200							S01014681			55.93846652237735	-3.22244587088954
1201							S01014682			55.93906209390321	-3.2194708938502163
1202							S01014683			55.94267539152177	-3.223875391108292
1203							S01014684			55.9426762045021	-3.219264270241878
1204							S01014685			55.94454859865523	-3.219819460828984
1205							S01014686			55.944241612415766	-3.214510050528717
1206							S01014687			55.94074586584213	-3.216385867593367
1207							S01014688			55.93985750985546	-3.218087043472715
1208							S01014689			55.94323839845007	-3.2169283140533422
1209							S01014690			55.94416310150136	-3.211529508287792
1210							S01014691			55.94390988158995	-3.2126103574613083
1211							S01014692			55.94489346420424	-3.206684819157093
1212							S01014693			55.9486231524356	-3.2084341610224323
1213							S01014694			55.94550277437556	-3.200411158017221
1214							S01014695			55.94498761858226	-3.2034854435923
1215							S01014696			55.94349541574224	-3.2017099720197146
1216							S01014697			55.94266708974909	-3.2028050540538255
1217							S01014698			55.94210342535405	-3.2071584104657447
1218							S01014699			55.94255351952671	-3.205235136657089
1219							S01014700			55.93825467289279	-3.180527927048933
1220							S01014701			55.939356610124726	-3.17899258331615
1221							S01014702			55.94124984431488	-3.1802189255586115
1222							S01014703			55.941850975430214	-3.182190488909695
1223							S01014704			55.942853928022586	-3.180668019083616
1224							S01014705			55.94143991812135	-3.2024147826497495
1225							S01014706			55.94293246275019	-3.1986184666675617
1226							S01014707			55.94324151935504	-3.194545240211367
1227							S01014708			55.94402114096943	-3.192904085442952
1228							S01014709			55.943387553403355	-3.1849912112729575
1229							S01014710			55.94761153092578	-3.193286736234299
1230							S01014711			55.94681835037896	-3.198178120331456
1231							S01014712			55.95755794946542	-3.187714659813019
1232							S01014713			55.95082186463806	-3.1874283221954447
1233							S01014714			55.948485365154866	-3.188397629909181
1234							S01014715			55.94965311072101	-3.1856310589956034
1235							S01014716			55.9457460713194	-3.184534884323567
1236							S01014717			55.94472649510325	-3.1821660641737393
1237							S01014718			55.94403651732226	-3.179150934815815
1238							S01014719			55.94732652435302	-3.180884261677089
1239							S01014720			55.94958788058138	-3.1774301793817075
1240							S01014721			55.951419981213384	-3.178462664587694
1241							S01014722			55.956754927163146	-3.170200179454873
1242							S01014723			55.954469352418016	-3.1686577850767446
1243							S01014724			55.95489973335437	-3.1649551330254697
1244							S01014725			55.958760488325375	-3.1709494500848168
1245							S01014726			55.95794360059219	-3.1680257279314814
1246							S01014727			55.957586016899086	-3.1630818118024724
1247							S01014728			55.95648937683614	-3.1612230605170666
1248							S01014729			55.957920787442276	-3.160929583410646
1249							S01014730			55.96013602847277	-3.163270425904169
1250							S01014731			55.958433392072585	-3.1532247242059284
1251							S01014732			55.95454085084905	-3.154390163846288
1252							S01014733			55.95458095544156	-3.1491382889162574
1253							S01014734			55.95287812399586	-3.149632315583597
1254							S01014735			55.95109158043737	-3.144647038336325
1255							S01014736			55.94868993019034	-3.141053260711428
1256							S01014737			55.94580435653948	-3.1411924449406174
1257							S01014738			55.94492499057994	-3.1400937779346143
1258							S01014739			55.92594786271213	-3.117301697184992
1259							S01014740			55.924178345882325	-3.121464496496655
1260							S01014741			55.92799541387822	-3.1265682135780035
1261							S01014742			55.92913236294647	-3.1289859672851574
1262							S01014743			55.93043888709231	-3.1354261845026206
1263							S01014744			55.93417238153401	-3.1300451586880302
1264							S01014745			55.933621794274934	-3.13129363211919
1265							S01014746			55.93300014344466	-3.1441127644055897
1266							S01014747			55.9315161884869	-3.1442610347796958
1267							S01014748			55.93173923522978	-3.136751200313287
1268							S01014749			55.93433460475017	-3.1250877100714676
1269							S01014750			55.931275146438466	-3.125575109446644
1270							S01014751			55.929553140221515	-3.122276105833758
1271							S01014752			55.93297647033759	-3.120310341908127
1272							S01014753			55.93580123721546	-3.1219127976724175
1273							S01014754			55.93580548860485	-3.117494836899695
1274							S01014755			55.93887771972077	-3.122514240297441
1275							S01014756			55.94137351612322	-3.111860076204455
1276							S01014757			55.94264661624005	-3.1111761251760313
1277							S01014758			55.94180191855295	-3.107197458853834
1278							S01014759			55.94571660594799	-3.1075173597184325
1279							S01014760			55.93857520445543	-3.108305852443138
1280							S01014761			55.93798649805657	-3.1118108280381462
1281							S01014762			55.93449789778467	-3.111070385343285
1282							S01014763			55.935084999119546	-3.1077417645026704
1283							S01014764			55.93637922803714	-3.090602676589072
1284							S01014765			55.93522276138262	-3.085223827240931
1285							S01014766			55.93883912925324	-3.094882128888507
1286							S01014767			55.94754233397318	-3.088178275168294
1287							S01014768			55.943630056318824	-3.0956898272929827
1288							S01014769			55.94601480388467	-3.0983030391455735
1289							S01014770			55.94911691372241	-3.0980545601736993
1290							S01014771			55.94901880173305	-3.102999872095377
1291							S01014772			55.95208183115849	-3.1071065208374677
1292							S01014773			55.95093395032887	-3.111845980304828
1293							S01014774			55.952446715268046	-3.114467652738966
1294							S01014775			55.95421196862676	-3.1120199127153088
1295							S01014776			55.95576412363989	-3.116244563087367
1296							S01014777			55.954018091434115	-3.1175556698492435
1297							S01014778			55.95507313803296	-3.1210934690222043
1298							S01014779			55.957455681070456	-3.119945020830779
1299							S01014780			55.9495466454771	-3.1211580385398507
1300							S01014781			55.94496798004017	-3.120737374302023
1301							S01014782			55.94200045945219	-3.1200111680968656
1302							S01014783			55.94421925155932	-3.130882658784394
1303							S01014784			55.94692893950567	-3.1283677957852145
1304							S01014785			55.950092728700554	-3.1302214150306082
1305							S01014786			55.95282701697841	-3.1289398321517163
1306							S01014787			55.952029799802425	-3.1325839085831957
1307							S01014788			55.95350687054997	-3.137079201388631
1308							S01014789			55.94785331886578	-3.1353281260781807
1309							S01014790			55.95049802388603	-3.1379197740956566
1310							S01014791			55.9533909779662	-3.1437700416771848
1311							S01014792			55.95612487294424	-3.146413272907084
1312							S01014793			55.95589033501794	-3.1299899432564957
1313							S01014794			55.95793446518747	-3.1314589877011545
1314							S01014795			55.960901879408915	-3.1321862106770575
1315							S01014796			55.95830750604366	-3.137780588760993
1316							S01014797			55.95691491792797	-3.1435857140224375
1317							S01014798			55.95924607884661	-3.1412198074606557
1318							S01014799			55.9617450251238	-3.1449775475903095
1319							S01014800			55.96112189307606	-3.1482108606259045
1320							S01014801			55.95928776833201	-3.1483327741113296
1321							S01014802			55.96036453557688	-3.152337082001835
1322							S01014803			55.961372152519345	-3.156996299768249
1323							S01014804			55.96308421127299	-3.151681003760782
1324							S01014805			55.96498509296241	-3.1492223226136704
1325							S01014806			55.96403542436886	-3.1556500333131474
1326							S01014807			55.963927151375096	-3.1595234933044147
1327							S01014808			55.96532853302822	-3.1605105800017683
1328							S01014809			55.96673919020238	-3.16146597709961
1329							S01014810			55.967616544987486	-3.1627579110374975
1330							S01014811			55.968962606931804	-3.1610359069274363
1331							S01014812			55.96840189600257	-3.156645293418603
1332							S01014813			55.968354245943516	-3.1511806121374284
1333							S01014814			55.96701075319869	-3.145901955003748
1334							S01014815			55.97229536214672	-3.1603452060705677
1335							S01014816			55.97826721087842	-3.166234405743575
1336							S01014817			55.972956677365055	-3.1605466102921085
1337							S01014818			55.98015997636148	-3.1891284712711716
1338							S01014819			55.979006684058135	-3.1810483289591676
1339							S01014820			55.986194033623576	-3.1895541820341142
1340							S01014821			55.98172435892846	-3.1927503524420797
1341							S01014822			55.984511467531746	-3.1925797513771434
1342							S01014823			55.979894690800066	-3.193335044105708
1343							S01014824			55.97955149274701	-3.1897988859480138
1344							S01014825			55.978128994183216	-3.1854285018222295
1345							S01014826			55.97645918552351	-3.183406406511737
1346							S01014827			55.976701811249946	-3.1805934798534268
1347							S01014828			55.976664782888115	-3.1788296428590788
1348							S01014829			55.976174605568175	-3.172757505496275
1349							S01014830			55.97697204422303	-3.1673171875175963
1350							S01014831			55.974351017998906	-3.1632322873002527
1351							S01014832			55.97458058746506	-3.166417031495503
1352							S01014833			55.97336767511969	-3.1674490037839456
1353							S01014834			55.97434559799945	-3.1685520496088673
1354							S01014835			55.97546434068433	-3.1690184256751635
1355							S01014836			55.973083187205674	-3.1709174576459453
1356							S01014837			55.97242225301547	-3.1742783095950884
1357							S01014838			55.97385807446454	-3.175411398916918
1358							S01014839			55.973344108802365	-3.1784242016936215
1359							S01014840			55.970577015757975	-3.173677666050543
1360							S01014841			55.96839562231834	-3.165889409102942
1361							S01014842			55.96959514342326	-3.1692099439341526
1362							S01014843			55.96746151271673	-3.1686970207425804
1363							S01014844			55.96537773988636	-3.1705085324700306
1364							S01014845			55.96698655156422	-3.172351414432483
1365							S01014846			55.96559545957546	-3.1740715467630505
1366							S01014847			55.96385574389859	-3.1718242163921513
1367							S01014848			55.96264384670522	-3.163169455919166
1368							S01014849			55.9608791711256	-3.1664002305210515
1369							S01014850			55.96070879456454	-3.171104399391524
1370							S01014851			55.962307548279846	-3.1721138123462995
1371							S01014852			55.96386606708987	-3.1754609086178687
1372							S01014853			55.962436871227474	-3.1774038978016086
1373							S01014854			55.96160110554103	-3.179300723235913
1374							S01014855			55.960479345350905	-3.175390268770124
1375							S01014856			55.95998380260521	-3.171755244659378
1376							S01014857			55.958296760791754	-3.1734180834412644
1377							S01014858			55.95658930991769	-3.1743914556487516
1378							S01014859			55.958752232611026	-3.176539205434061
1379							S01014860			55.95902079968963	-3.1822815575515326
1380							S01014861			55.959913106973474	-3.180114339508173
1381							S01014862			55.96866593939715	-3.176215258315025
1382							S01014863			55.9649773352104	-3.1814058955391347
1383							S01014864			55.96530397680404	-3.177314756086088
1384							S01014865			55.96695102300705	-3.176083130809175
1385							S01014866			55.967615869633015	-3.179852175451586
1386							S01014867			55.97177504195422	-3.180892046950138
1387							S01014868			55.97094600586609	-3.18488837108975
1388							S01014869			55.96985255319975	-3.1864731198838325
1389							S01014870			55.971988964085384	-3.190415909497411
1390							S01014871			55.974075153485614	-3.1846475319430656
1391							S01014872			55.97573953583061	-3.18723018084814
1392							S01014873			55.97743547315262	-3.1902627137585804
1393							S01014874			55.97396300436817	-3.197190219751951
1394							S01014875			55.97680578804752	-3.1977587609423788
1395							S01014876			55.979260876607974	-3.199389106770043
1396							S01014877			55.979735303909465	-3.2041795376411866
1397							S01014878			55.97678158286338	-3.211267005070715
1398							S01014879			55.97616585024753	-3.2153982027303156
1399							S01014880			55.971425853689084	-3.215890458527668
1400							S01014881			55.97313908225518	-3.20796446749438
1401							S01014882			55.97555933710391	-3.2057964504498115
1402							S01014883			55.96752866251955	-3.2192928737460584
1403							S01014884			55.97043637839006	-3.2086973983355374
1404							S01014885			55.96706989929025	-3.202889000915775
1405							S01014886			55.97152780265627	-3.198140453980265
1406							S01014887			55.966939132586326	-3.191366283951628
1407							S01014888			55.96526252481641	-3.192852664604952
1408							S01014889			55.96658046401697	-3.1931495239630374
1409							S01014890			55.96367609663239	-3.1980100627574415
1410							S01014891			55.96260589246389	-3.1934757821028334
1411							S01014892			55.962133972566285	-3.1902415573020977
1412							S01014893			55.964512796376454	-3.1867422507859033
1413							S01014894			55.96630394940178	-3.1854834305743065
1414							S01014895			55.96177128358618	-3.182173202743285
1415							S01014896			55.96287800267494	-3.1812344262603887
1416							S01014897			55.962465300016596	-3.1847573623931598
1417							S01014898			55.95970912634683	-3.185458008577272
1418							S01014899			55.9594799254843	-3.188734565760326
1419							S01014900			55.95798021794245	-3.190514516368442
1420							S01014901			55.95834697865707	-3.1934728939332335
1421							S01014902			55.95662166617339	-3.1971996467980976
1422							S01014903			55.95682549282074	-3.2002650624757734
1423							S01014904			55.95756674334871	-3.205333261437402
1424							S01014905			55.95483020276313	-3.2067697165950815
1425							S01014906			55.96037204061698	-3.194976793613565
1426							S01014907			55.95855223233966	-3.1982522864939775
1427							S01014908			55.958342614297194	-3.2022500663258304
1428							S01014909			55.96065546204002	-3.2018732128417278
1429							S01014910			55.96197204335893	-3.198614197289294
1430							S01014911			55.96170802660498	-3.2045008203410887
1431							S01014912			55.96002852546822	-3.2081007411823936
1432							S01014913			55.95915411845444	-3.205638860020083
1433							S01014914			55.957978256243045	-3.210103071842828
1434							S01014915			55.955700254260286	-3.213331290025562
1435							S01014916			55.95817605784431	-3.2146580736505563
1436							S01014917			55.95918788474709	-3.215923112970043
1437							S01014918			55.95901987084471	-3.220194552079617
1438							S01014919			55.95780053300939	-3.221741897984123
1439							S01014920			55.95744605907624	-3.2176143170760745
1440							S01014921			55.95555229346966	-3.2192205495661836
1441							S01014922			55.948280545734626	-3.2195044226065708
1442							S01014923			55.947139829875326	-3.221278024488154
1443							S01014924			55.94654983778818	-3.2300023398931286
1444							S01014925			55.94469916717623	-3.2299756802218016
1445							S01014926			55.95059680493765	-3.2096646473712482
1446							S01014927			55.95155730966152	-3.2170611257141855
1447							S01014928			55.95183531850415	-3.219840385657308
1448							S01014929			55.94458757332995	-3.235736367126857
1449							S01014930			55.944249371393134	-3.246100989138039
1450							S01014931			55.94346212122416	-3.2510711601557816
1451							S01014932			55.94119796721598	-3.252823299075044
1452							S01014933			55.94036799916854	-3.254909811273916
1453							S01014934			55.94248231998378	-3.2599095417468504
1454							S01014935			55.94671467522606	-3.2510800195659657
1455							S01014936			55.946909037650116	-3.238980817186002
1456							S01014937			55.950441213912015	-3.2406630509438616
1457							S01014938			55.95278908745396	-3.24306035570396
1458							S01014939			55.953240312282716	-3.2375175586899623
1459							S01014940			55.95542239988114	-3.2268722959654053
1460							S01014941			55.957398741793824	-3.2287127453584707
1461							S01014942			55.96653798413158	-3.2285699119336515
1462							S01014943			55.96647473323942	-3.233999025060399
1463							S01014944			55.96043643415051	-3.234928090260054
1464							S01014945			55.957651026774805	-3.2385072622771753
1465							S01014946			55.95746311006694	-3.2473266053278524
1466							S01014947			55.95804796660346	-3.2516700762349937
1467							S01014948			55.95572446336433	-3.2592347442251146
1468							S01014949			55.95975119567957	-3.2634821603162445
1469							S01014950			55.95745072143748	-3.2704866328370814
1470							S01014951			55.962021201515505	-3.269034595584513
1471							S01014952			55.96246526682134	-3.2564101918435684
1472							S01014953			55.9654300238711	-3.2573233594832027
1473							S01014954			55.963969028603145	-3.251685128704868
1474							S01014955			55.96280091470765	-3.2463770678025043
1475							S01014956			55.96383294764561	-3.2402747308076227
1476							S01014957			55.96610217625245	-3.2451215039212
1477							S01014958			55.9683652904525	-3.2443450878454185
1478							S01014959			55.97138415479313	-3.2496815353015207
1479							S01014960			55.97097433534273	-3.244012297391775
1480							S01014961			55.973346104617	-3.2422617590560523
1481							S01014962			55.970465451890995	-3.238340021706135
1482							S01014963			55.971556724344715	-3.235250426701295
1483							S01014964			55.97283989286025	-3.2354195214057206
1484							S01014965			55.97400124996756	-3.228902695780738
1485							S01014966			55.97179441353025	-3.226749691248811
1486							S01014967			55.970800944753385	-3.2272630145225616
1487							S01014968			55.97198683976215	-3.2218526649578236
1488							S01014969			55.97455725846587	-3.2244976155752347
1489							S01014970			55.97412595256209	-3.2208785523160124
1490							S01014971			55.97605082777251	-3.218855965660808
1491							S01014972			55.978099583167676	-3.2233755891061557
1492							S01014973			55.97678832311883	-3.2287346947891105
1493							S01014974			55.97823560141043	-3.228668415855545
1494							S01014975			55.979809711493445	-3.2275964850776373
1495							S01014976			55.981212516476326	-3.2355743507620165
1496							S01014977			55.98107641023963	-3.223100977898408
1497							S01014978			55.984908219397234	-3.228110705050826
1498							S01014979			55.97778448906048	-3.2324521945347002
1499							S01014980			55.97461389288815	-3.2332326816381927
1500							S01014981			55.97525506025412	-3.238284797859766
1501							S01014982			55.9752063251478	-3.2449013591077405
1502							S01014983			55.97422827422768	-3.2474337819004355
1503							S01014984			55.975700567889426	-3.251102786925594
1504							S01014985			55.976517657093474	-3.2520425976070952
1505							S01014986			55.97752483488385	-3.2528443658211006
1506							S01014987			55.97290133825449	-3.2595046936019973
1507							S01014988			55.97052518894624	-3.258145649965594
1508							S01014989			55.96867778736332	-3.2507477955235933
1509							S01014990			55.96861818258028	-3.2583560787939168
1510							S01014991			55.969278348176175	-3.2553013484491853
1511							S01014992			55.96711300578633	-3.2605661286746637
1512							S01014993			55.96948753765895	-3.26120416279996
1513							S01014994			55.97048951258375	-3.2651301956042906
1514							S01014995			55.96743953478193	-3.266392376755201
1515							S01014996			55.96372116898126	-3.2653737533146545
1516							S01014997			55.964830570606495	-3.2710650223004594
1517							S01014998			55.96876657909709	-3.2710179263068833
1518							S01014999			55.970691790105036	-3.269046257054648
1519							S01015000			55.96742808303603	-3.2796574067642084
1520							S01015001			55.97541046734001	-3.2965224146842935
1521							S01015002			55.97368655670016	-3.304909192822463
1522							S01015003			55.96922059210792	-3.3040697967394945
1523							S01015004			55.96657862879947	-3.3091716059001786
1524							S01015005			55.961897446373754	-3.3167346183512754
1525							S01015006			55.96188127039414	-3.308980916878296
1526							S01015007			55.961985789924505	-3.2957047711465495
1527							S01015008			55.95966691962551	-3.296620369565125
1528							S01015009			55.958851831708394	-3.2886804178996027
1529							S01015010			55.958349722327895	-3.2825611133405315
1530							S01015011			55.953581847815606	-3.2856865764204994
1531							S01015012			55.95266757161416	-3.2889073287458035
1532							S01015013			55.953507489342414	-3.2927789449099523
1533							S01015014			55.9559307601894	-3.292187030643875
1534							S01015015			55.95800008799403	-3.3030035612786914
1535							S01015016			55.95569295371975	-3.307042254950063
1536							S01015017			55.954815652663925	-3.3016473480023323
1537							S01015018			55.951360399850564	-3.3038054788230604
1538							S01015019			55.9519716733344	-3.3097034423463505
1539							S01015020			55.942558719934944	-3.31609429382824
1540							S01015021			55.946582263839915	-3.308688867745701
1541							S01015022			55.949321778131186	-3.304553667464084
1542							S01015023			55.94648088348986	-3.3030010201932787
1543							S01015024			55.943129245584544	-3.3080920856735943
1544							S01015025			55.94380422634019	-3.2961062839442477
1545							S01015026			55.9465706385309	-3.297912033251374
1546							S01015027			55.950816019933725	-3.2992070885973446
1547							S01015028			55.947024873260766	-3.29232274842881
1548							S01015029			55.94814086503175	-3.2844333617157084
1549							S01015030			55.9509134072178	-3.2839486399246414
1550							S01015031			55.95108510843802	-3.288150106815008
1551							S01015032			55.953327410020826	-3.280793471638492
1552							S01015033			55.945522337579746	-3.2873729902132864
1553							S01015034			55.946480838319786	-3.2764522088459014
1554							S01015035			55.943812278201634	-3.2764444842742746
1555							S01015036			55.940614717863994	-3.270255456770077
1556							S01015037			55.941722852098884	-3.287246963281693
1557							S01015038			55.93996189089174	-3.286372057288129
1558							S01015039			55.93866312772797	-3.283399305476772
1559							S01015040			55.94050679010297	-3.275471218839179
1560							S01015041			55.93750533595041	-3.270297771764133
1561							S01015042			55.93530350136924	-3.2703377691616935
1562							S01015043			55.93464576200983	-3.2731175923914044
1563							S01015044			55.93689268579548	-3.281707886709626
1564							S01015045			55.9334034551228	-3.2785353077265813
1565							S01015046			55.93189406584285	-3.2836876686951055
1566							S01015047			55.93389533119005	-3.2839300014409485
1567							S01015048			55.93412269202381	-3.2922453776422946
1568							S01015049			55.93702288170974	-3.288163676170819
1569							S01015050			55.937141293279495	-3.293146305430405
1570							S01015051			55.93968906164479	-3.2969454542250807
1571							S01015052			55.93524931476754	-3.2970372297061425
1572							S01015053			55.93333925255514	-3.300927169501275
1573							S01015054			55.93664419291028	-3.3053281808908452
1574							S01015055			55.93897200264038	-3.3086563714607693
1575							S01015056			55.9211630530341	-3.383458092597068
1576							S01015057			55.92310251162071	-3.377974168917189
1577							S01015058			55.935590418113556	-3.386982130265871
1578							S01015059			55.925253074946035	-3.3760980523229116
1579							S01015060			55.95225715758577	-3.4069405554778815
1580							S01015061			55.954584098182956	-3.4046065760830357
1581							S01015062			55.95837803377607	-3.402853983265538
1582							S01015063			55.95966470194305	-3.401122530182387
1583							S01015064			55.95810580760339	-3.4117499354863376
1584							S01015065			55.960415322075804	-3.4062275612499597
1585							S01015066			55.92111446916313	-3.394145870944792
1586							S01015067			55.93907369832736	-3.409440207618272
1587							S01015068			55.95672928964053	-3.416601022043994
1588							S01015069			55.959659844352345	-3.3983832327474697
1589							S01015070			55.98271670891709	-3.375254224074893
1590							S01015071			55.98381870835277	-3.3811757148353934
1591							S01015072			55.98115516283355	-3.396675120736365
1592							S01015073			55.987846478941535	-3.3857917363169006
1593							S01015074			55.98189887225588	-3.384905741971301
1594							S01015075			55.98160352924798	-3.3903925497621823
1595							S01015076			55.9840953955169	-3.39253365286538
1596							S01015077			55.985672564474385	-3.3913240818904353
1597							S01015078			55.98928290827872	-3.4010240452311673
1598							S01015079			55.99065442321645	-3.4076304104069584
1599							S01015080			55.98844598739725	-3.409810377126773
1600							S01015081			55.98558324135252	-3.407910890043763
1601							S01015082			55.98539939529351	-3.414556227611273
1602							S01015083			55.99042725620678	-3.416487322367449
1603							S01015084			56.13025672969066	-3.842423424729244
1604							S01015085			56.13342999057594	-3.846565951486941
1605							S01015086			56.13452252130758	-3.8389904694237904
1606							S01015087			56.130937299347586	-3.8353436826138476
1607							S01015088			56.128650050361585	-3.8374713272204843
1608							S01015089			56.130597304284244	-3.827973931149719
1609							S01015090			56.13340812967644	-3.8274957552944446
1610							S01015091			56.13515685405391	-3.8246981755381873
1611							S01015092			56.13720902686085	-3.8269037380387503
1612							S01015093			56.13657023184578	-3.8360466466957335
1613							S01015094			56.136069587204396	-3.843715321661722
1614							S01015095			56.13936313649187	-3.82220983240441
1615							S01015096			56.148765199215816	-3.8594241327825416
1616							S01015097			56.14997871826963	-3.855812213074015
1617							S01015098			56.14831465645261	-3.8535264588045073
1618							S01015099			56.14885255491075	-3.847612012168252
1619							S01015100			56.153032050727035	-3.8141955026664975
1620							S01015101			56.15431862590103	-3.802422184054121
1621							S01015102			56.151243531802855	-3.8093135131320484
1622							S01015103			56.15236198983215	-3.8004146052583945
1623							S01015104			56.152165809022236	-3.7935147343852433
1624							S01015105			56.15592307438447	-3.795911944020459
1625							S01015106			56.15332385461157	-3.788014168790037
1626							S01015107			56.13817244185933	-3.7706210056747618
1627							S01015108			56.144273240588475	-3.738403632835465
1628							S01015109			56.1443760028201	-3.740677825820434
1629							S01015110			56.15100042778948	-3.741186819710613
1630							S01015111			56.152826313132145	-3.74679165823171
1631							S01015112			56.156932774218895	-3.749973030846911
1632							S01015113			56.15681894676064	-3.7440425452000707
1633							S01015114			56.154497200989056	-3.7404595872896826
1634							S01015115			56.15443724645387	-3.7344997490033007
1635							S01015116			56.15742386593934	-3.734264099745864
1636							S01015117			56.155361994613045	-3.7313535121995094
1637							S01015118			56.161559472294954	-3.680794729867687
1638							S01015119			56.16205635798847	-3.672652073593192
1639							S01015120			56.169392638546185	-3.667044089843963
1640							S01015121			56.16364649639893	-3.6673586236875244
1641							S01015122			56.189602933205265	-3.6120673171589885
1642							S01015123			56.10515933801904	-3.7395496751414803
1643							S01015124			56.10513556006378	-3.746961378613542
1644							S01015125			56.10730527877678	-3.751112037351198
1645							S01015126			56.11173237504295	-3.753854200600755
1646							S01015127			56.1079016376166	-3.7816609569675856
1647							S01015128			56.10733978748538	-3.7543779905836434
1648							S01015129			56.111901999364605	-3.773434533491212
1649							S01015130			56.12781796362451	-3.7664121715542573
1650							S01015131			56.12624630272876	-3.775124495587621
1651							S01015132			56.12772503673862	-3.7747743303825456
1652							S01015133			56.13218276101409	-3.775977431628479
1653							S01015134			56.13104143306422	-3.7809772638427455
1654							S01015135			56.12915864093915	-3.790624641622977
1655							S01015136			56.1272738820541	-3.785501077363278
1656							S01015137			56.11995797960659	-3.7849690096778525
1657							S01015138			56.117242608460394	-3.7825913380936953
1658							S01015139			56.113771254727325	-3.7802916999180263
1659							S01015140			56.11182506041133	-3.785010570170412
1660							S01015141			56.10862252696672	-3.790217445791748
1661							S01015142			56.11385678296273	-3.7923905474081665
1662							S01015143			56.120160319367216	-3.7945658327269
1663							S01015144			56.123795951578494	-3.7929655170808205
1664							S01015145			56.12527346000893	-3.7908462505488982
1665							S01015146			56.12280367699054	-3.8012526431911957
1666							S01015147			56.12220822892147	-3.8044905516607446
1667							S01015148			56.12388060003591	-3.808108278155873
1668							S01015149			56.12744590989445	-3.808870911952144
1669							S01015150			56.127910570829144	-3.8182247992511504
1670							S01015151			56.12369169434965	-3.814245059149798
1671							S01015152			56.120766026679924	-3.8084768902377664
1672							S01015153			56.120176550775355	-3.800856354894492
1673							S01015154			56.115967943062685	-3.797989638039477
1674							S01015155			56.11665562716303	-3.808734362306683
1675							S01015156			56.11421239541765	-3.8086679620555066
1676							S01015157			54.91102857252873	-5.040346413323398
1677							S01015158			54.90437972686471	-5.039470415965065
1678							S01015159			54.9040491975434	-5.036871170339929
1679							S01015160			54.901280024055524	-5.0318418969000005
1680							S01015161			54.909655256863616	-5.043488463411622
1681							S01015162			54.9726348453833	-5.083668937274016
1682							S01015163			54.930165321023225	-5.097058467162383
1683							S01015164			54.845278220385715	-5.110364241604522
1684							S01015165			54.90395934592756	-5.029671937898409
1685							S01015166			54.90197793425388	-5.019709968949842
1686							S01015167			54.90616287847289	-5.008664772739613
1687							S01015168			54.8988287074279	-5.0277576060656015
1688							S01015169			54.89692068635381	-5.033963168845378
1689							S01015170			54.89455001026832	-5.025205827785623
1690							S01015171			54.893505616331005	-5.028512193255824
1691							S01015172			54.89594068541927	-4.954492684296909
1692							S01015173			54.9072385844382	-5.001162012695421
1693							S01015174			54.84684410195286	-4.997078991376342
1694							S01015175			54.807831397772375	-4.962093753368269
1695							S01015176			54.68989341529016	-4.894535294191719
1696							S01015177			54.87872107503317	-4.810365627031802
1697							S01015178			54.913353547261956	-4.607037628662679
1698							S01015179			54.94242474479942	-4.614572063368128
1699							S01015180			54.889330793583035	-4.468303139939979
1700							S01015181			54.86816848206872	-4.443537186594875
1701							S01015182			54.793131346072705	-4.394250501925681
1702							S01015183			54.77445610021499	-4.4578639237791595
1703							S01015184			54.75966367364918	-4.583932229743448
1704							S01015185			54.73220975407906	-4.41435899007768
1705							S01015186			54.70046474994422	-4.368594687497803
1706							S01015187			54.95410525661415	-4.487674307904948
1707							S01015188			54.9567419732432	-4.483135656368619
1708							S01015189			54.95908918207672	-4.488794664746981
1709							S01015190			54.96625463575767	-4.489612892861015
1710							S01015191			54.96639100944935	-4.483387479658196
1711							S01015192			54.9599451377087	-4.475054106992438
1712							S01015193			54.94785536864854	-4.426462294753062
1713							S01015194			54.90030308721366	-4.379271023094887
1714							S01015195			54.8804173301243	-4.211551735195542
1715							S01015196			54.88298540541058	-4.183380043766344
1716							S01015197			54.9604746554683	-4.060758930952732
1717							S01015198			54.83742147330387	-4.10719845514809
1718							S01015199			54.84247530575487	-4.052499751785547
1719							S01015200			54.836049358804026	-4.054057779694359
1720							S01015201			54.832766274941314	-4.055261239270606
1721							S01015202			54.84012353226622	-4.044858406589319
1722							S01015203			54.846310188536144	-4.038816372147156
1723							S01015204			54.866931185166706	-4.027420880321165
1724							S01015205			54.84293939992134	-3.873154164851156
1725							S01015206			54.90452866058306	-3.9555609505724476
1726							S01015207			54.91887114202808	-3.978460355607195
1727							S01015208			54.942698745369704	-3.933165925518429
1728							S01015209			54.948237157345694	-3.926248747972852
1729							S01015210			54.94233115529836	-3.920064849562554
1730							S01015211			54.93718762613544	-3.929873124163218
1731							S01015212			54.91345170251246	-3.837625476722014
1732							S01015213			54.93583939260561	-3.8287339850819317
1733							S01015214			54.93198056230452	-3.825952311221825
1734							S01015215			54.932551368663695	-3.816051236099953
1735							S01015216			54.92812167953239	-3.8177712669810613
1736							S01015217			54.92634929441184	-3.8220922308324883
1737							S01015218			54.8817139947973	-3.7914411954940843
1738							S01015219			54.971433785467	-3.849318154105938
1739							S01015220			55.04524802292222	-3.727061118396445
1740							S01015221			55.03476046435603	-3.8570070378275405
1741							S01015222			55.00900931237343	-3.8700161712987815
1742							S01015223			54.98107616099706	-3.982861409630673
1743							S01015224			55.10521159706739	-4.160116012791806
1744							S01015225			55.15114925240466	-4.175781851965717
1745							S01015226			55.387001041801184	-4.006745237569087
1746							S01015227			55.381699934363965	-3.9984259794153174
1747							S01015228			55.37997999730913	-3.988157882572823
1748							S01015229			55.36800141794821	-3.925746247929985
1749							S01015230			55.36664474101163	-3.921151629092668
1750							S01015231			55.36382946521478	-3.919579370451664
1751							S01015232			55.37450926259209	-3.867761871770675
1752							S01015233			55.26615302924084	-3.774801287959705
1753							S01015234			55.242408781786544	-3.7673729221370107
1754							S01015235			55.23858861577719	-3.7655520280632913
1755							S01015236			55.23101850084107	-3.816543958041126
1756							S01015237			55.196403463311455	-3.920645543064449
1757							S01015238			55.21264091000002	-3.7374942481835265
1758							S01015239			55.172785128114114	-3.5457986303418054
1759							S01015240			55.13042027355224	-3.566920847131347
1760							S01015241			55.117449539717526	-3.608466802878687
1761							S01015242			55.14159394404976	-3.780016129712174
1762							S01015243			55.11013368105495	-3.6567566093101704
1763							S01015244			55.091443248394725	-3.654557503908285
1764							S01015245			55.07850071134647	-3.786893972575022
1765							S01015246			55.08074359803073	-3.6436354459309523
1766							S01015247			55.08280808181843	-3.647151048588486
1767							S01015248			55.08591291276438	-3.641512988952278
1768							S01015249			55.081940383971265	-3.636854137176788
1769							S01015250			55.07964639140559	-3.638358302824909
1770							S01015251			55.08225967839935	-3.633154275735079
1771							S01015252			55.08692856867274	-3.6334855524637817
1772							S01015253			55.0820915656094	-3.6275858779003096
1773							S01015254			55.083692327577566	-3.624141488202495
1774							S01015255			55.0730080719574	-3.6414544689034014
1775							S01015256			55.0757381863166	-3.6389347715241462
1776							S01015257			55.080536373123714	-3.622227718554621
1777							S01015258			55.07362570208459	-3.6188154982644227
1778							S01015259			55.07193737215292	-3.622772556878449
1779							S01015260			55.072978993137134	-3.630912355700663
1780							S01015261			55.069866712528956	-3.631114659847473
1781							S01015262			55.06722037890255	-3.622002251178851
1782							S01015263			55.06301856324125	-3.624384721008563
1783							S01015264			55.06530557920365	-3.6159584505741256
1784							S01015265			55.06216974445119	-3.6165837360116546
1785							S01015266			55.060777652902054	-3.6117675748887583
1786							S01015267			55.06015651054561	-3.607765525060281
1787							S01015268			55.05860000292182	-3.616721720809847
1788							S01015269			55.0530848869125	-3.6426744036507808
1789							S01015270			54.988509963621	-3.627391361831866
1790							S01015271			54.87839406579587	-3.597714414911838
1791							S01015272			55.003960187590025	-3.421456543888101
1792							S01015273			55.00324432094673	-3.571700181474732
1793							S01015274			55.04664881534776	-3.600259046484165
1794							S01015275			55.05815840296751	-3.6025342734762225
1795							S01015276			55.062631694091024	-3.5896849569558857
1796							S01015277			55.06142188059483	-3.585284027448949
1797							S01015278			55.05967669212428	-3.5819582970198818
1798							S01015279			55.059820131030364	-3.577830367859068
1799							S01015280			55.063589442874054	-3.574768562695298
1800							S01015281			55.06510142315039	-3.5773804448275386
1801							S01015282			55.065051625149664	-3.58467584636513
1802							S01015283			55.06788759463848	-3.5829086358823843
1803							S01015284			55.06411450878902	-3.5938151391434547
1804							S01015285			55.06975791428805	-3.597970475283089
1805							S01015286			55.06597450153398	-3.6034260086115273
1806							S01015287			55.06856877868987	-3.6125035430317447
1807							S01015288			55.06782998584591	-3.6065227309617343
1808							S01015289			55.072624326228706	-3.606887110506451
1809							S01015290			55.07748503599462	-3.598795417072735
1810							S01015291			55.07181828928896	-3.5964237133772197
1811							S01015292			55.07085246443336	-3.5926264068969123
1812							S01015293			55.10869555167896	-3.585885593931124
1813							S01015294			55.10631507287822	-3.582342627848857
1814							S01015295			55.10395615491348	-3.583362297160754
1815							S01015296			55.09880436457869	-3.5759020856057098
1816							S01015297			55.09771815728573	-3.579275913213737
1817							S01015298			55.092058602409104	-3.589457744594101
1818							S01015299			55.089070708939516	-3.5883990742620053
1819							S01015300			55.095760611171634	-3.5798412598050344
1820							S01015301			55.09439255839738	-3.5744434779303376
1821							S01015302			55.0948335860105	-3.5674244503636676
1822							S01015303			55.074523123617816	-3.589576909408846
1823							S01015304			55.078895773961484	-3.5864449995646703
1824							S01015305			55.06960774079338	-3.579170832892959
1825							S01015306			55.08944366052639	-3.513954641940428
1826							S01015307			55.05350987106459	-3.500450359375633
1827							S01015308			55.0968566110209	-3.4239353535076598
1828							S01015309			55.12897764431275	-3.4428631866268544
1829							S01015310			55.13255293364927	-3.442992086929679
1830							S01015311			55.13621962798217	-3.4246607913150493
1831							S01015312			55.1159155016101	-3.363669446005234
1832							S01015313			55.11855051105153	-3.3554488958242357
1833							S01015314			55.12417214574597	-3.3501504978163106
1834							S01015315			55.125597355	-3.360172591479481
1835							S01015316			55.12947922706527	-3.350517652683035
1836							S01015317			55.19774415284986	-3.427673375003403
1837							S01015318			55.30649724259611	-3.4501051766786737
1838							S01015319			55.33500886415638	-3.445786499965447
1839							S01015320			55.33258288911932	-3.437374510715711
1840							S01015321			55.33079832810602	-3.431698021042462
1841							S01015322			55.27827886735563	-3.4257293647562492
1842							S01015323			55.1882157800297	-3.068838157100472
1843							S01015324			55.15004164485105	-2.997864150918021
1844							S01015325			55.15179273876801	-3.0045770617185976
1845							S01015326			55.151342621983744	-3.007939539372193
1846							S01015327			55.08023451082413	-2.9531269575264507
1847							S01015328			55.05996864816758	-3.079258703947327
1848							S01015329			55.02688511046455	-3.147436467169985
1849							S01015330			55.05863152561662	-3.199101307645422
1850							S01015331			55.06146201408706	-3.2639757336155384
1851							S01015332			55.1310727441214	-3.237736916791317
1852							S01015333			55.09976185441397	-3.360048010856446
1853							S01015334			55.03396983732267	-3.405807905140086
1854							S01015335			54.98564372313063	-3.338371981130955
1855							S01015336			55.01965955372779	-3.2704809179797065
1856							S01015337			54.98204027527018	-3.2670579019177812
1857							S01015338			54.98520954825164	-3.2647667099008335
1858							S01015339			54.99093476335919	-3.262117767646717
1859							S01015340			54.98696077939223	-3.254475840205334
1860							S01015341			54.990761254426374	-3.2580485772690997
1861							S01015342			54.99440509498469	-3.2576467569365373
1862							S01015343			54.99656292071637	-3.2540719918733236
1863							S01015344			54.99526021795309	-3.2470440709429558
1864							S01015345			54.991182576913154	-3.251184584883109
1865							S01015346			54.99077462602009	-3.2462797741918714
1866							S01015347			54.99177289858952	-3.2435754373465238
1867							S01015348			55.021126757686815	-3.210307247416023
1868							S01015349			54.979890122969714	-3.256021032918704
1869							S01015350			54.978352005951194	-3.24216056341084
1870							S01015351			54.984485017058034	-3.1822474058233134
1871							S01015352			54.984722557780394	-3.1725653902189435
1872							S01015353			54.99122206270825	-3.1081409800249693
1873							S01015354			54.9975130566904	-3.074048549862233
1874							S01015355			54.99442470359624	-3.0686045995637854
1875							S01015356			54.991419695089746	-3.0659301823931875
1876							S01015357			54.99434241861278	-3.0605524879171524
1877							S01015358			55.00473055339509	-3.056464460289323
1878							S01015359			56.456203736118994	-3.02510350977427
1879							S01015360			56.46011667053997	-3.029963755376701
1880							S01015361			56.46021384312104	-3.018168873922268
1881							S01015362			56.459412321260004	-3.010699052012261
1882							S01015363			56.45790669731949	-3.0013611207731183
1883							S01015364			56.45601369604826	-2.9976766734854468
1884							S01015365			56.45489800417543	-2.9933963515401016
1885							S01015366			56.45399457084846	-2.988391680447091
1886							S01015367			56.45490080943437	-2.98740926659146
1887							S01015368			56.45897697070741	-2.977535444841404
1888							S01015369			56.456820536439594	-2.9855119845167915
1889							S01015370			56.45733592024256	-2.9952449564418617
1890							S01015371			56.459845413474305	-2.992633159981232
1891							S01015372			56.46113487074505	-2.988658534359643
1892							S01015373			56.46015504498186	-2.9966007928177163
1893							S01015374			56.46154361445253	-2.9948521276564506
1894							S01015375			56.46153472310799	-3.0004344067021536
1895							S01015376			56.46432339991646	-2.996629046261893
1896							S01015377			56.463813840022375	-2.99294786820382
1897							S01015378			56.46681065973347	-2.990056046536671
1898							S01015379			56.46248905024064	-2.9900894469873043
1899							S01015380			56.465203922249216	-2.980828052205603
1900							S01015381			56.46829676062349	-2.978278441644627
1901							S01015382			56.46553678028874	-2.97393886733045
1902							S01015383			56.461610195496206	-2.9717123037510156
1903							S01015384			56.45926721174945	-2.970321758591292
1904							S01015385			56.46125516365802	-2.956140398586682
1905							S01015386			56.46780255177229	-2.950591805400588
1906							S01015387			56.46675718960058	-2.9603202186827717
1907							S01015388			56.46255398135971	-2.9659103142258316
1908							S01015389			56.46550771090108	-2.9650278160316628
1909							S01015390			56.4662547493206	-2.968309090122523
1910							S01015391			56.4683388939695	-2.9660411365599884
1911							S01015392			56.47104167850156	-2.9673922279319145
1912							S01015393			56.46903507244208	-2.9723729220920845
1913							S01015394			56.46908784316963	-2.9759452277704916
1914							S01015395			56.472070901113035	-2.9759244703233367
1915							S01015396			56.48045502447124	-2.964254808674761
1916							S01015397			56.47760722127235	-2.9676730963141
1917							S01015398			56.47557792551808	-2.962897198076174
1918							S01015399			56.476212067975844	-2.9691473776884094
1919							S01015400			56.47268499676909	-2.9686515632379886
1920							S01015401			56.4759576131192	-2.9752450780710245
1921							S01015402			56.47273561455715	-2.9644647005414497
1922							S01015403			56.46876621030403	-2.9619292160042057
1923							S01015404			56.47015158906422	-2.95938340061374
1924							S01015405			56.472077999114944	-2.9565750682372927
1925							S01015406			56.47264794001139	-2.9549011778677525
1926							S01015407			56.46962292598481	-2.9522118295415436
1927							S01015408			56.46870523444764	-2.95704201876257
1928							S01015409			56.475142848683056	-2.956424969004636
1929							S01015410			56.4722017064866	-2.945134007470418
1930							S01015411			56.47702103403451	-2.9470072694107747
1931							S01015412			56.47800977859646	-2.9551496063936886
1932							S01015413			56.469212009046316	-2.9436799635414115
1933							S01015414			56.470081406868275	-2.9320795112648814
1934							S01015415			56.47244718735387	-2.9256930812409596
1935							S01015416			56.47143681509412	-2.9189969429946427
1936							S01015417			56.46927485213372	-2.918555119679846
1937							S01015418			56.46942705207869	-2.925879233191793
1938							S01015419			56.476338061950116	-2.918352443780265
1939							S01015420			56.478782926653594	-2.9169828084342746
1940							S01015421			56.47856454505556	-2.9136979773910117
1941							S01015422			56.481493469223416	-2.912469486541571
1942							S01015423			56.48210377227367	-2.9174364147030034
1943							S01015424			56.48130942138924	-2.906928384962796
1944							S01015425			56.47586064010498	-2.9087464341782567
1945							S01015426			56.47333274657554	-2.9067380007433914
1946							S01015427			56.471322389063786	-2.905212897936229
1947							S01015428			56.4723217175983	-2.8887442111152284
1948							S01015429			56.47776184195339	-2.899343085473774
1949							S01015430			56.477804272284416	-2.903402866983301
1950							S01015431			56.48028039523622	-2.901415997504184
1951							S01015432			56.47885028647864	-2.895423613095746
1952							S01015433			56.47563572015939	-2.8851365616124967
1953							S01015434			56.47017764891354	-2.8832564160818177
1954							S01015435			56.46680291339796	-2.8777083674559867
1955							S01015436			56.472292925758765	-2.8750755817904863
1956							S01015437			56.46829288258475	-2.868961796810433
1957							S01015438			56.46615360758525	-2.8703898360174893
1958							S01015439			56.473102023647805	-2.869883398945758
1959							S01015440			56.47301160187506	-2.8648166385741822
1960							S01015441			56.477016236699505	-2.8625699771521416
1961							S01015442			56.47668639455366	-2.8686504495049294
1962							S01015443			56.478563579194336	-2.876405181558352
1963							S01015444			56.465769188109995	-2.863678104806447
1964							S01015445			56.47263035690425	-2.8576006040199022
1965							S01015446			56.47184689865889	-2.847388996833854
1966							S01015447			56.476256894729616	-2.8449385316803713
1967							S01015448			56.47739505805434	-2.853243537772188
1968							S01015449			56.47944925818183	-2.8576246026551093
1969							S01015450			56.483365903930284	-2.8419303346244655
1970							S01015451			56.481445970273256	-2.8494539759647046
1971							S01015452			56.48221543616778	-2.8603661357417614
1972							S01015453			56.483369903840945	-2.866189046475269
1973							S01015454			56.48016435864106	-2.8697853135550653
1974							S01015455			56.488587169272435	-2.8716996517980014
1975							S01015456			56.48951320448839	-2.898111271173919
1976							S01015457			56.492520741887404	-2.895924868392191
1977							S01015458			56.49083041269023	-2.9060192199952084
1978							S01015459			56.48839938058884	-2.9128791832247867
1979							S01015460			56.48719673776142	-2.9212295818650946
1980							S01015461			56.491278064214036	-2.9221082369218756
1981							S01015462			56.489644660714376	-2.9315039498456197
1982							S01015463			56.48983381867673	-2.9338309138781824
1983							S01015464			56.49227005901599	-2.9336309340986277
1984							S01015465			56.49309184551765	-2.928275223025893
1985							S01015466			56.49391434796629	-2.9264112642590185
1986							S01015467			56.494498167855596	-2.934822594717656
1987							S01015468			56.49174691428149	-2.9386690581857904
1988							S01015469			56.4880209922783	-2.94070440528584
1989							S01015470			56.489945287677735	-2.9475730175264774
1990							S01015471			56.48693200535187	-2.935009987229539
1991							S01015472			56.49346687824062	-2.9091517691484023
1992							S01015473			56.4917896757414	-2.9448742446345593
1993							S01015474			56.48987382364031	-2.9533853096347453
1994							S01015475			56.488290760518936	-2.9547909470747316
1995							S01015476			56.49266599271986	-2.965263078305434
1996							S01015477			56.49688579173642	-2.9575083864991423
1997							S01015478			56.491400109202196	-2.95935162410011
1998							S01015479			56.48432574686947	-2.944607502574012
1999							S01015480			56.47999272277914	-2.944938162181001
2000							S01015481			56.479939894347496	-2.9388807505659216
2001							S01015482			56.479435378794065	-2.9307178535980176
2002							S01015483			56.480345562513946	-2.933938692394176
2003							S01015484			56.4823615503903	-2.934670207950176
2004							S01015485			56.48830899158195	-2.9778357753309406
2005							S01015486			56.48437001903533	-2.982865714968734
2006							S01015487			56.48900132156968	-2.9891080356099673
2007							S01015488			56.49318038797574	-2.978740734359497
2008							S01015489			56.49313217497789	-2.975734730122376
2009							S01015490			56.490093482052075	-2.9805451579095905
2010							S01015491			56.49259147283702	-2.985043604708104
2011							S01015492			56.49110087440767	-2.9917125409295973
2012							S01015493			56.49521428452004	-2.994142616828254
2013							S01015494			56.497572548415434	-3.009197273955636
2014							S01015495			56.49534642856182	-3.006734244055215
2015							S01015496			56.496150860414396	-3.002808516158654
2016							S01015497			56.49326851247739	-3.0026025246473957
2017							S01015498			56.49053892017551	-3.0012799803190697
2018							S01015499			56.48788879407068	-3.001242614227789
2019							S01015500			56.48622934907309	-2.9975613506237417
2020							S01015501			56.48628573322795	-2.989394614621483
2021							S01015502			56.48173949213708	-2.9792092681758526
2022							S01015503			56.480044252473476	-2.991294072019221
2023							S01015504			56.476250129228944	-3.0072510271698216
2024							S01015505			56.47250696238455	-3.0068270821694703
2025							S01015506			56.477279352171045	-2.981951657219385
2026							S01015507			56.468814733136746	-2.9989706218778753
2027							S01015508			56.46895990718202	-2.994316009677114
2028							S01015509			56.47102562283805	-2.9797284745960213
2029							S01015510			56.474306785154255	-2.981777405026439
2030							S01015511			56.474248458412426	-2.984600585651922
2031							S01015512			56.472910315065725	-2.991302664701366
2032							S01015513			56.47414065188224	-2.996984110902784
2033							S01015514			56.464798935912114	-3.002289444460713
2034							S01015515			56.46691209008848	-3.0053965566664638
2035							S01015516			56.466035306476954	-3.016004063915009
2036							S01015517			56.46875319151878	-3.0165474876593255
2037							S01015518			56.467227985208744	-3.021765378929079
2038							S01015519			56.4653364482999	-3.031062862397822
2039							S01015520			56.46717164711039	-3.0318592868306324
2040							S01015521			56.469864666745	-3.0310559244994875
2041							S01015522			56.46956791215849	-3.040786793155711
2042							S01015523			56.46722772697703	-3.0434331887174837
2043							S01015524			56.46672047281795	-3.048190973311184
2044							S01015525			56.47428578527023	-3.030964906184011
2045							S01015526			56.476745381853306	-3.0301387637939814
2046							S01015527			56.475270320800604	-3.0389624940801614
2047							S01015528			56.47247911818185	-3.0386101995843853
2048							S01015529			56.472024505405585	-3.045675162198877
2049							S01015530			56.47933810529265	-3.022984211049181
2050							S01015531			56.47714357600839	-3.014499242084186
2051							S01015532			56.4778945686197	-3.012749669987333
2052							S01015533			56.47146264422593	-3.0081953829581023
2053							S01015534			56.47067118491387	-3.0138231415525722
2054							S01015535			56.47341563891217	-3.015519748304268
2055							S01015536			56.474211589302136	-3.026904512333917
2056							S01015537			56.48732690323802	-3.020601139639615
2057							S01015538			56.486488777918815	-3.0110302101784945
2058							S01015539			56.489344422921405	-3.0089950024014014
2059							S01015540			56.49054031086372	-3.0154905140882695
2060							S01015541			56.49270084392947	-3.011666540934764
2061							S01015542			56.49250689107382	-3.016712459205114
2062							S01015543			56.49449053154643	-3.0147514897107115
2063							S01015544			56.495738527837915	-3.0181470784182465
2064							S01015545			56.50022925965474	-3.0106323979755523
2065							S01015546			56.49531881937352	-3.024389186584561
2066							S01015547			56.48298651374238	-3.0656240484370088
2067							S01015548			56.47194830676281	-3.071466607656506
2068							S01015549			56.473368012207885	-3.0693638539857004
2069							S01015550			56.468638380133115	-3.0529996032579363
2070							S01015551			56.4595186208015	-3.0370551369888585
2071							S01015552			55.30887186490558	-4.3979749260951975
2072							S01015553			55.31415350089349	-4.39540972260648
2073							S01015554			55.32414813287692	-4.393143692017071
2074							S01015555			55.32628757225049	-4.4022902133773565
2075							S01015556			55.39907919892953	-4.5904085132529575
2076							S01015557			55.39809078792882	-4.5827468389339625
2077							S01015558			55.363722462636275	-4.504840255069542
2078							S01015559			55.359461309802576	-4.493447195663102
2079							S01015560			55.356457352021074	-4.496177089088016
2080							S01015561			55.399982352351344	-4.539229123875438
2081							S01015562			55.40044964845239	-4.447586082186855
2082							S01015563			55.46967888815558	-4.439850775713571
2083							S01015564			55.46076309653309	-4.368021383123006
2084							S01015565			55.50039047371863	-4.3287397846534414
2085							S01015566			55.50197772831019	-4.32609406629001
2086							S01015567			55.50500509474177	-4.333731402146428
2087							S01015568			55.52888269613056	-4.3596902885310005
2088							S01015569			55.43234486782233	-4.456309973873091
2089							S01015570			55.43457332284204	-4.462597835593558
2090							S01015571			55.43450010055535	-4.468458141027714
2091							S01015572			55.436896795291645	-4.461035166612882
2092							S01015573			55.51341101571963	-4.38398090426866
2093							S01015574			55.51345782046784	-4.3727851134813776
2094							S01015575			55.51563074575434	-4.371506083575166
2095							S01015576			55.516899427212785	-4.383003769104326
2096							S01015577			55.52017219624421	-4.383407563796901
2097							S01015578			55.411571150739	-4.191625422261391
2098							S01015579			55.46202735037398	-4.2768067069118585
2099							S01015580			55.457678885798884	-4.234799682710812
2100							S01015581			55.45962072294557	-4.229847930394487
2101							S01015582			55.51787735430984	-4.081927774511214
2102							S01015583			55.52469926040113	-4.064908132023665
2103							S01015584			55.51063401994687	-4.2912538047876945
2104							S01015585			55.389986200665795	-4.177846619982647
2105							S01015586			55.39358647035081	-4.178060395536721
2106							S01015587			55.390961144269205	-4.1806318827447875
2107							S01015588			55.39866366302182	-4.184656874738438
2108							S01015589			55.44135136521728	-4.240516834399823
2109							S01015590			55.444272490685144	-4.252256366864206
2110							S01015591			55.44184035086038	-4.250109863135663
2111							S01015592			55.447326095039095	-4.265033094152582
2112							S01015593			55.450304851900555	-4.259969428136703
2113							S01015594			55.45121714656447	-4.252414954663223
2114							S01015595			55.45264778996188	-4.249887065578684
2115							S01015596			55.450689652673006	-4.267344971421526
2116							S01015597			55.454942168843715	-4.254145616100131
2117							S01015598			55.456389306599135	-4.2619307288676715
2118							S01015599			55.458066921657334	-4.270346534649781
2119							S01015600			55.46010464389264	-4.271934708206607
2120							S01015601			55.47365990201612	-4.285847992546158
2121							S01015602			55.473247021764976	-4.290143819937914
2122							S01015603			55.46918013960594	-4.297565608994167
2123							S01015604			55.47415203853624	-4.296525742317425
2124							S01015605			55.589306012068235	-4.363523437788258
2125							S01015606			55.62178106200557	-4.3347920278198115
2126							S01015607			55.657448443243446	-4.419902890252765
2127							S01015608			55.658743956016636	-4.4438626860273995
2128							S01015609			55.6856566710255	-4.524948157552538
2129							S01015610			55.680792365752545	-4.52896120176809
2130							S01015611			55.68382088174331	-4.499597943056343
2131							S01015612			55.72780593859901	-4.540873598675267
2132							S01015613			55.71183313682412	-4.534391227849022
2133							S01015614			55.684948127701624	-4.514370346411615
2134							S01015615			55.68409625197701	-4.505486019115258
2135							S01015616			55.68073197453105	-4.505620645528139
2136							S01015617			55.68143771839135	-4.513301696153021
2137							S01015618			55.6781321874204	-4.507490273947727
2138							S01015619			55.683049687555624	-4.524095884604898
2139							S01015620			55.680770601901415	-4.5217217769097084
2140							S01015621			55.67755998052868	-4.525745980641629
2141							S01015622			55.61196981056004	-4.275344530582518
2142							S01015623			55.61364793551889	-4.285144431886052
2143							S01015624			55.61071712610302	-4.285672578815309
2144							S01015625			55.609167838339395	-4.282962540325892
2145							S01015626			55.60752246561725	-4.291186639669302
2146							S01015627			55.60860246962439	-4.319781999334123
2147							S01015628			55.60681594760023	-4.31920017451775
2148							S01015629			55.60628692918742	-4.332870711698597
2149							S01015630			55.606113126447795	-4.342926331913443
2150							S01015631			55.600107442508474	-4.3706024353355
2151							S01015632			55.59754577684864	-4.3738605788106515
2152							S01015633			55.597951335289906	-4.385377398367812
2153							S01015634			55.6002394844672	-4.377706211414277
2154							S01015635			55.59963457719729	-4.388940159716541
2155							S01015636			55.59715384830456	-4.394471815111216
2156							S01015637			55.594560546753975	-4.444342687647606
2157							S01015638			55.596130322221676	-4.448551449058105
2158							S01015639			55.598871382450945	-4.452611429695093
2159							S01015640			55.59783680359245	-4.459832970386348
2160							S01015641			55.60062138682258	-4.450498193792792
2161							S01015642			55.60703446726821	-4.4655056079187645
2162							S01015643			55.5992828634034	-4.4665907725400675
2163							S01015644			55.58178877280035	-4.495150260025188
2164							S01015645			55.58307421589254	-4.498230968024885
2165							S01015646			55.5869400335505	-4.503031311132021
2166							S01015647			55.588624429929304	-4.4958062704507356
2167							S01015648			55.587983609492895	-4.490195064748641
2168							S01015649			55.58564733457591	-4.491046877068533
2169							S01015650			55.58683241548285	-4.485361166675177
2170							S01015651			55.58917872400726	-4.4813513533516165
2171							S01015652			55.591631670102196	-4.490251563055857
2172							S01015653			55.59364593677711	-4.4906490117096665
2173							S01015654			55.595044041907684	-4.481547011600266
2174							S01015655			55.59036492741122	-4.506090373934576
2175							S01015656			55.592373462212976	-4.497964841739008
2176							S01015657			55.59718354234175	-4.485079133390078
2177							S01015658			55.604043396566574	-4.491625609722648
2178							S01015659			55.60635677862224	-4.484817809225752
2179							S01015660			55.6059979144518	-4.490098279051588
2180							S01015661			55.60975464507118	-4.490114122477729
2181							S01015662			55.60837576407166	-4.4801025872878455
2182							S01015663			55.60501529502913	-4.4760482029147015
2183							S01015664			55.61072884487707	-4.472184503104829
2184							S01015665			55.611812552697906	-4.475492199080681
2185							S01015666			55.61210889682818	-4.484832369204186
2186							S01015667			55.61716886536391	-4.470620725226196
2187							S01015668			55.61669906234657	-4.476086181266511
2188							S01015669			55.619330475549376	-4.479301747106737
2189							S01015670			55.620223234487995	-4.472480823774269
2190							S01015671			55.62135050168093	-4.474521428974655
2191							S01015672			55.6241011874273	-4.468261746390073
2192							S01015673			55.63568984363615	-4.481464556052483
2193							S01015674			55.6338204530471	-4.482347161887093
2194							S01015675			55.63258111245464	-4.486733196352948
2195							S01015676			55.63377723433255	-4.492894394731185
2196							S01015677			55.63312254213381	-4.493265852733527
2197							S01015678			55.6280164574685	-4.483123446378932
2198							S01015679			55.6270551467172	-4.48975051795188
2199							S01015680			55.62225220687977	-4.491240567635011
2200							S01015681			55.630237452755836	-4.491493664725088
2201							S01015682			55.626809075386085	-4.493896986263179
2202							S01015683			55.6282786398507	-4.501615952597794
2203							S01015684			55.62436129443601	-4.500222395664125
2204							S01015685			55.62461278767531	-4.508149272615048
2205							S01015686			55.625712717808014	-4.510618335968109
2206							S01015687			55.620893888183865	-4.510675436532287
2207							S01015688			55.62268004414822	-4.5050871307321465
2208							S01015689			55.62184382678277	-4.501142134406228
2209							S01015690			55.622084609889455	-4.495502741480567
2210							S01015691			55.6185999782769	-4.496250015362755
2211							S01015692			55.617623912344754	-4.500920900274669
2212							S01015693			55.6137121707961	-4.4943988115675655
2213							S01015694			55.61075093671599	-4.502976338578447
2214							S01015695			55.609491690798436	-4.505659084934754
2215							S01015696			55.61159471548628	-4.510938423168171
2216							S01015697			55.613340901926186	-4.513448082628738
2217							S01015698			55.61238119779685	-4.519913547323157
2218							S01015699			55.60786107825287	-4.516368423205651
2219							S01015700			55.60345770860619	-4.5110692817618485
2220							S01015701			55.606023178019285	-4.504294637426734
2221							S01015702			55.60071993334238	-4.505623571460157
2222							S01015703			55.600902927136524	-4.508540509444296
2223							S01015704			55.59888158671724	-4.516380712324672
2224							S01015705			55.599575197700034	-4.523299145910954
2225							S01015706			55.60305117637976	-4.528650595101743
2226							S01015707			55.60448541266747	-4.524916472322645
2227							S01015708			55.60843386104408	-4.549099944545777
2228							S01015709			55.61012722009431	-4.552814553914747
2229							S01015710			55.61376182487167	-4.546174259750104
2230							S01015711			55.62211355797911	-4.544365002827169
2231							S01015712			55.61342065823519	-4.523998127646544
2232							S01015713			55.62113084598686	-4.5148998408906955
2233							S01015714			55.612404079246254	-4.573305772295605
2234							S01015715			55.63650595175256	-4.530300265913957
2235							S01015716			55.64030841168317	-4.525982524324309
2236							S01015717			55.6403909456617	-4.533742942406792
2237							S01015718			55.944437476628636	-4.3460748393867865
2238							S01015719			55.94289310498529	-4.342217916303408
2239							S01015720			55.942318658881256	-4.339813055247523
2240							S01015721			55.946222181857586	-4.33918367958871
2241							S01015722			55.94052100439534	-4.331761720091005
2242							S01015723			55.94558901597725	-4.33038473800176
2243							S01015724			55.94313614991743	-4.327018355558782
2244							S01015725			55.949916038725426	-4.32921919420289
2245							S01015726			55.943653376143935	-4.322469052942175
2246							S01015727			55.94583841384349	-4.3181154098749035
2247							S01015728			55.94588761091687	-4.307355624482637
2248							S01015729			55.94057596048049	-4.308320781148338
2249							S01015730			55.93702720892462	-4.3005679075083
2250							S01015731			55.93960811664878	-4.320609498336475
2251							S01015732			55.93834470554714	-4.322791748496813
2252							S01015733			55.936472007572455	-4.324873297191324
2253							S01015734			55.934604192873415	-4.320022000782241
2254							S01015735			55.93030010337566	-4.3280736734483405
2255							S01015736			55.93036882542961	-4.32109758540971
2256							S01015737			55.928434033483796	-4.3140661012387
2257							S01015738			55.92602623446448	-4.317844418169126
2258							S01015739			55.92237009226567	-4.32442879312266
2259							S01015740			55.920254055917745	-4.329871996377309
2260							S01015741			55.92583509580172	-4.3294066218121445
2261							S01015742			55.92844721667578	-4.339536961635149
2262							S01015743			55.93019356193871	-4.335127522600963
2263							S01015744			55.93501031224831	-4.357337415173457
2264							S01015745			55.931572082462075	-4.357128533243952
2265							S01015746			55.93097255593557	-4.348991032063463
2266							S01015747			55.92951282668539	-4.347301728652329
2267							S01015748			55.92778557942998	-4.356802490465133
2268							S01015749			55.92318365627825	-4.354938382314603
2269							S01015750			55.924398754450415	-4.350610091208492
2270							S01015751			55.923444254722405	-4.346934721897229
2271							S01015752			55.92088009715151	-4.337624353702148
2272							S01015753			55.917762920593226	-4.345582974432524
2273							S01015754			55.912447481695594	-4.342477473960641
2274							S01015755			55.90815304465383	-4.346170595260942
2275							S01015756			55.90658455090581	-4.340747865361742
2276							S01015757			55.908943101128685	-4.340073972129907
2277							S01015758			55.909917880701194	-4.33085198501244
2278							S01015759			55.90836933030659	-4.329094995496407
2279							S01015760			55.90513687003271	-4.327509255162982
2280							S01015761			55.90842208270284	-4.321065896441871
2281							S01015762			55.912875409946786	-4.325588689063029
2282							S01015763			55.91765221178815	-4.3277313100142765
2283							S01015764			55.91841985179428	-4.312749032906233
2284							S01015765			55.9138953289084	-4.318208468492287
2285							S01015766			55.91158248713799	-4.317894392924678
2286							S01015767			55.91031777910391	-4.3125065970736705
2287							S01015768			55.91395864150622	-4.308146680413488
2288							S01015769			55.91802146730843	-4.309076349238596
2289							S01015770			55.9430200006302	-4.2099146511495364
2290							S01015771			55.9377908377479	-4.220825076181447
2291							S01015772			55.93932094859773	-4.210712703760756
2292							S01015773			55.918361257824124	-4.219297705332126
2293							S01015774			55.91526734166733	-4.223409600501758
2294							S01015775			55.916714898688966	-4.225860968499671
2295							S01015776			55.91428308162221	-4.231610419837347
2296							S01015777			55.911077132487954	-4.230482154416705
2297							S01015778			55.91146888454906	-4.224728241524083
2298							S01015779			55.916580855221675	-4.2123626005233055
2299							S01015780			55.91104808548928	-4.214175515051173
2300							S01015781			55.908844261774576	-4.217777884978663
2301							S01015782			55.90570661745165	-4.229277823498018
2302							S01015783			55.90801114628273	-4.236497997315052
2303							S01015784			55.904651996109244	-4.235888619276556
2304							S01015785			55.90322405243881	-4.232366896586696
2305							S01015786			55.89875622953039	-4.232430074573716
2306							S01015787			55.90074058801666	-4.225585513705679
2307							S01015788			55.90269011086008	-4.2226416815392325
2308							S01015789			55.90157662288239	-4.214115510092112
2309							S01015790			55.89908304069001	-4.216340796221692
2310							S01015791			55.898781251177304	-4.20663005975106
2311							S01015792			55.89998302776414	-4.197228480896379
2312							S01015793			55.90322645053131	-4.194260419975159
2313							S01015794			55.9051208381169	-4.195375351789489
2314							S01015795			55.90417851570215	-4.201337363412183
2315							S01015796			55.90153723671168	-4.20680262015945
2316							S01015797			55.90403660508154	-4.214255745838605
2317							S01015798			55.905281760983094	-4.207479345892037
2318							S01015799			55.90667419193366	-4.202998743613852
2319							S01015800			55.91004701520861	-4.207366219080435
2320							S01015801			55.911033680158305	-4.197933770592987
2321							S01015802			55.92451655349505	-4.174031401624658
2322							S01015803			55.92324755698767	-4.17107927676751
2323							S01015804			55.926801702142726	-4.164715130807608
2324							S01015805			55.93027556241649	-4.158809631690445
2325							S01015806			55.9294686046061	-4.156651645575064
2326							S01015807			55.92717382636245	-4.151177665981474
2327							S01015808			55.925438381830475	-4.154314802605537
2328							S01015809			55.917553585600324	-4.151924796020933
2329							S01015810			55.917963104592985	-4.142873545768685
2330							S01015811			55.92227515342816	-4.146584743146506
2331							S01015812			55.92166870435705	-4.138052583003767
2332							S01015813			55.927147959739294	-4.144933425502167
2333							S01015814			55.9332117720449	-4.137840201794791
2334							S01015815			55.93351421204761	-4.145253380909073
2335							S01015816			55.931259983553545	-4.1498033249103194
2336							S01015817			55.93519503840985	-4.155016686464319
2337							S01015818			55.934990735828755	-4.169206669564474
2338							S01015819			55.93800489325344	-4.174611056930075
2339							S01015820			55.93785884019459	-4.161473276930155
2340							S01015821			55.93799858657441	-4.1586309755676485
2341							S01015822			55.93985469109322	-4.152713586178888
2342							S01015823			55.94498617116438	-4.146544615321808
2343							S01015824			55.93775453591331	-4.151524249655813
2344							S01015825			55.94127819735248	-4.144786118002582
2345							S01015826			55.9412395029037	-4.1408127755680155
2346							S01015827			55.93789375341709	-4.141476707685939
2347							S01015828			55.93918046596747	-4.133621791348733
2348							S01015829			55.93741842439227	-4.137799876464803
2349							S01015830			55.93901173426152	-4.127271793038246
2350							S01015831			55.93787654964044	-4.124311459873964
2351							S01015832			55.93433607700736	-4.120115067154346
2352							S01015833			55.926551950423736	-4.135792541393236
2353							S01015834			55.93002362276272	-4.124729866295323
2354							S01015835			55.929287792447276	-4.129347868615475
2355							S01015836			55.931185801962485	-4.131325061854399
2356							S01015837			55.938892619379594	-4.114359731449662
2357							S01015838			55.95122733113013	-4.088284319455942
2358							S01015839			55.94406396755935	-4.109421172146209
2359							S01015840			55.946495989707834	-4.121132280795985
2360							S01015841			55.943110174795734	-4.122564446045464
2361							S01015842			55.94537293817617	-4.124241716434366
2362							S01015843			55.946103514142195	-4.128253415658197
2363							S01015844			55.943639999178544	-4.131433065758439
2364							S01015845			55.94363893231591	-4.137197991885401
2365							S01015846			55.957413885352125	-4.167658001285579
2366							S01015847			55.96032057169418	-4.163350713064481
2367							S01015848			55.96120388065026	-4.1672932043905995
2368							S01015849			55.96430366282928	-4.158638115510627
2369							S01015850			55.96619702615997	-4.165970131284507
2370							S01015851			55.97238572522964	-4.190547729675169
2371							S01015852			55.97257434601246	-4.196103506939493
2372							S01015853			55.97399989325147	-4.195286816924326
2373							S01015854			55.9731322603244	-4.204613199091727
2374							S01015855			55.97847374563719	-4.2214429855076085
2375							S01015856			55.97795618125298	-4.207243988911674
2376							S01015857			55.93570654469339	-3.0191413082036744
2377							S01015858			55.934180979087174	-3.0145552084268243
2378							S01015859			55.93563336977856	-3.014945339723672
2379							S01015860			55.9384193765727	-3.018139938113931
2380							S01015861			55.93920196149205	-3.008202691495075
2381							S01015862			55.91841852504694	-3.036400295151657
2382							S01015863			55.92028636410388	-3.0397304793988695
2383							S01015864			55.94015556339854	-3.0276311817818
2384							S01015865			55.93048065625658	-3.0176276123582104
2385							S01015866			55.93130069123206	-3.06046938538347
2386							S01015867			55.93402737136526	-3.064685652777117
2387							S01015868			55.93269852534076	-3.0666500523685625
2388							S01015869			55.93508149816049	-3.0705732603219515
2389							S01015870			55.93663678670841	-3.0684070279833295
2390							S01015871			55.93770639230488	-3.066291287227038
2391							S01015872			55.936575560696845	-3.049403633527012
2392							S01015873			55.93944665386856	-3.0635053977452977
2393							S01015874			55.93936842768228	-3.0714918628654906
2394							S01015875			55.935766745201576	-3.0764829164002827
2395							S01015876			55.937829839237835	-3.0748272036859534
2396							S01015877			55.94505123729409	-3.073073624658013
2397							S01015878			55.94477247991253	-3.0627385220924186
2398							S01015879			55.9418717721805	-3.060481799624051
2399							S01015880			55.94244148981926	-3.057967679054968
2400							S01015881			55.944881568174054	-3.0584183874295787
2401							S01015882			55.94461313359958	-3.0488362371249482
2402							S01015883			55.946780919484674	-3.0475016828686377
2403							S01015884			55.940503370536064	-3.049253617737816
2404							S01015885			55.938739271975734	-3.041137374279471
2405							S01015886			55.93823452257594	-3.034928406190846
2406							S01015887			55.94044013227494	-3.0333542105655185
2407							S01015888			55.94361925890735	-3.0441982272001167
2408							S01015889			55.944687026923404	-3.0315778549482824
2409							S01015890			55.94341937614013	-3.024131102186647
2410							S01015891			55.94226484931624	-3.019249472973544
2411							S01015892			55.94202432437776	-3.0244145247789427
2412							S01015893			55.95162708682173	-2.9884114383711275
2413							S01015894			55.95187320381523	-2.984606270477124
2414							S01015895			55.95531201864728	-2.98603884465709
2415							S01015896			55.95362493139177	-2.9902560080516776
2416							S01015897			55.95641967304102	-2.9924414589974773
2417							S01015898			55.95855843889444	-2.987931265623079
2418							S01015899			55.959907403960884	-2.9765129060858797
2419							S01015900			55.961859356921195	-2.97850027641526
2420							S01015901			55.95591238327832	-2.9794874662747834
2421							S01015902			55.95617071054341	-2.96612036660474
2422							S01015903			55.95844849001626	-2.972391805574215
2423							S01015904			55.95861139416127	-2.964243070507895
2424							S01015905			55.96179003822204	-2.9679423381030205
2425							S01015906			55.962533704263684	-2.970491869615377
2426							S01015907			55.96855810042788	-2.9630645740255352
2427							S01015908			55.97086800442534	-2.957209744310151
2428							S01015909			55.966789346077014	-2.9548181238039786
2429							S01015910			55.96833007839492	-2.9496171386413237
2430							S01015911			55.97094673193502	-2.9493607989335113
2431							S01015912			55.96971406052249	-2.9449086073567474
2432							S01015913			55.97085133851603	-2.9395368590874624
2433							S01015914			55.94690411620227	-2.9456657620166706
2434							S01015915			55.94529250542076	-2.9484285616207715
2435							S01015916			55.941676346963135	-2.9442896320798053
2436							S01015917			55.93899908089119	-2.9419032155150013
2437							S01015918			55.937353092322205	-2.9444726871651468
2438							S01015919			55.94031785279038	-2.950356305294228
2439							S01015920			55.94741504509452	-2.995974217344967
2440							S01015921			55.94022387104884	-3.000784729140161
2441							S01015922			55.94922323565904	-2.9513749787386425
2442							S01015923			55.94602996302245	-2.9553157879356533
2443							S01015924			55.94055380851661	-2.952379320178857
2444							S01015925			55.94221409444789	-2.959576776971447
2445							S01015926			55.94643912232252	-2.9627716203754195
2446							S01015927			55.94005244688425	-2.957938398784996
2447							S01015928			55.936558406289585	-2.9612459666554685
2448							S01015929			55.93657111066372	-2.9573082565098514
2449							S01015930			55.936435975984324	-2.9515579948247717
2450							S01015931			55.934572433859465	-2.9578192576110216
2451							S01015932			55.912164220672885	-2.948419957725675
2452							S01015933			55.91198950553256	-2.941920537924881
2453							S01015934			55.91112680778969	-2.9524420027112286
2454							S01015935			55.90845104386489	-2.9487131954057286
2455							S01015936			55.97652065918319	-2.89491804330802
2456							S01015937			56.006378846397986	-2.856975697111646
2457							S01015938			56.0061235355429	-2.8613800481737317
2458							S01015939			56.00934072650835	-2.8613073491625878
2459							S01015940			55.93952697187383	-2.9074960863152977
2460							S01015941			55.941402659534255	-2.9041298292207784
2461							S01015942			55.951617850849196	-2.906689977043916
2462							S01015943			55.97173906866172	-2.9049658042615776
2463							S01015944			55.9723918368393	-2.9066153807498476
2464							S01015945			55.978890385394884	-2.8940112223084977
2465							S01015946			55.94869605913038	-2.797846586937551
2466							S01015947			55.95253793058638	-2.808062742420635
2467							S01015948			55.960305226669114	-2.7949780288046355
2468							S01015949			55.92886694929513	-2.8155562237313423
2469							S01015950			55.9227592904758	-2.9632729109867793
2470							S01015951			55.90842448010385	-2.8959083423426284
2471							S01015952			55.90999749275371	-2.879627549052229
2472							S01015953			55.90608067402781	-2.8957263548986174
2473							S01015954			55.90001742372007	-2.8420263869715057
2474							S01015955			55.9018201733714	-2.740522415078219
2475							S01015956			55.917499016127785	-2.7420052303007707
2476							S01015957			55.95516941669498	-2.8027363926963096
2477							S01015958			55.954777722648394	-2.807676998771422
2478							S01015959			55.95289369502704	-2.7962033539458626
2479							S01015960			55.958938646221	-2.792323193786173
2480							S01015961			55.95738749879042	-2.7833862992876846
2481							S01015962			55.96019877094683	-2.7721666247436807
2482							S01015963			55.959383391361456	-2.773239552486248
2483							S01015964			55.95659458082753	-2.783738652111104
2484							S01015965			55.95154731989743	-2.790410621836413
2485							S01015966			55.954523164633684	-2.774567962926474
2486							S01015967			55.95458035260863	-2.768307052972814
2487							S01015968			55.95285028735195	-2.7633242577671524
2488							S01015969			55.986978997690414	-2.7480660978691898
2489							S01015970			56.03412760662058	-2.827548685166918
2490							S01015971			56.03518455825948	-2.8199643398564818
2491							S01015972			56.037799743673915	-2.8225717033239617
2492							S01015973			56.036868735829074	-2.8314431311300505
2493							S01015974			56.047512875390545	-2.7795944668193755
2494							S01015975			56.0574303880245	-2.7404856051424584
2495							S01015976			56.055533889525975	-2.7376071900334495
2496							S01015977			56.056172645408815	-2.729911972236207
2497							S01015978			56.059042011504694	-2.718645069371426
2498							S01015979			56.05176801079121	-2.731787506077353
2499							S01015980			56.04844683004876	-2.729733941757706
2500							S01015981			56.049040074422216	-2.7266466920715478
2501							S01015982			56.05142311256624	-2.7170744676919587
2502							S01015983			56.05394074180242	-2.7198346912673226
2503							S01015984			56.053409058559325	-2.7123587202860544
2504							S01015985			56.054193082203895	-2.708824712739097
2505							S01015986			56.055070822816916	-2.698259384243803
2506							S01015987			56.054825427045465	-2.6826637691527777
2507							S01015988			55.99084197827067	-2.668262320838784
2508							S01015989			55.98914979948275	-2.6638250175806504
2509							S01015990			55.98443509059432	-2.656660074511983
2510							S01015991			55.968796762863285	-2.5729102883741097
2511							S01015992			55.95868500222799	-2.448185101008058
2512							S01015993			55.993487219468214	-2.5028518203429493
2513							S01015994			55.98875341642429	-2.5156132324172598
2514							S01015995			55.991997392844084	-2.532424086286126
2515							S01015996			55.99037357148425	-2.5234572342562336
2516							S01015997			55.99059942861005	-2.5273875623799253
2517							S01015998			55.995935179880924	-2.54012549728001
2518							S01015999			56.00045109654145	-2.526351425872936
2519							S01016000			55.998913677919106	-2.532871993361865
2520							S01016001			56.00193938260176	-2.529193717487818
2521							S01016002			56.00242624076789	-2.5203493419689345
2522							S01016003			56.0037607679528	-2.5149314602275807
2523							S01016004			56.0011350826936	-2.513293107399213
2524							S01016005			55.997201901855874	-2.508447270663479
2525							S01016006			55.99310185951391	-2.511342968693838
2526							S01016007			55.99760951775001	-2.516292449097224
2527							S01016008			55.99205296274553	-2.517244194140971
2528							S01016009			55.786579148523785	-4.4239035509179105
2529							S01016010			55.78484084304452	-4.417702643835084
2530							S01016011			55.78434182967174	-4.430240216612012
2531							S01016012			55.77954739699598	-4.4267999150679405
2532							S01016013			55.7793741787955	-4.438271591055974
2533							S01016014			55.78452404147363	-4.435562907801943
2534							S01016015			55.77775312172543	-4.432540959883238
2535							S01016016			55.76583914862355	-4.492857968953696
2536							S01016017			55.80456597806616	-4.399057854716783
2537							S01016018			55.80058650575343	-4.407222110842446
2538							S01016019			55.810483824768916	-4.403460087832917
2539							S01016020			55.80879696116836	-4.401935642708286
2540							S01016021			55.80811785490363	-4.394360921032763
2541							S01016022			55.81059678528723	-4.398136236705037
2542							S01016023			55.798557704321155	-4.391907117948573
2543							S01016024			55.80079864398818	-4.38574178259326
2544							S01016025			55.79893027794196	-4.380122830563417
2545							S01016026			55.80066081213495	-4.382653789921836
2546							S01016027			55.80632881803577	-4.38513862565689
2547							S01016028			55.80157402875744	-4.396703646031026
2548							S01016029			55.80026162642983	-4.39901641937102
2549							S01016030			55.80834862806723	-4.383873728860078
2550							S01016031			55.808746621254315	-4.381424326372111
2551							S01016032			55.795393893248345	-4.402051431343698
2552							S01016033			55.79025111006919	-4.392929189980176
2553							S01016034			55.796727307294795	-4.397283299512315
2554							S01016035			55.79589430331978	-4.392062866532403
2555							S01016036			55.79337337163994	-4.389515267183261
2556							S01016037			55.79664051136883	-4.404026851103159
2557							S01016038			55.7974563271074	-4.377799204106384
2558							S01016039			55.793517927173355	-4.375102342314453
2559							S01016040			55.792628584343575	-4.385289952719857
2560							S01016041			55.79206892700682	-4.3789225224527675
2561							S01016042			55.79489479292212	-4.383833141645588
2562							S01016043			55.790305405777126	-4.327386285482915
2563							S01016044			55.787336985108915	-4.336045835089545
2564							S01016045			55.780203583368184	-4.334008145544
2565							S01016046			55.78114936858456	-4.326313991389668
2566							S01016047			55.784227635988856	-4.325125859673452
2567							S01016048			55.7777966391001	-4.353239364936317
2568							S01016049			55.78606176127059	-4.340244099780697
2569							S01016050			55.78589338618722	-4.348129237651807
2570							S01016051			55.78221835261958	-4.339598961642548
2571							S01016052			55.78264772630589	-4.3373440549460325
2572							S01016053			55.78094762280458	-4.3454394564793875
2573							S01016054			55.77102314107715	-4.339422237264293
2574							S01016055			55.771881560708806	-4.344368551097286
2575							S01016056			55.772532994259954	-4.346496401280539
2576							S01016057			55.77314518370255	-4.3530227174851985
2577							S01016058			55.77941705179594	-4.35075360876245
2578							S01016059			55.77888907713873	-4.345459261756279
2579							S01016060			55.77662939462582	-4.34659915835877
2580							S01016061			55.77621272100188	-4.338282197481571
2581							S01016062			55.7728941160845	-4.328931211253951
2582							S01016063			55.78535484677901	-4.304889024152696
2583							S01016064			55.778948451797035	-4.31006033242009
2584							S01016065			55.776260102826875	-4.314892333064627
2585							S01016066			55.77194761327627	-4.313855320043719
2586							S01016067			55.76815609115573	-4.3133117244870895
2587							S01016068			55.76756722746564	-4.317852326025895
2588							S01016069			55.7701991138287	-4.321739362563899
2589							S01016070			55.76823638293398	-4.333308625988011
2590							S01016071			55.76457667646695	-4.329136488107711
2591							S01016072			55.76810761378751	-4.339135938441336
2592							S01016073			55.76018990289137	-4.350887224982931
2593							S01016074			55.76298872477483	-4.3492863134133435
2594							S01016075			55.76043715904959	-4.3548710806102795
2595							S01016076			55.77004444789406	-4.346442484780061
2596							S01016077			55.767859249959564	-4.352146144636939
2597							S01016078			55.73691415988933	-4.271939031924581
2598							S01016079			55.73894114634608	-4.283797939220008
2599							S01016080			55.74177831581254	-4.282020106807137
2600							S01016081			55.74252475697223	-4.272297202687846
2601							S01016082			55.745241682656825	-4.2731244874605485
2602							S01016083			55.75892272155688	-4.277874022471359
2603							S01016084			55.763535118408676	-4.285523881033361
2604							S01016085			55.77141269796053	-4.301180030970486
2605							S01016086			55.77282033195932	-4.307593015414091
2606							S01016087			55.77614056196299	-4.307869051921163
2607							S01016088			55.77544913826183	-4.302566138581131
2608							S01016089			55.777215384778955	-4.298476379483906
2609							S01016090			55.77967399348513	-4.274061853983018
2610							S01016091			55.78231462556474	-4.271727731909513
2611							S01016092			55.77898009110359	-4.268328230495015
2612							S01016093			55.77812867404263	-4.258439463623693
2613							S01016094			55.78033162449942	-4.26327156715919
2614							S01016095			55.78458032806529	-4.292003925235513
2615							S01016096			55.78335999159121	-4.289970535488169
2616							S01016097			55.785877068722506	-4.28463139446777
2617							S01016098			55.784242391091325	-4.278283521616383
2618							S01016099			55.78140562593868	-4.283428727618837
2619							S01016100			55.786472764592304	-4.270438548199216
2620							S01016101			55.78687179130142	-4.277527834597124
2621							S01016102			55.78925207263539	-4.281479156807159
2622							S01016103			55.79116424235913	-4.294623939308107
2623							S01016104			55.78897585904987	-4.295340685802186
2624							S01016105			55.78936254315295	-4.290514169713705
2625							S01016106			55.79086141202489	-4.287730768047576
2626							S01016107			55.793289704671146	-4.2832945936020925
2627							S01016108			55.791672906289904	-4.270150883972135
2628							S01016109			55.791576999812364	-4.273878164947987
2629							S01016110			55.796989286904676	-4.269407212796639
2630							S01016111			55.79468800072269	-4.267486553174251
2631							S01016112			55.79460389855777	-4.264737643803817
2632							S01016113			55.799465276562536	-4.274513443862177
2633							S01016114			55.798766007919475	-4.266638609672854
2634							S01016115			55.80108334432252	-4.268177408082388
2635							S01016116			55.80605894773676	-4.2717701282414575
2636							S01016117			55.807145786235	-4.273748487481123
2637							S01016118			55.80238045888804	-4.273853670565602
2638							S01016119			55.80468991788154	-4.279206497264321
2639							S01016120			55.80566436431947	-4.280939050395833
2640							S01016121			55.80005624019611	-4.285286214630783
2641							S01016122			55.80320066309634	-4.290177807443464
2642							S01016123			55.80759361840681	-4.291728452142216
2643							S01016124			55.80983813048138	-4.2879980540023634
2644							S01016125			55.81201437824685	-4.286481785724371
2645							S01016126			55.793040462445624	-4.30146645690276
2646							S01016127			55.79403263546166	-4.30655027527936
2647							S01016128			55.79347974636058	-4.29335622592588
2648							S01016129			55.79644425185832	-4.291504270549568
2649							S01016130			55.80059941340345	-4.294237510482604
2650							S01016131			55.8023943076555	-4.297263191268186
2651							S01016132			55.80593776843925	-4.297136782502912
2652							S01016133			55.805701948053226	-4.302532737111193
2653							S01016134			55.80821356215121	-4.311410727211354
2654							S01016135			55.80992965568561	-4.295137532856002
2655							S01016136			55.802849988840435	-4.317507573263831
2656							S01016137			55.80050924303398	-4.312948663165425
2657							S01016138			55.799646887072555	-4.310536087287385
2658							S01016139			55.80418475933523	-4.303400620469562
2659							S01016140			55.80473987845247	-4.310215460678581
2660							S01016141			55.806718431919684	-4.317306593116082
2661							S01016142			56.033092623011754	-3.916453655271105
2662							S01016143			56.02996518322693	-3.919925923020635
2663							S01016144			56.02822584615753	-3.9133078537354713
2664							S01016145			56.02391740583271	-3.919337080623856
2665							S01016146			56.02753242470138	-3.9209125618230063
2666							S01016147			56.02470309965343	-3.942611993196398
2667							S01016148			56.022900174802906	-3.929235277151125
2668							S01016149			56.0221801027099	-3.916057764282187
2669							S01016150			56.02194149590409	-3.911167973888374
2670							S01016151			56.0241692806587	-3.9054208592804236
2671							S01016152			56.01898723709557	-3.9028874562700864
2672							S01016153			56.01692765912065	-3.90299480297106
2673							S01016154			56.01377191843508	-3.904251260211954
2674							S01016155			56.01196100593717	-3.9161453888144773
2675							S01016156			56.01892246154991	-3.9146129295702012
2676							S01016157			56.01476041939935	-3.9193161499212796
2677							S01016158			56.01477336773003	-3.915017292136957
2678							S01016159			56.016983794909926	-3.9127201317527973
2679							S01016160			56.01906504169811	-3.9117961057780466
2680							S01016161			56.00074345780039	-3.9116603059340656
2681							S01016162			56.00429414639575	-3.9110179701534804
2682							S01016163			56.00852995589989	-3.913713750119482
2683							S01016164			56.00852538472143	-3.908211602405448
2684							S01016165			55.984494368560355	-3.9342137907271453
2685							S01016166			55.99400257050705	-3.9244272196492846
2686							S01016167			55.99013590659699	-3.940059387265535
2687							S01016168			55.98907371105405	-3.9509884198169583
2688							S01016169			55.98986662455146	-3.9587881667278175
2689							S01016170			55.98660373222515	-3.9531723591772314
2690							S01016171			56.00419195956321	-3.8984384383144532
2691							S01016172			56.0009526112687	-3.897541565182051
2692							S01016173			56.00318969769219	-3.8929040320727513
2693							S01016174			56.00632820400086	-3.8898337628392294
2694							S01016175			56.00773191579612	-3.8809037979300927
2695							S01016176			56.004360188262474	-3.8745328155680245
2696							S01016177			56.00340851848648	-3.882136895483766
2697							S01016178			55.994222026497056	-3.876991896095274
2698							S01016179			55.989383357912885	-3.8571016929952577
2699							S01016180			55.9924350395256	-3.8880806481365755
2700							S01016181			55.99436177542963	-3.893113318460346
2701							S01016182			55.9920992717528	-3.89356377894481
2702							S01016183			56.03405854333579	-3.831640552753778
2703							S01016184			56.03941735556873	-3.8223431140181265
2704							S01016185			56.037117201367415	-3.81928118521124
2705							S01016186			56.034442231177984	-3.8257681624150197
2706							S01016187			56.036492158902185	-3.826908309169874
2707							S01016188			56.03975614189996	-3.812165601231167
2708							S01016189			56.041792904092276	-3.8196938743929514
2709							S01016190			56.029407431571784	-3.841033464121011
2710							S01016191			56.02534736364218	-3.82763371598339
2711							S01016192			56.02868354796385	-3.826876544337698
2712							S01016193			56.02813658223028	-3.8352598695130076
2713							S01016194			56.01745797124169	-3.8275823361017416
2714							S01016195			56.01967328776322	-3.833318392505058
2715							S01016196			56.022425379674885	-3.8355827609659743
2716							S01016197			56.02673367051009	-3.8329145979437853
2717							S01016198			56.018698435992626	-3.820276759662739
2718							S01016199			56.02769650775335	-3.8170568513307828
2719							S01016200			56.02340454382621	-3.8216852477018777
2720							S01016201			56.02207650447865	-3.819119734548743
2721							S01016202			56.02030906038422	-3.8140469291624193
2722							S01016203			56.02887505852649	-3.8004381543188552
2723							S01016204			56.02951901795865	-3.804945628727753
2724							S01016205			56.0273565813099	-3.8102367264436463
2725							S01016206			56.02907158475123	-3.8115526798742345
2726							S01016207			56.02628577723911	-3.802981490177333
2727							S01016208			56.03060251457948	-3.798448242679195
2728							S01016209			56.034750535093536	-3.7999251698132746
2729							S01016210			56.03343744522568	-3.8092051643771097
2730							S01016211			56.03557222793652	-3.804570030160743
2731							S01016212			56.03280686185026	-3.813589364023297
2732							S01016213			56.0236061912027	-3.7895385030061535
2733							S01016214			56.026793200231964	-3.7835557943661784
2734							S01016215			56.02550162655039	-3.7926750055736695
2735							S01016216			56.028730274843255	-3.7918777822435863
2736							S01016217			56.02620660523159	-3.776885236134168
2737							S01016218			56.02888889573189	-3.7803143910042127
2738							S01016219			56.02951237763798	-3.7869069137650397
2739							S01016220			56.030786479317605	-3.7826967509472325
2740							S01016221			56.051945411911795	-3.774198535555192
2741							S01016222			56.06501885363489	-3.768020130590402
2742							S01016223			56.06427497277119	-3.7641148655892223
2743							S01016224			56.06948819847679	-3.7702971627824704
2744							S01016225			56.019604071681606	-3.776726485189595
2745							S01016226			56.02055440504896	-3.779369384398872
2746							S01016227			56.01807605587214	-3.7910157915228297
2747							S01016228			56.01943740925492	-3.787003368979651
2748							S01016229			56.01826095252467	-3.7857136666849875
2749							S01016230			56.01473097713083	-3.7855989167710127
2750							S01016231			56.01903237852352	-3.796306587416812
2751							S01016232			56.009553355053285	-3.791262866167026
2752							S01016233			56.011724840792205	-3.7921013564807105
2753							S01016234			56.013795686622224	-3.7918283551887115
2754							S01016235			56.01520471555498	-3.79872803622825
2755							S01016236			56.01344495842416	-3.8041485378462894
2756							S01016237			56.00590360333397	-3.787645301365507
2757							S01016238			56.006343388065936	-3.778378976484722
2758							S01016239			56.00622053792993	-3.7819019303765624
2759							S01016240			56.009682376548604	-3.783617481685102
2760							S01016241			56.00282936983565	-3.7727964775300906
2761							S01016242			56.00173329394366	-3.7665237766637505
2762							S01016243			56.00418031525396	-3.761310982197045
2763							S01016244			56.00148786573106	-3.7598091099332676
2764							S01016245			56.007734056382915	-3.777288143749008
2765							S01016246			56.01090268250828	-3.7750436409031587
2766							S01016247			56.00861235422334	-3.7724683683698577
2767							S01016248			55.99874648451916	-3.7705084749640965
2768							S01016249			55.99651648202285	-3.7731002111546075
2769							S01016250			55.99457629803557	-3.7848604364732785
2770							S01016251			55.99652018510487	-3.7809414647236266
2771							S01016252			56.000659197793546	-3.781821797903489
2772							S01016253			56.00189692642339	-3.7943559076776032
2773							S01016254			55.99586311989365	-3.789072860794165
2774							S01016255			55.99482729952275	-3.7966412128146203
2775							S01016256			55.99517399838777	-3.8073362412495415
2776							S01016257			55.99716427398027	-3.8021377388646864
2777							S01016258			56.00173557253742	-3.821258640069514
2778							S01016259			56.00392486368274	-3.8202712653642736
2779							S01016260			56.0047209822294	-3.810766020764147
2780							S01016261			56.00113873557967	-3.8148157944031214
2781							S01016262			56.00515219545892	-3.805878483099406
2782							S01016263			56.00230695198324	-3.834227648446708
2783							S01016264			56.00527663188757	-3.829717463898083
2784							S01016265			56.00326433788879	-3.8278580273774567
2785							S01016266			56.00135464204327	-3.8251376421523213
2786							S01016267			56.00023827913809	-3.8069958350317394
2787							S01016268			55.99749158334598	-3.8122873062226117
2788							S01016269			55.99701836995424	-3.8224313697394554
2789							S01016270			55.99693056204219	-3.83198413706687
2790							S01016271			55.99373143178997	-3.79229319076388
2791							S01016272			55.988003707238555	-3.793759172030249
2792							S01016273			55.98477424688982	-3.7958376498520323
2793							S01016274			55.985906748527235	-3.8007474571335567
2794							S01016275			55.989921107608325	-3.8046056824212675
2795							S01016276			55.986237600964245	-3.7673550861280876
2796							S01016277			55.9857515251206	-3.7730396931309587
2797							S01016278			55.98690534741038	-3.7752887657369762
2798							S01016279			55.98617590123017	-3.78410417227027
2799							S01016280			55.97104284481679	-3.773520221112273
2800							S01016281			55.973106487560976	-3.7631022799176908
2801							S01016282			55.9738033707993	-3.764640373764277
2802							S01016283			55.93465989654296	-3.838295416996578
2803							S01016284			55.930528212390804	-3.832128731338203
2804							S01016285			55.96682210451576	-3.751969185476927
2805							S01016286			55.9555441266804	-3.713657809804312
2806							S01016287			55.93424547863312	-3.746367464067182
2807							S01016288			55.9741763077506	-3.654211930301038
2808							S01016289			55.980240515727154	-3.7417091704285785
2809							S01016290			55.98125719018581	-3.7460665104931947
2810							S01016291			55.980234932173666	-3.728069201280901
2811							S01016292			55.98187525719948	-3.728366789201672
2812							S01016293			55.98569261199826	-3.746971834059697
2813							S01016294			55.985544675562046	-3.751694046489963
2814							S01016295			55.97735401587435	-3.732283902926447
2815							S01016296			55.98446678937694	-3.7217019448305777
2816							S01016297			55.98245152447848	-3.721868804680551
2817							S01016298			55.97769697073145	-3.7244941900478272
2818							S01016299			55.97788626855469	-3.7193099167584887
2819							S01016300			55.980994751260674	-3.712267366795188
2820							S01016301			55.9760214700731	-3.7144834598565533
2821							S01016302			55.97528131252746	-3.699803292964824
2822							S01016303			55.9761665714758	-3.7066211207504343
2823							S01016304			55.97372688956977	-3.7075873035947864
2824							S01016305			55.97139030262616	-3.708894423508925
2825							S01016306			55.97289278124152	-3.6983684380411
2826							S01016307			55.96956713504335	-3.6945052669215825
2827							S01016308			55.98823647346429	-3.7000194510180706
2828							S01016309			55.98587834732534	-3.70094180407937
2829							S01016310			55.98435599828276	-3.702509902000834
2830							S01016311			55.993156908478916	-3.7094063543432703
2831							S01016312			55.98810618851813	-3.709439844913269
2832							S01016313			55.990924075593576	-3.7006184536704407
2833							S01016314			55.99180875909265	-3.7351431431189006
2834							S01016315			55.98875287145232	-3.730068531403109
2835							S01016316			55.987883646584464	-3.7388307198959185
2836							S01016317			55.98896983701669	-3.719705907358952
2837							S01016318			55.996271626198	-3.748732230678447
2838							S01016319			55.993657210030676	-3.7480528444266925
2839							S01016320			55.99103925986755	-3.7425476699405595
2840							S01016321			55.99677349178583	-3.740577141448987
2841							S01016322			56.001217598978144	-3.7248846915256304
2842							S01016323			56.004973545862185	-3.7332315705989645
2843							S01016324			56.00509016372573	-3.7306867026688617
2844							S01016325			56.003641667272944	-3.72696534596102
2845							S01016326			56.00614181508149	-3.7261787293840145
2846							S01016327			56.008744996421555	-3.729582993021228
2847							S01016328			56.00678468797646	-3.7328796177768107
2848							S01016329			56.010605530516784	-3.7257041398432724
2849							S01016330			56.02047487076758	-3.743408688062875
2850							S01016331			56.01390644740433	-3.722915707360989
2851							S01016332			56.01646612808372	-3.7242970956360897
2852							S01016333			56.018486001520074	-3.715418700904086
2853							S01016334			56.01787961779969	-3.7053647038427924
2854							S01016335			56.00683187671258	-3.713426501919948
2855							S01016336			56.00895706709149	-3.7131035622275386
2856							S01016337			56.008633368101385	-3.70988132807236
2857							S01016338			56.011479468429926	-3.708114298440359
2858							S01016339			56.01466404475474	-3.710452656866752
2859							S01016340			56.015065874766144	-3.7138713701392483
2860							S01016341			56.00047901763118	-3.7172826238898735
2861							S01016342			56.00139140925158	-3.7201615911458417
2862							S01016343			56.00829999431653	-3.71899301929631
2863							S01016344			56.005824147255375	-3.7199736738490436
2864							S01016345			56.00293826625919	-3.7123240075530495
2865							S01016346			56.00345475680914	-3.6175036533784506
2866							S01016347			56.002232874797166	-3.6250057829385294
2867							S01016348			56.00576978656754	-3.627319273020787
2868							S01016349			56.00813890816226	-3.621420275183688
2869							S01016350			56.00691427758467	-3.6120186674480266
2870							S01016351			56.004604154311515	-3.608634878892595
2871							S01016352			56.00981317843244	-3.6074718244354407
2872							S01016353			56.00725731557284	-3.6043184547859073
2873							S01016354			56.00636393875569	-3.6018436698761436
2874							S01016355			56.006268699087435	-3.5981028737111767
2875							S01016356			56.01004293694308	-3.6242267245429938
2876							S01016357			56.01088198749584	-3.618503554774662
2877							S01016358			56.01661349787713	-3.6055563200243905
2878							S01016359			56.013513567540684	-3.604850320890055
2879							S01016360			56.01525219849312	-3.6127828354721516
2880							S01016361			55.99524661522994	-3.552097446267571
2881							S01016362			56.01198555223665	-3.5965743245503887
2882							S01016363			56.01638198974951	-3.5845474876795063
2883							S01016364			56.015975937397926	-3.5930491799346393
2884							S01016365			56.00991199141239	-3.590842941029921
2885							S01016366			56.01053835400935	-3.5840678131274375
2886							S01016367			56.07343953449221	-3.715755351311711
2887							S01016368			56.07058449091226	-3.7162228754741404
2888							S01016369			56.06842735803567	-3.7110827697076414
2889							S01016370			56.0675573395224	-3.718080252851715
2890							S01016371			56.084863753646665	-3.5640227773182107
2891							S01016372			56.08536858528043	-3.570969836521978
2892							S01016373			56.08602164734223	-3.57753743724979
2893							S01016374			56.08290294103038	-3.5620470488631244
2894							S01016375			56.087114920009384	-3.6035702172968516
2895							S01016376			56.09048295732732	-3.6036941467890946
2896							S01016377			56.11568795624386	-3.5778833043418596
2897							S01016378			56.112577640508434	-3.5702294060175963
2898							S01016379			56.11316861654395	-3.54690167937147
2899							S01016380			56.08423189193106	-3.5392325688325816
2900							S01016381			56.05703890335205	-3.5686772197622187
2901							S01016382			56.06006147528633	-3.5754650749379047
2902							S01016383			56.0630696881039	-3.594508555625104
2903							S01016384			56.06150804743258	-3.601302187723358
2904							S01016385			56.05584603171651	-3.625428720230954
2905							S01016386			56.04924523446976	-3.5295541299645072
2906							S01016387			56.05954971546228	-3.5282755403363724
2907							S01016388			56.062611468939956	-3.534259022095829
2908							S01016389			56.06009452507171	-3.535058442359234
2909							S01016390			56.03254477404422	-3.4746494348386454
2910							S01016391			56.03467819425422	-3.4840555567585634
2911							S01016392			56.06427852847398	-3.49433102232169
2912							S01016393			56.06451350787252	-3.5053104106086543
2913							S01016394			56.05836592853732	-3.4965595732450185
2914							S01016395			56.08335136154112	-3.4722018920541373
2915							S01016396			56.086301557212444	-3.4606150592535085
2916							S01016397			56.08027320473804	-3.485373075815211
2917							S01016398			56.08155035811824	-3.491978435573445
2918							S01016399			56.08060950626831	-3.473061415651454
2919							S01016400			56.08005784301788	-3.4786160740338454
2920							S01016401			56.080326386590585	-3.465145012008265
2921							S01016402			56.077344453729964	-3.473338493928937
2922							S01016403			56.0729282974842	-3.4721900272449617
2923							S01016404			56.07470172425885	-3.4696548947809283
2924							S01016405			56.076309738331595	-3.4636429759648606
2925							S01016406			56.07973177246529	-3.443945162923275
2926							S01016407			56.07698190728608	-3.447039515361625
2927							S01016408			56.08159125175599	-3.4493494640239413
2928							S01016409			56.07949528659973	-3.4533679895997693
2929							S01016410			56.07683613590577	-3.458650160477281
2930							S01016411			56.07541514280306	-3.4541943817994802
2931							S01016412			56.06863379869792	-3.458533091928362
2932							S01016413			56.06773035501403	-3.4566677843675135
2933							S01016414			56.06440113004389	-3.464637376635767
2934							S01016415			56.0585708690398	-3.450091436610544
2935							S01016416			56.066141123802524	-3.451997925503007
2936							S01016417			56.06325372120493	-3.45073299316209
2937							S01016418			56.065660129164165	-3.4455229228969135
2938							S01016419			56.06320389413323	-3.441961816702106
2939							S01016420			56.0714011172858	-3.4432800836121746
2940							S01016421			56.07266617559785	-3.4349737105585483
2941							S01016422			56.07374973716722	-3.439142766083531
2942							S01016423			56.075337110361744	-3.430911920905555
2943							S01016424			56.08392045118906	-3.471950425636669
2944							S01016425			56.097227014230114	-3.407354110842077
2945							S01016426			56.08938809489193	-3.4380546537477104
2946							S01016427			56.08845020812269	-3.4406554013136255
2947							S01016428			56.078640154755085	-3.434312189165403
2948							S01016429			56.082707356822525	-3.4213991935625105
2949							S01016430			56.083319318210336	-3.434502229551256
2950							S01016431			56.080689973675874	-3.433440364185593
2951							S01016432			56.08254117225052	-3.4426683818773687
2952							S01016433			56.07063390951404	-3.407026699397436
2953							S01016434			56.06822842964583	-3.413091244582129
2954							S01016435			56.06634280117315	-3.413761079332799
2955							S01016436			56.07435917716799	-3.400238167635807
2956							S01016437			56.070725095044075	-3.4147730470024116
2957							S01016438			56.07051239701747	-3.4105885361379804
2958							S01016439			56.073965379824166	-3.4119357718409877
2959							S01016440			56.075168591420834	-3.4088629613018937
2960							S01016441			56.075186406917325	-3.415161570838301
2961							S01016442			56.07932111701952	-3.403230173824253
2962							S01016443			56.065302683155636	-3.4376713797500127
2963							S01016444			56.072534243110155	-3.424655100622516
2964							S01016445			56.069653589275504	-3.4328697821699223
2965							S01016446			56.07367956536222	-3.4211790627150913
2966							S01016447			56.06275867353227	-3.4354566278338416
2967							S01016448			56.067564644016365	-3.4200382840404684
2968							S01016449			56.067377176346	-3.426938394981132
2969							S01016450			56.0643198444086	-3.4263595851432287
2970							S01016451			56.06631109921066	-3.4313161362162288
2971							S01016452			56.06296803139159	-3.4274820889074653
2972							S01016453			56.06135881293302	-3.4252223160642683
2973							S01016454			56.06316322120407	-3.418350550034444
2974							S01016455			56.06184037866467	-3.4200846610412645
2975							S01016456			56.060483012841146	-3.399670688441276
2976							S01016457			56.058841449924465	-3.3970417611648482
2977							S01016458			56.062899368529166	-3.408431192841283
2978							S01016459			56.059193516076405	-3.406401014716662
2979							S01016460			56.06053914178799	-3.413677025319775
2980							S01016461			56.06404665313328	-3.4110428906816943
2981							S01016462			56.05249491653169	-3.411504228516211
2982							S01016463			56.05415299132248	-3.3936770473447417
2983							S01016464			56.053179689061	-3.391538543134219
2984							S01016465			56.054270605153555	-3.401549321008123
2985							S01016466			56.055125774438736	-3.402206545552559
2986							S01016467			56.05657747369884	-3.4104488742723107
2987							S01016468			56.059016177153	-3.4257782101173953
2988							S01016469			56.05712719669779	-3.417374089498202
2989							S01016470			56.0502776979629	-3.4238342569354407
2990							S01016471			56.050510786815856	-3.4144984383480956
2991							S01016472			56.05709383709617	-3.411656036724404
2992							S01016473			56.060701467449185	-3.44080842238235
2993							S01016474			56.0581649568831	-3.4402641458121592
2994							S01016475			56.057936464639134	-3.4328845854994925
2995							S01016476			56.041533321101284	-3.434813141864368
2996							S01016477			56.04393710128147	-3.439043988796744
2997							S01016478			56.04031650560133	-3.438989620883519
2998							S01016479			56.043365129671656	-3.427946284976927
2999							S01016480			56.037494314027064	-3.4133806489982907
3000							S01016481			56.04173032129269	-3.410694217301904
3001							S01016482			56.04131562460952	-3.4186569225685184
3002							S01016483			56.04346172793603	-3.423471135243295
3003							S01016484			56.03802316929666	-3.4095638644587813
3004							S01016485			56.037372251986945	-3.422444637710019
3005							S01016486			56.03895207385783	-3.426483342539761
3006							S01016487			56.035052619871045	-3.423338383217022
3007							S01016488			56.03419905337084	-3.4131639597613166
3008							S01016489			56.03351485032844	-3.4164129382223076
3009							S01016490			56.031500464938574	-3.4282467634757117
3010							S01016491			56.0318320241264	-3.4329771625165506
3011							S01016492			56.02942590684289	-3.4351185975523255
3012							S01016493			56.0275045401298	-3.4272327102618267
3013							S01016494			56.035658876296715	-3.398595989645479
3014							S01016495			56.032133975699836	-3.4011967140713355
3015							S01016496			56.02830693725009	-3.4042834100955206
3016							S01016497			56.01008864932368	-3.39752711197658
3017							S01016498			56.01200619273185	-3.397211440352823
3018							S01016499			56.03277739970655	-3.3855887348142693
3019							S01016500			56.030111925067665	-3.3844982909314467
3020							S01016501			56.03062838263135	-3.392107314988798
3021							S01016502			56.03361558366892	-3.3925518948959956
3022							S01016503			56.030793634136266	-3.372535074065093
3023							S01016504			56.03394878490818	-3.3683780344477294
3024							S01016505			56.03675857999709	-3.364561237888862
3025							S01016506			56.039888480468015	-3.3675449180780976
3026							S01016507			56.029345892716776	-3.3685842582727843
3027							S01016508			56.034176653793914	-3.3534123244478313
3028							S01016509			56.03035118156421	-3.3556534724793794
3029							S01016510			56.02932994581459	-3.3602713183976616
3030							S01016511			56.034272914690625	-3.3634463777763224
3031							S01016512			56.034755997001746	-3.360381945090956
3032							S01016513			56.0391499013783	-3.3530246274966724
3033							S01016514			56.038817377416244	-3.348101397999691
3034							S01016515			56.04200181671367	-3.342000221840801
3035							S01016516			56.043563393146336	-3.343001556198384
3036							S01016517			56.08070081567727	-3.378856271159945
3037							S01016518			56.08505791288633	-3.379735214490496
3038							S01016519			56.085287304017086	-3.367995982440859
3039							S01016520			56.082485560044766	-3.3702748475680746
3040							S01016521			56.09707301472849	-3.369893037494663
3041							S01016522			56.100323469244266	-3.363593923055407
3042							S01016523			56.101449256487896	-3.3592768360431857
3043							S01016524			56.102730723742766	-3.351395739481679
3044							S01016525			56.107327673247234	-3.3393364094430784
3045							S01016526			56.10566443031539	-3.3526240646583823
3046							S01016527			56.10768338786931	-3.352871762680148
3047							S01016528			56.106590162423615	-3.3591525471815054
3048							S01016529			56.11223767377275	-3.355443834928872
3049							S01016530			56.117325952828814	-3.3535640671302334
3050							S01016531			56.113125580264565	-3.3457293834019053
3051							S01016532			56.118256687710556	-3.3506211926435756
3052							S01016533			56.115564046872	-3.3577320218953886
3053							S01016534			56.11919523074075	-3.352712906234243
3054							S01016535			56.11861278016419	-3.339374685210997
3055							S01016536			56.13476564635408	-3.3932461043891253
3056							S01016537			56.13363885796714	-3.392770894170443
3057							S01016538			56.13216536393286	-3.3903684657263966
3058							S01016539			56.140014481536134	-3.3867251172722033
3059							S01016540			56.137799413719804	-3.372661064845005
3060							S01016541			56.138522595928244	-3.376307696488216
3061							S01016542			56.136367459813705	-3.374573222208271
3062							S01016543			56.13338578330035	-3.3768642973482716
3063							S01016544			56.132706191604804	-3.3846115963829955
3064							S01016545			56.135955081942036	-3.3833445258165837
3065							S01016546			56.15886589813303	-3.3194254604617957
3066							S01016547			56.1569767408909	-3.323836550787278
3067							S01016548			56.15460654175345	-3.323658430140919
3068							S01016549			56.1490658840444	-3.3233552372788253
3069							S01016550			56.1650625413643	-3.323084135073517
3070							S01016551			56.163370623963765	-3.330030720529173
3071							S01016552			56.16101724293561	-3.327453572517456
3072							S01016553			56.16203203879915	-3.3325125188462827
3073							S01016554			56.13853490130336	-3.2632587316222987
3074							S01016555			56.13978799722064	-3.2602100306399016
3075							S01016556			56.14259041611648	-3.249679781676794
3076							S01016557			56.14050859163802	-3.252959577437847
3077							S01016558			56.14826217205422	-3.2627568870235266
3078							S01016559			56.14931499820171	-3.260843712893869
3079							S01016560			56.146599114337675	-3.271603202591458
3080							S01016561			56.1316857160295	-3.314343274830029
3081							S01016562			56.13342966901742	-3.3091895346105553
3082							S01016563			56.12926088478899	-3.3066024441150024
3083							S01016564			56.12487957168884	-3.307966044526766
3084							S01016565			56.12432698673377	-3.3058399751127334
3085							S01016566			56.12915364156579	-3.2997290619817727
3086							S01016567			56.12216366440484	-3.312426060625041
3087							S01016568			56.120040399912675	-3.3319931277710992
3088							S01016569			56.12205046631307	-3.318840301297252
3089							S01016570			56.124922307544026	-3.314949090194776
3090							S01016571			56.128828050581646	-3.3143744982706154
3091							S01016572			56.05646372996556	-3.296174566299301
3092							S01016573			56.0510543481186	-3.30896630330344
3093							S01016574			56.10456426822157	-3.344755314364279
3094							S01016575			56.102534192845454	-3.2594748736000163
3095							S01016576			56.06278920708998	-3.231309141689213
3096							S01016577			56.05950336042327	-3.2328263479591968
3097							S01016578			56.059002794868626	-3.242413733715803
3098							S01016579			56.06238618677757	-3.2454937972195523
3099							S01016580			56.06514011285443	-3.244169200380873
3100							S01016581			56.0662619754819	-3.2218308156144198
3101							S01016582			56.06582482778979	-3.231454143951877
3102							S01016583			56.06537557193326	-3.2377360209666466
3103							S01016584			56.06430295549236	-3.223664065031471
3104							S01016585			56.065285567651394	-3.1790596808271094
3105							S01016586			56.06993907432825	-3.1763263620659807
3106							S01016587			56.071954203692655	-3.1732391221570717
3107							S01016588			56.07428471216119	-3.1757197517186477
3108							S01016589			56.104088041374375	-3.160550609412424
3109							S01016590			56.10314087724964	-3.165715094784527
3110							S01016591			56.09918217465278	-3.165322139276022
3111							S01016592			56.095922162552526	-3.1661077283149406
3112							S01016593			56.09086620491893	-3.1620171791501344
3113							S01016594			56.081974674858145	-3.1899176622733036
3114							S01016595			56.11515328460407	-3.1590986473548646
3115							S01016596			56.11586068090114	-3.156482363534351
3116							S01016597			56.108863015858425	-3.162045058134588
3117							S01016598			56.10711243531903	-3.163793143313383
3118							S01016599			56.12078178989741	-3.1644150704026233
3119							S01016600			56.1179426346861	-3.1663075602501127
3120							S01016601			56.1188831761269	-3.161848604215157
3121							S01016602			56.112898919900964	-3.1713814104745346
3122							S01016603			56.11549392016098	-3.1781667067294883
3123							S01016604			56.11781573467566	-3.174007721005676
3124							S01016605			56.12147966844421	-3.173266841645125
3125							S01016606			56.119958976816804	-3.181037565912825
3126							S01016607			56.10760949467692	-3.181463183546051
3127							S01016608			56.116830062855676	-3.1924732796729054
3128							S01016609			56.11528779056884	-3.1874882426922317
3129							S01016610			56.12785240807763	-3.20103525104891
3130							S01016611			56.127483416354636	-3.205705227131567
3131							S01016612			56.12388708286271	-3.202262881592261
3132							S01016613			56.12174005528647	-3.1938959432903293
3133							S01016614			56.129429295292105	-3.189436423351286
3134							S01016615			56.12533509932892	-3.1882000509928927
3135							S01016616			56.1263340628197	-3.1926869796268575
3136							S01016617			56.12850986056099	-3.194395313485598
3137							S01016618			56.12374247425648	-3.1800114271322792
3138							S01016619			56.125402664425366	-3.1802231394543465
3139							S01016620			56.12814502884877	-3.1800175697837467
3140							S01016621			56.128620017195374	-3.1763801393729993
3141							S01016622			56.13155419492623	-3.1814895885811008
3142							S01016623			56.124092230432204	-3.1715930089974815
3143							S01016624			56.13512734629441	-3.178027052106128
3144							S01016625			56.13726404732384	-3.1734902060591867
3145							S01016626			56.138315814582825	-3.179090105729124
3146							S01016627			56.1400866784111	-3.1752337766000798
3147							S01016628			56.13952107586814	-3.1836490204466235
3148							S01016629			56.13278832862777	-3.1905055316485065
3149							S01016630			56.131564272035305	-3.1990754612258874
3150							S01016631			56.13533202698916	-3.188540619257182
3151							S01016632			56.13871676982613	-3.1897393508810317
3152							S01016633			56.13500584774408	-3.1813380162500238
3153							S01016634			56.13299947900929	-3.2094498122808632
3154							S01016635			56.13038006225564	-3.1546014845340324
3155							S01016636			56.12744697351298	-3.1550283744531575
3156							S01016637			56.12479621181483	-3.1655659270175924
3157							S01016638			56.12170453170852	-3.1589740160305326
3158							S01016639			56.12225578249297	-3.163414067090473
3159							S01016640			56.118311379544494	-3.153837766525498
3160							S01016641			56.12225117079037	-3.140797956612169
3161							S01016642			56.120557898210826	-3.145122842915995
3162							S01016643			56.125854266554214	-3.1378642454468624
3163							S01016644			56.12390713619041	-3.133672637262479
3164							S01016645			56.13814700880873	-3.131855064808047
3165							S01016646			56.133527124602516	-3.1378978530768347
3166							S01016647			56.13158987558954	-3.1443245653100966
3167							S01016648			56.12712590981787	-3.1451250247739133
3168							S01016649			56.12836137149131	-3.1407536778388314
3169							S01016650			56.130601726305706	-3.1384710668859563
3170							S01016651			56.13084452736492	-3.1187854652867575
3171							S01016652			56.12928164645495	-3.119721450898093
3172							S01016653			56.12655803471932	-3.1218301243458964
3173							S01016654			56.130190400881695	-3.1304306940010784
3174							S01016655			56.12784493860732	-3.1363464595757966
3175							S01016656			56.157601345794056	-3.072213266151477
3176							S01016657			56.1717871227014	-3.1424922769346906
3177							S01016658			56.16634608324943	-3.0604759488893487
3178							S01016659			56.15919559887375	-3.065527644198276
3179							S01016660			56.14982821929209	-3.094886237336168
3180							S01016661			56.138836801428546	-3.1968397648738027
3181							S01016662			56.15189431561995	-3.265194071876356
3182							S01016663			56.17413156687788	-3.2413781354569524
3183							S01016664			56.17450837504266	-3.2324507921895886
3184							S01016665			56.16400279474736	-3.1506023379672774
3185							S01016666			56.163798321443124	-3.1474723089175427
3186							S01016667			56.16805349655569	-3.143991837666963
3187							S01016668			56.192983027483315	-3.2159934481538293
3188							S01016669			56.192128417556326	-3.2115187987218734
3189							S01016670			56.19869955556721	-3.222169991059829
3190							S01016671			56.2016546529202	-3.21953994243789
3191							S01016672			56.20424192732154	-3.218671010030168
3192							S01016673			56.20227717465311	-3.2119677233676396
3193							S01016674			56.192799417307164	-3.209058265391298
3194							S01016675			56.19983400879739	-3.1971267816565763
3195							S01016676			56.19741554957544	-3.197277092178661
3196							S01016677			56.197266583065094	-3.2024458941179756
3197							S01016678			56.19296212967458	-3.2025046282825103
3198							S01016679			56.19221036911253	-3.1994193563753552
3199							S01016680			56.19531017875054	-3.191055286469645
3200							S01016681			56.19506722420509	-3.1836023154197544
3201							S01016682			56.198867140843795	-3.183687080986384
3202							S01016683			56.19010557345581	-3.187542441199239
3203							S01016684			56.1890314142922	-3.195517496242632
3204							S01016685			56.18995090571836	-3.2017014537977317
3205							S01016686			56.1926815537558	-3.1915700949119667
3206							S01016687			56.19374381531181	-3.1876225855198417
3207							S01016688			56.19250077012098	-3.1794946493486935
3208							S01016689			56.1935361262425	-3.1764484333423804
3209							S01016690			56.193070632646574	-3.1705844947752433
3210							S01016691			56.192390501910864	-3.164585269552492
3211							S01016692			56.19458137946279	-3.16187975834595
3212							S01016693			56.17874682397386	-3.162158556788593
3213							S01016694			56.17868268890348	-3.1718058373945848
3214							S01016695			56.175505458012786	-3.1695345429051445
3215							S01016696			56.176079281228255	-3.1620457535701436
3216							S01016697			56.17436971743128	-3.154633178681097
3217							S01016698			56.18808760631155	-3.176813464880476
3218							S01016699			56.18375521807487	-3.155059950096224
3219							S01016700			56.18616391398832	-3.1578713365021978
3220							S01016701			56.185341253354096	-3.1612783521538543
3221							S01016702			56.1900286398985	-3.1634985753321065
3222							S01016703			56.18484345035368	-3.1673856774183315
3223							S01016704			56.18166540305912	-3.159459691750729
3224							S01016705			56.19120628897799	-3.1538496258400253
3225							S01016706			56.19503763174717	-3.1476633678369432
3226							S01016707			56.191695456431006	-3.145694352204844
3227							S01016708			56.203684032988065	-3.1835936484422347
3228							S01016709			56.208413810604014	-3.186963611173321
3229							S01016710			56.206970962611166	-3.196833295733171
3230							S01016711			56.21203475454125	-3.1953626595110607
3231							S01016712			56.21467860937667	-3.196057657035057
3232							S01016713			56.2133652560057	-3.188761200729424
3233							S01016714			56.21212819994343	-3.18283804691755
3234							S01016715			56.21420215699227	-3.1820634691792304
3235							S01016716			56.20376817658555	-3.175713858741922
3236							S01016717			56.20990307166206	-3.1749664928686148
3237							S01016718			56.20745819219229	-3.1665249662596935
3238							S01016719			56.206191203015	-3.170339289354528
3239							S01016720			56.21865080319409	-3.1762983706929835
3240							S01016721			56.21486221867438	-3.1759727430804707
3241							S01016722			56.211929993190815	-3.1601309678956846
3242							S01016723			56.21540167032717	-3.1607195224533373
3243							S01016724			56.21025954887232	-3.153325367295453
3244							S01016725			56.199932718852324	-3.147857867280938
3245							S01016726			56.205241120143086	-3.1383282799521828
3246							S01016727			56.2028129858766	-3.132695343828371
3247							S01016728			56.20043270124863	-3.139459221417754
3248							S01016729			56.216097195164096	-3.1084164172604103
3249							S01016730			56.18869864349802	-3.1227084614656277
3250							S01016731			56.185197786450175	-3.1302270120452813
3251							S01016732			56.19371704640881	-3.096152338708197
3252							S01016733			56.19410852378059	-3.058453989424682
3253							S01016734			56.196823954804756	-3.0540161956399317
3254							S01016735			56.17891436532386	-3.0287660724910532
3255							S01016736			56.17745900066001	-3.030901733469023
3256							S01016737			56.175931239946024	-3.0352420208467406
3257							S01016738			56.1724515273431	-3.03232978044791
3258							S01016739			56.169226709008925	-3.0376060946519083
3259							S01016740			56.174544512076686	-3.04095487124928
3260							S01016741			56.177142833400765	-3.040751378363887
3261							S01016742			56.19223081603901	-3.0318780854581475
3262							S01016743			56.18896460972799	-3.027053183839746
3263							S01016744			56.188531801530445	-3.03155320112706
3264							S01016745			56.18520411457578	-3.0330267056540148
3265							S01016746			56.18724897876697	-3.0420239684885066
3266							S01016747			56.189833642476884	-3.0370344519909516
3267							S01016748			56.18427895732744	-3.0123636435311854
3268							S01016749			56.18466263218999	-3.0181576508851404
3269							S01016750			56.186246041641986	-3.0265938578568936
3270							S01016751			56.182297915813685	-3.022718639347297
3271							S01016752			56.18820409232675	-3.0059091792282366
3272							S01016753			56.188715416520445	-3.0148007478779375
3273							S01016754			56.1864158018799	-3.011453207982019
3274							S01016755			56.18985764278066	-3.0222913867142243
3275							S01016756			56.192400713764854	-3.020070786390512
3276							S01016757			56.198299070221296	-2.991942075547209
3277							S01016758			56.20078725310958	-2.997599218988807
3278							S01016759			56.19787990337418	-3.0004731622404734
3279							S01016760			56.196888888112085	-2.99524178422174
3280							S01016761			56.19653255460408	-3.0342659438723563
3281							S01016762			56.19604788637807	-3.0277420621971
3282							S01016763			56.197976719329596	-3.019412936607254
3283							S01016764			56.1994962192466	-3.00612410051567
3284							S01016765			56.19892033339334	-3.012829909265023
3285							S01016766			56.20089176754215	-3.0013413210252664
3286							S01016767			56.20437672838568	-3.0092177941066556
3287							S01016768			56.20627865431165	-3.0073655198808735
3288							S01016769			56.205074328321984	-2.9974364127843045
3289							S01016770			56.221214348053	-2.92896283770031
3290							S01016771			56.21352090507066	-2.9493985377658922
3291							S01016772			56.215834228634876	-2.9441508134985863
3292							S01016773			56.2149029275004	-2.9378396422838136
3293							S01016774			56.2066895631338	-3.0434054409974673
3294							S01016775			56.20926408997593	-3.041766444796996
3295							S01016776			56.2078313975079	-3.0486273506618393
3296							S01016777			56.21557140886374	-3.0544980855442896
3297							S01016778			56.21329349590134	-3.0518881295928657
3298							S01016779			56.21665918311002	-3.044901553764646
3299							S01016780			56.21927312074513	-3.039651155651158
3300							S01016781			56.255902817587504	-3.1191381206200464
3301							S01016782			56.26241353787596	-3.1175200107444683
3302							S01016783			56.27528079658772	-3.079976404123346
3303							S01016784			56.277978653713944	-3.1310074192453485
3304							S01016785			56.276470264411664	-3.123986114626933
3305							S01016786			56.267854771720025	-3.157979943335576
3306							S01016787			56.24831247133626	-3.1589392693205016
3307							S01016788			56.245652381309455	-3.1561156162857906
3308							S01016789			56.25101325968284	-3.201709361067907
3309							S01016790			56.25115920075241	-3.209783643074494
3310							S01016791			56.29285595541745	-3.23732344853522
3311							S01016792			56.29192683918242	-3.2331895925654806
3312							S01016793			56.29383526385025	-3.231021325920965
3313							S01016794			56.276515142573956	-3.2645903051600698
3314							S01016795			56.277945285235774	-3.270581083374014
3315							S01016796			56.351875145125554	-3.1643766990531392
3316							S01016797			56.35204388085636	-3.2323792302283825
3317							S01016798			56.35087878053383	-3.2401897413555854
3318							S01016799			56.348927728086736	-3.2421166271365593
3319							S01016800			56.29473761260195	-3.0596659749802897
3320							S01016801			56.31330479997869	-3.020575269667065
3321							S01016802			56.317818223793786	-3.022377074621277
3322							S01016803			56.308497276305175	-3.0358182726388456
3323							S01016804			56.315785623656794	-3.0323781936117347
3324							S01016805			56.296519527291736	-3.0645627666545954
3325							S01016806			56.31693441669433	-3.0162262436413294
3326							S01016807			56.323503057587935	-3.0150263760502694
3327							S01016808			56.32221369410472	-3.022138856759414
3328							S01016809			56.321536665969106	-3.01815942498814
3329							S01016810			56.32266425372701	-3.013225502202963
3330							S01016811			56.317855987057335	-3.0067929429261024
3331							S01016812			56.32160422531702	-3.0054849330238893
3332							S01016813			56.31607273986464	-3.0006674474274213
3333							S01016814			56.31328583412743	-3.001984759115598
3334							S01016815			56.29438385028754	-2.9758808036629274
3335							S01016816			56.290478332826154	-2.9720977692475006
3336							S01016817			56.3430141636448	-2.9485686026181135
3337							S01016818			56.27710066384357	-2.8845968244901488
3338							S01016819			56.23136516268677	-2.9422902639774335
3339							S01016820			56.21982889414323	-2.844010793515962
3340							S01016821			56.190015780230674	-2.821668104567043
3341							S01016822			56.257792692831764	-2.8578238333363597
3342							S01016823			56.215592964621884	-2.724215765978901
3343							S01016824			56.213411106682905	-2.731623114081839
3344							S01016825			56.205177605565005	-2.7707159870215814
3345							S01016826			56.206839434789906	-2.7664291669408922
3346							S01016827			56.22318051936581	-2.6919771255487914
3347							S01016828			56.22548255779776	-2.688389967701695
3348							S01016829			56.22090135563204	-2.7073680898015677
3349							S01016830			56.22658418646828	-2.698634767674749
3350							S01016831			56.22478021934718	-2.6951023610412976
3351							S01016832			56.228912573325914	-2.690370818895829
3352							S01016833			56.259234689055525	-2.6315468083017675
3353							S01016834			56.26257759684441	-2.624337305276496
3354							S01016835			56.29954135548492	-2.6602960950903545
3355							S01016836			56.33142311362312	-2.789918560094246
3356							S01016837			56.33459027383392	-2.784953910630175
3357							S01016838			56.332075953483624	-2.794605981552901
3358							S01016839			56.329965689132	-2.79723050888097
3359							S01016840			56.3302419998087	-2.801748265467223
3360							S01016841			56.34007172085809	-2.797473566979397
3361							S01016842			56.33657954822878	-2.7914322735302455
3362							S01016843			56.340384525768634	-2.793533073287651
3363							S01016844			56.33383164468119	-2.7940278646303467
3364							S01016845			56.33468677148631	-2.80075779092173
3365							S01016846			56.341024913030566	-2.7987390451647607
3366							S01016847			56.33055873683823	-2.831382364135553
3367							S01016848			56.32990774328752	-2.8293143782864534
3368							S01016849			56.328976752925286	-2.8220655166628514
3369							S01016850			56.32856827670033	-2.8104295363317435
3370							S01016851			56.331615734228286	-2.8101706546824596
3371							S01016852			56.3356712536556	-2.8027354997225014
3372							S01016853			56.33651640648384	-2.879389228158911
3373							S01016854			56.33613744864162	-2.8732664947731874
3374							S01016855			56.33278238357117	-2.8199315952700768
3375							S01016856			56.34083739261365	-2.8027307248855498
3376							S01016857			56.37570168440198	-2.888970106881406
3377							S01016858			56.38492110093425	-2.877443207545667
3378							S01016859			56.381964707354086	-2.8825735458156587
3379							S01016860			56.38045422371844	-2.877664401614274
3380							S01016861			56.36242197739637	-2.8952810526994446
3381							S01016862			56.41647519519555	-2.91222422380716
3382							S01016863			56.40118481600222	-3.010579984244164
3383							S01016864			56.38074008488795	-2.930866935906029
3384							S01016865			56.376596996416154	-2.9310249891391713
3385							S01016866			56.36483988515681	-3.009747023805589
3386							S01016867			56.44971377652438	-2.880380208880493
3387							S01016868			56.450827414988446	-2.8930279135481167
3388							S01016869			56.44742649410611	-2.882387482349286
3389							S01016870			56.44390451037267	-2.881137930435851
3390							S01016871			56.444279296767554	-2.875144958471568
3391							S01016872			56.43212778962043	-2.9537870789428275
3392							S01016873			56.43565428639495	-2.9449722052033573
3393							S01016874			56.44046329217614	-2.93756589119569
3394							S01016875			56.44469990408784	-2.9357237610449234
3395							S01016876			56.42896117271196	-2.9682357945476023
3396							S01016877			56.42320186483486	-2.9842687717018417
3397							S01016878			55.79914321011318	-4.329126203528712
3398							S01016879			55.8093367365016	-4.329990428856119
3399							S01016880			55.805926690514546	-4.328765356079201
3400							S01016881			55.800807740464634	-4.331874307396035
3401							S01016882			55.8051529937435	-4.331176659414543
3402							S01016883			55.79651912786081	-4.330533045913805
3403							S01016884			55.80797905653862	-4.3427882263189
3404							S01016885			55.80975923987456	-4.338506256221399
3405							S01016886			55.80669136399106	-4.350450747231353
3406							S01016887			55.80969423775377	-4.345221407708761
3407							S01016888			55.79967575006941	-4.341778889303378
3408							S01016889			55.79805837538835	-4.343644249898789
3409							S01016890			55.809165073056214	-4.361596013851064
3410							S01016891			55.80851712078483	-4.356018885216094
3411							S01016892			55.803524979129655	-4.3496535299540415
3412							S01016893			55.80132799691773	-4.346569250128658
3413							S01016894			55.8051226127629	-4.356340407411549
3414							S01016895			55.80568211870889	-4.360906333344426
3415							S01016896			55.803667133754345	-4.35912478338304
3416							S01016897			55.82001449405066	-4.346975806443509
3417							S01016898			55.82068602744829	-4.333414716865855
3418							S01016899			55.82033782123238	-4.334239968008359
3419							S01016900			55.81611440329371	-4.340818940001523
3420							S01016901			55.818090763855686	-4.347466571994987
3421							S01016902			55.81526575393089	-4.366371131765087
3422							S01016903			55.8163089448571	-4.350408098841467
3423							S01016904			55.81338198744938	-4.356823642655518
3424							S01016905			55.814003573968996	-4.3656400895025165
3425							S01016906			55.81309237772673	-4.34046191116714
3426							S01016907			55.814523716464365	-4.344586159162247
3427							S01016908			55.81966249367546	-4.357857934898756
3428							S01016909			55.81722126543384	-4.35627359459389
3429							S01016910			55.82518637587257	-4.351470419506936
3430							S01016911			55.82265817550083	-4.350200310811572
3431							S01016912			55.828234988778945	-4.338177968950962
3432							S01016913			55.82701018040497	-4.342559213235273
3433							S01016914			55.83052051019982	-4.346059745669881
3434							S01016915			55.82916394712279	-4.350736444993836
3435							S01016916			55.83164686043301	-4.367014893369138
3436							S01016917			55.82337620665921	-4.367119093267722
3437							S01016918			55.82712101115222	-4.3700770348863855
3438							S01016919			55.83033079941313	-4.359733165474907
3439							S01016920			55.82746941608455	-4.360374173496928
3440							S01016921			55.828267531706956	-4.3674801800023895
3441							S01016922			55.819168800628916	-4.3639102406204415
3442							S01016923			55.825077788954665	-4.357610831810005
3443							S01016924			55.83503960578343	-4.340486851577618
3444							S01016925			55.836282163257295	-4.350734820376401
3445							S01016926			55.83539715190582	-4.345778526836619
3446							S01016927			55.83877473709029	-4.356683073573556
3447							S01016928			55.8354683048845	-4.3589744066074
3448							S01016929			55.83333540614632	-4.36005892047538
3449							S01016930			55.844052415042164	-4.342466197756753
3450							S01016931			55.8428459750595	-4.3430485295344425
3451							S01016932			55.84232272191585	-4.337011150875085
3452							S01016933			55.84054911209711	-4.341424902864172
3453							S01016934			55.85233861145464	-4.343428170452536
3454							S01016935			55.8498969638557	-4.3465722978574215
3455							S01016936			55.85033807564982	-4.351711381983791
3456							S01016937			55.84758493886515	-4.339611473934881
3457							S01016938			55.8469603186424	-4.347865001951219
3458							S01016939			55.84256801373276	-4.3467855170362695
3459							S01016940			55.843652988686614	-4.3497421511904
3460							S01016941			55.841187337786415	-4.367243475757961
3461							S01016942			55.84454694234746	-4.3654669832495685
3462							S01016943			55.84466341898167	-4.350953269194247
3463							S01016944			55.843655294876115	-4.35994966495136
3464							S01016945			55.84709285862345	-4.354566657765934
3465							S01016946			55.85294746832428	-4.377737668273075
3466							S01016947			55.85548618523273	-4.374728972902265
3467							S01016948			55.85340583795307	-4.373084028017404
3468							S01016949			55.85330509626685	-4.3671179786948615
3469							S01016950			55.84966328415986	-4.363940677596418
3470							S01016951			55.849553644718604	-4.37197031615657
3471							S01016952			55.847392773596326	-4.366103257747726
3472							S01016953			55.85346164144766	-4.359905278845168
3473							S01016954			55.853739782311926	-4.3528916217799285
3474							S01016955			55.850544234843575	-4.356437060125954
3475							S01016956			55.849285825899905	-4.358789292140865
3476							S01016957			55.860169540359784	-4.344698774726162
3477							S01016958			55.85552241647302	-4.337643844931841
3478							S01016959			55.85631769329228	-4.333153570180159
3479							S01016960			55.857138815722216	-4.341496070325708
3480							S01016961			55.857907030653244	-4.335597861917603
3481							S01016962			55.86244015763483	-4.332577721868164
3482							S01016963			55.86297940901372	-4.3297333199297965
3483							S01016964			55.858762010195846	-4.32700394161979
3484							S01016965			55.86011172554971	-4.3226420336497435
3485							S01016966			55.85774983065395	-4.322069628336767
3486							S01016967			55.86056098145723	-4.316931751031811
3487							S01016968			55.8634030040245	-4.316349835853699
3488							S01016969			55.864377541690786	-4.317574556307579
3489							S01016970			55.862018809806905	-4.320646321149932
3490							S01016971			55.86431459613539	-4.328518691739372
3491							S01016972			55.85449895857682	-4.32668517859333
3492							S01016973			55.84814582252269	-4.323302095427684
3493							S01016974			55.84744898678685	-4.331152361597318
3494							S01016975			55.84910492596626	-4.328663383920239
3495							S01016976			55.84033049689199	-4.319290010251175
3496							S01016977			55.83740267562505	-4.329161564570997
3497							S01016978			55.83487674127325	-4.33202889312623
3498							S01016979			55.83862078700397	-4.3246345549925795
3499							S01016980			55.845718677232874	-4.326655733389346
3500							S01016981			55.84031630985694	-4.326700359368849
3501							S01016982			55.84081813242517	-4.330100564151832
3502							S01016983			55.85948722314898	-4.306640466782722
3503							S01016984			55.85830930883151	-4.300913817612994
3504							S01016985			55.86253862317834	-4.308787089378315
3505							S01016986			55.85683497948195	-4.304773495633592
3506							S01016987			55.85343289960403	-4.2983087727255915
3507							S01016988			55.85247832387425	-4.298891498234483
3508							S01016989			55.850723953034716	-4.308102291469103
3509							S01016990			55.85199849239475	-4.3043593036829595
3510							S01016991			55.85480517982301	-4.2864061580463035
3511							S01016992			55.85410428461901	-4.281076309771122
3512							S01016993			55.855250659498616	-4.2808079623649675
3513							S01016994			55.852474193322124	-4.285614149723647
3514							S01016995			55.85259764812695	-4.291053680365544
3515							S01016996			55.852616334567834	-4.295352680233357
3516							S01016997			55.84564052936446	-4.282401440610309
3517							S01016998			55.850953476838676	-4.296325056973953
3518							S01016999			55.84747889055737	-4.303340964045796
3519							S01017000			55.8429239069903	-4.309956155965159
3520							S01017001			55.844792783100594	-4.27334239876189
3521							S01017002			55.84432515552608	-4.278698269326034
3522							S01017003			55.84318168462698	-4.2846213626886165
3523							S01017004			55.843515249960504	-4.274385946578131
3524							S01017005			55.843848170740806	-4.294196832905447
3525							S01017006			55.84477212960947	-4.296216097237488
3526							S01017007			55.84355036007162	-4.272487152097013
3527							S01017008			55.8420428489402	-4.26407731497202
3528							S01017009			55.84110023605624	-4.265971139632351
3529							S01017010			55.841274475384495	-4.271140408531342
3530							S01017011			55.839516419536906	-4.272411454713894
3531							S01017012			55.83997692138037	-4.275696627335267
3532							S01017013			55.84156851555691	-4.275166703032737
3533							S01017014			55.836526126178036	-4.259109146923235
3534							S01017015			55.83524431047681	-4.260392242309206
3535							S01017016			55.834889746768255	-4.2581678212321545
3536							S01017017			55.837653548183006	-4.257912843338768
3537							S01017018			55.83879743596152	-4.263153926870951
3538							S01017019			55.83890263331747	-4.257921385463844
3539							S01017020			55.83690518334495	-4.26293216288657
3540							S01017021			55.83509820672022	-4.255624717092677
3541							S01017022			55.837499766767074	-4.2550291607020645
3542							S01017023			55.83766840356231	-4.251221862688547
3543							S01017024			55.8394116395589	-4.254181579906155
3544							S01017025			55.83390990392037	-4.254262368879553
3545							S01017026			55.8361539929292	-4.251469693209769
3546							S01017027			55.82337048047061	-4.268276791481534
3547							S01017028			55.82402171452006	-4.26561650706894
3548							S01017029			55.82532643994481	-4.265532695724861
3549							S01017030			55.82945200304148	-4.250347796375724
3550							S01017031			55.832916830818064	-4.259889877670667
3551							S01017032			55.82686402615865	-4.268416270596511
3552							S01017033			55.834576031335224	-4.264473652793443
3553							S01017034			55.83581837965	-4.265823511771959
3554							S01017035			55.83755271145744	-4.266323696152851
3555							S01017036			55.83626189341348	-4.272956207478166
3556							S01017037			55.8355325773917	-4.269623765396916
3557							S01017038			55.834794932112295	-4.266738130510236
3558							S01017039			55.835106209282344	-4.276641746375838
3559							S01017040			55.838968054635984	-4.279215330363074
3560							S01017041			55.83822031063348	-4.302458050196602
3561							S01017042			55.837593091888444	-4.2965914428973955
3562							S01017043			55.83711421515216	-4.280799769128034
3563							S01017044			55.83422097484543	-4.291873163216777
3564							S01017045			55.832278720200485	-4.286616854014779
3565							S01017046			55.829397415246355	-4.290280081667492
3566							S01017047			55.82938893185582	-4.285425331647791
3567							S01017048			55.831907224073355	-4.282427162475663
3568							S01017049			55.83334574859325	-4.280946425374492
3569							S01017050			55.83303072592279	-4.278548551141348
3570							S01017051			55.82704085828773	-4.286517085274261
3571							S01017052			55.82851104401709	-4.2770387964817225
3572							S01017053			55.82947456513199	-4.279362543868075
3573							S01017054			55.82839250391045	-4.281007769307266
3574							S01017055			55.82662629964274	-4.284161611732781
3575							S01017056			55.82451135747687	-4.280445329656362
3576							S01017057			55.826438726111185	-4.275863906961036
3577							S01017058			55.826273374961204	-4.270713007050657
3578							S01017059			55.824525808348234	-4.269956581547053
3579							S01017060			55.82735710298479	-4.279653832178475
3580							S01017061			55.82426752834909	-4.283895645722069
3581							S01017062			55.82560274539569	-4.290442443129737
3582							S01017063			55.82227269403747	-4.289669846072233
3583							S01017064			55.825060303250524	-4.295852860600908
3584							S01017065			55.82824110985479	-4.293006431636802
3585							S01017066			55.82173083031971	-4.301356195399396
3586							S01017067			55.819292304008435	-4.305346855495144
3587							S01017068			55.81387072011513	-4.321690133367638
3588							S01017069			55.81087372040313	-4.326187995036237
3589							S01017070			55.8146736057002	-4.315337257731703
3590							S01017071			55.81045969015928	-4.317177816103186
3591							S01017072			55.808693118246715	-4.321254171696874
3592							S01017073			55.81400061066735	-4.307156854514713
3593							S01017074			55.81590655587707	-4.306168239779452
3594							S01017075			55.81152679651622	-4.299604758158736
3595							S01017076			55.811296471210284	-4.301825651640213
3596							S01017077			55.81683542283016	-4.29736383060847
3597							S01017078			55.81816311160362	-4.2902745256732455
3598							S01017079			55.812902176469606	-4.284171593782177
3599							S01017080			55.817086641920184	-4.285821491002807
3600							S01017081			55.82029165666268	-4.289872765698252
3601							S01017082			55.81648952434964	-4.294230725298594
3602							S01017083			55.81488035388469	-4.302420322118176
3603							S01017084			55.81617216761291	-4.267267369236761
3604							S01017085			55.81835800627242	-4.2715449607716955
3605							S01017086			55.81688528162965	-4.273422569579866
3606							S01017087			55.82157128979786	-4.280991731462517
3607							S01017088			55.82141046253929	-4.271722839578763
3608							S01017089			55.812754566066296	-4.27662931313868
3609							S01017090			55.81039216524955	-4.275102860640988
3610							S01017091			55.8147973487569	-4.271145966872593
3611							S01017092			55.81164556884191	-4.269047120438371
3612							S01017093			55.81162293702699	-4.262964830205365
3613							S01017094			55.815215094470624	-4.262630611830376
3614							S01017095			55.80950504427438	-4.251542493018132
3615							S01017096			55.81249157201023	-4.249432544347171
3616							S01017097			55.81494223192508	-4.256453486751636
3617							S01017098			55.81270141075066	-4.2482795064566
3618							S01017099			55.78874427417465	-4.2387320382486715
3619							S01017100			55.791140439901504	-4.233988180896483
3620							S01017101			55.79876125853066	-4.251257453322669
3621							S01017102			55.80066088883975	-4.246660053219331
3622							S01017103			55.79929589179595	-4.240693869878459
3623							S01017104			55.8024144104941	-4.241686811179264
3624							S01017105			55.801084788075336	-4.236233169813488
3625							S01017106			55.802147158070575	-4.232177284959149
3626							S01017107			55.80401835702375	-4.2345503244348786
3627							S01017108			55.80412975559105	-4.2169877238226805
3628							S01017109			55.80263417244143	-4.2271309197506985
3629							S01017110			55.80686819741886	-4.23351673224343
3630							S01017111			55.80815176258375	-4.223695746763256
3631							S01017112			55.811661403357846	-4.218469469714007
3632							S01017113			55.80775215757883	-4.215964911632057
3633							S01017114			55.80897010162937	-4.2147095391620795
3634							S01017115			55.80623285350639	-4.218479713341982
3635							S01017116			55.80774202690917	-4.246222150581611
3636							S01017117			55.808245328092966	-4.232909376590489
3637							S01017118			55.8061465443979	-4.239587386172037
3638							S01017119			55.80849940549156	-4.239195861202398
3639							S01017120			55.81061691481634	-4.241360349644036
3640							S01017121			55.81054017999964	-4.235706109870953
3641							S01017122			55.81207746915936	-4.229745247050198
3642							S01017123			55.810259555734845	-4.229385917381518
3643							S01017124			55.81691220153398	-4.237188951227603
3644							S01017125			55.81484326927435	-4.235314428769092
3645							S01017126			55.81715265593458	-4.234840291272969
3646							S01017127			55.81531359880225	-4.2292120860856635
3647							S01017128			55.81720364712846	-4.231044138489646
3648							S01017129			55.81796226152434	-4.248104025879907
3649							S01017130			55.8203291819623	-4.240051081616233
3650							S01017131			55.824067939289925	-4.237088912515481
3651							S01017132			55.82086402110706	-4.235356461487117
3652							S01017133			55.825366881743754	-4.2447153547572
3653							S01017134			55.823002921017654	-4.243254087221896
3654							S01017135			55.820642683506236	-4.253383107906405
3655							S01017136			55.82024059729842	-4.26206025328018
3656							S01017137			55.821968728925036	-4.2653375284427595
3657							S01017138			55.82275087414639	-4.262397521468258
3658							S01017139			55.8233562070666	-4.262225110427847
3659							S01017140			55.82185969366025	-4.254650821102576
3660							S01017141			55.819372124818905	-4.2579710437267515
3661							S01017142			55.81836238054981	-4.263515665433684
3662							S01017143			55.816178739369605	-4.2571475841067175
3663							S01017144			55.82544856793443	-4.258897888628936
3664							S01017145			55.822952024747565	-4.249972393998075
3665							S01017146			55.82640776930603	-4.256095499093906
3666							S01017147			55.82776761767679	-4.255455731888039
3667							S01017148			55.827477919077346	-4.259973562450627
3668							S01017149			55.82467445615547	-4.234872590813893
3669							S01017150			55.825107160557934	-4.230842113684481
3670							S01017151			55.82849445898444	-4.233367289504664
3671							S01017152			55.82730320912024	-4.23660409166229
3672							S01017153			55.82692982294202	-4.238354936762809
3673							S01017154			55.82970387988817	-4.233085342362235
3674							S01017155			55.83250714552658	-4.238563663796532
3675							S01017156			55.8412679166551	-4.2421180541488805
3676							S01017157			55.841685263020324	-4.237462123042144
3677							S01017158			55.839344422100346	-4.235219363398732
3678							S01017159			55.84474017905795	-4.24391540655222
3679							S01017160			55.84715963346323	-4.2398694630445695
3680							S01017161			55.85002236555945	-4.244044173262407
3681							S01017162			55.84851034898725	-4.243669449127303
3682							S01017163			55.847530008752805	-4.248629094306446
3683							S01017164			55.84601318312245	-4.242119781686628
3684							S01017165			55.84535966956205	-4.246411125116082
3685							S01017166			55.846316677801745	-4.2515781926706575
3686							S01017167			55.85441611853418	-4.268104530887215
3687							S01017168			55.840389980195596	-4.259636789314004
3688							S01017169			55.84119655156563	-4.258293995792872
3689							S01017170			55.847408402804284	-4.258207050801172
3690							S01017171			55.849448923455775	-4.255737348077372
3691							S01017172			55.85331830358811	-4.258901459883489
3692							S01017173			55.85330979799066	-4.267177279285946
3693							S01017174			55.85487831620465	-4.229065217441826
3694							S01017175			55.85503613903304	-4.234235154624086
3695							S01017176			55.85477542069535	-4.241154610850881
3696							S01017177			55.85287990679552	-4.2366677117942215
3697							S01017178			55.85537064844532	-4.243505729713541
3698							S01017179			55.84989210155558	-4.23045712416132
3699							S01017180			55.848693910440936	-4.22714546264389
3700							S01017181			55.84621657013124	-4.2269717844385095
3701							S01017182			55.8463064930846	-4.223989715773303
3702							S01017183			55.843558420760075	-4.224870998395336
3703							S01017184			55.83829476534162	-4.2137578250456516
3704							S01017185			55.846213892001934	-4.2205312634551095
3705							S01017186			55.84360725548032	-4.212702158643687
3706							S01017187			55.8403909008307	-4.208143075777114
3707							S01017188			55.83960708939731	-4.20474459541642
3708							S01017189			55.85115408828406	-4.192266124162032
3709							S01017190			55.848187330009715	-4.199792569189309
3710							S01017191			55.8500476779396	-4.197859246636317
3711							S01017192			55.85125421450045	-4.201250452885451
3712							S01017193			55.84552759293697	-4.205862604744055
3713							S01017194			55.8483980168278	-4.219652116465401
3714							S01017195			55.850144639233285	-4.2124986414044585
3715							S01017196			55.852774283549756	-4.22862516665226
3716							S01017197			55.851425629115255	-4.212731223612215
3717							S01017198			55.852488125815725	-4.184975967556116
3718							S01017199			55.850226305366625	-4.188347708217084
3719							S01017200			55.846379658269484	-4.188355108749448
3720							S01017201			55.84555938417214	-4.183436947568222
3721							S01017202			55.8485635221257	-4.188861285087733
3722							S01017203			55.84181459040974	-4.16854833367478
3723							S01017204			55.84527123339503	-4.17281418490806
3724							S01017205			55.84292290328665	-4.174999187601935
3725							S01017206			55.84171201453601	-4.176896142228757
3726							S01017207			55.8407726372908	-4.179191500642184
3727							S01017208			55.843767345403805	-4.189198611831545
3728							S01017209			55.8439229163152	-4.191060260450964
3729							S01017210			55.84505594643378	-4.19907896379871
3730							S01017211			55.84696733013426	-4.19572045831857
3731							S01017212			55.84085967810785	-4.163575789022184
3732							S01017213			55.83738810799475	-4.164740398077242
3733							S01017214			55.83074462778484	-4.160251425573073
3734							S01017215			55.84523439423375	-4.163179960955758
3735							S01017216			55.84592651776314	-4.158058817680799
3736							S01017217			55.841138440834676	-4.146644950982978
3737							S01017218			55.83090826727102	-4.151430250356159
3738							S01017219			55.830138837730594	-4.153798846259184
3739							S01017220			55.83292264192721	-4.157002851163649
3740							S01017221			55.843989070895816	-4.130525528774999
3741							S01017222			55.8450448376022	-4.1390812278888545
3742							S01017223			55.84357809164123	-4.144862715355623
3743							S01017224			55.84898750296295	-4.142333197274512
3744							S01017225			55.84126671308759	-4.141349297761695
3745							S01017226			55.844174218437594	-4.124497833343479
3746							S01017227			55.84562564227917	-4.122676196473782
3747							S01017228			55.84809365138641	-4.12547858389393
3748							S01017229			55.84687535357294	-4.114821189143636
3749							S01017230			55.84715521393896	-4.130890539345798
3750							S01017231			55.85007390514472	-4.097549912905918
3751							S01017232			55.849452481499064	-4.104992766228184
3752							S01017233			55.84829347869656	-4.103396502740317
3753							S01017234			55.8479311517182	-4.111955229095903
3754							S01017235			55.8537742762664	-4.113438716057768
3755							S01017236			55.845159983990186	-4.098483053546784
3756							S01017237			55.84354822343276	-4.1081235218682615
3757							S01017238			55.84074127502158	-4.1140566669020835
3758							S01017239			55.83981936577306	-4.110173509475299
3759							S01017240			55.83918494163756	-4.117805177546355
3760							S01017241			55.851525833847724	-4.116671550213066
3761							S01017242			55.85512699919184	-4.120478376068717
3762							S01017243			55.85427029432939	-4.127413702916381
3763							S01017244			55.85155812225671	-4.133528048552205
3764							S01017245			55.85127365800051	-4.129198941478063
3765							S01017246			55.85155929300842	-4.122552552055183
3766							S01017247			55.854796971997786	-4.102533842907898
3767							S01017248			55.85468562070002	-4.107464793000786
3768							S01017249			55.85641704357055	-4.111313410340839
3769							S01017250			55.85765479659773	-4.116685442553557
3770							S01017251			55.85898184188703	-4.104294022553827
3771							S01017252			55.87006541896596	-4.095719224704024
3772							S01017253			55.86452544588354	-4.105424964154233
3773							S01017254			55.86648644902029	-4.096373413163507
3774							S01017255			55.87064655021	-4.098531715159927
3775							S01017256			55.87749219473041	-4.109708142863196
3776							S01017257			55.86879543220449	-4.115309876288659
3777							S01017258			55.87008648264538	-4.10185803037929
3778							S01017259			55.86561833956933	-4.111397358265252
3779							S01017260			55.87330927469169	-4.12508243852138
3780							S01017261			55.871975096038206	-4.126879698274915
3781							S01017262			55.876651410386	-4.14379333248339
3782							S01017263			55.87489498680668	-4.148140530636827
3783							S01017264			55.87387009984482	-4.14867536729824
3784							S01017265			55.87437863906351	-4.138057103049707
3785							S01017266			55.8607697740726	-4.1324991601231105
3786							S01017267			55.863642702792134	-4.127478814790194
3787							S01017268			55.863366156303286	-4.134623126282931
3788							S01017269			55.862058313598624	-4.130748035252919
3789							S01017270			55.861778274999224	-4.124596290207007
3790							S01017271			55.86580220489846	-4.121603738689305
3791							S01017272			55.85642958348783	-4.129353269408934
3792							S01017273			55.85423664233766	-4.138164519619415
3793							S01017274			55.8596414923347	-4.135888866635336
3794							S01017275			55.85750254118692	-4.1498166504541105
3795							S01017276			55.85835972277673	-4.14137917508225
3796							S01017277			55.86066084227155	-4.14393478174119
3797							S01017278			55.86041775062929	-4.141380595256714
3798							S01017279			55.85577982657714	-4.134174960047782
3799							S01017280			55.85071713533095	-4.150336466293039
3800							S01017281			55.854611590274	-4.168079032477814
3801							S01017282			55.858767662873476	-4.16938122768729
3802							S01017283			55.855266906194124	-4.161996033575658
3803							S01017284			55.86012338237782	-4.160779782908265
3804							S01017285			55.856159479507006	-4.154152410204794
3805							S01017286			55.84923670087866	-4.152251588907252
3806							S01017287			55.84662381086398	-4.153656627208324
3807							S01017288			55.849922474387874	-4.158759632094508
3808							S01017289			55.85423325954855	-4.16302506952013
3809							S01017290			55.852090406728124	-4.166820220448669
3810							S01017291			55.85100620303863	-4.172239664681309
3811							S01017292			55.848955553264304	-4.166725580204211
3812							S01017293			55.84751326973374	-4.173083099167306
3813							S01017294			55.85129597535492	-4.175674755193722
3814							S01017295			55.85270163722047	-4.180035129060627
3815							S01017296			55.852317974387574	-4.174293987393335
3816							S01017297			55.858319014302424	-4.190129088221127
3817							S01017298			55.85618176778468	-4.195073925976068
3818							S01017299			55.85607600446466	-4.189411653057517
3819							S01017300			55.85882618303408	-4.182327747536216
3820							S01017301			55.860143573463105	-4.180004664554168
3821							S01017302			55.86484872088118	-4.194891760281487
3822							S01017303			55.86565251375061	-4.185587537713672
3823							S01017304			55.86121178173812	-4.188677931143197
3824							S01017305			55.864171959479904	-4.183938152548279
3825							S01017306			55.865430325261094	-4.178862582397806
3826							S01017307			55.864198044796346	-4.174350685418657
3827							S01017308			55.86072132165164	-4.172750109709416
3828							S01017309			55.86092161182589	-4.159849330779479
3829							S01017310			55.86740283888211	-4.165387674576674
3830							S01017311			55.863549153106305	-4.170383023472591
3831							S01017312			55.86304668712228	-4.159615738981208
3832							S01017313			55.867429693325725	-4.17151059173021
3833							S01017314			55.860542642439725	-4.15429922350182
3834							S01017315			55.86658248540298	-4.158885077217063
3835							S01017316			55.87173721034855	-4.152441745597851
3836							S01017317			55.87705998277848	-4.15794809835847
3837							S01017318			55.87604653222929	-4.164478226694873
3838							S01017319			55.87220270651722	-4.160747615602203
3839							S01017320			55.87490140974403	-4.154966828361958
3840							S01017321			55.87101917188241	-4.146216119355722
3841							S01017322			55.86632598735336	-4.1967172178961
3842							S01017323			55.8714265734734	-4.192417763578568
3843							S01017324			55.86804734295	-4.181806244426805
3844							S01017325			55.86851497793615	-4.185332830948125
3845							S01017326			55.8688082199346	-4.192589826228998
3846							S01017327			55.87428287187719	-4.163069227320821
3847							S01017328			55.870194739627	-4.171680969448123
3848							S01017329			55.87438894410655	-4.192105220327112
3849							S01017330			55.8739808328985	-4.194831740390794
3850							S01017331			55.8780825321436	-4.191610037759843
3851							S01017332			55.87915570596519	-4.180782893379933
3852							S01017333			55.88330645817807	-4.193999192812023
3853							S01017334			55.881530920145046	-4.195289998455487
3854							S01017335			55.883414506799056	-4.200529020347073
3855							S01017336			55.897849006384824	-4.1782491721183845
3856							S01017337			55.89827030318401	-4.180848081637745
3857							S01017338			55.89758288991606	-4.1957491212978875
3858							S01017339			55.89496177719428	-4.185476627009537
3859							S01017340			55.89436828301425	-4.194080004880246
3860							S01017341			55.88188501538459	-4.181447651482042
3861							S01017342			55.88750252359787	-4.167690775201748
3862							S01017343			55.893069600380414	-4.1771335774783225
3863							S01017344			55.890906469589886	-4.190142269614326
3864							S01017345			55.89253396729582	-4.1855479841080685
3865							S01017346			55.88991289717579	-4.207517775745478
3866							S01017347			55.8889715749742	-4.214388781325613
3867							S01017348			55.89412379906414	-4.199216244200499
3868							S01017349			55.89705348967779	-4.20274106861317
3869							S01017350			55.89476164633769	-4.206257815006958
3870							S01017351			55.8931568958543	-4.228477783780524
3871							S01017352			55.88420052945348	-4.20581819976653
3872							S01017353			55.88837065193131	-4.204311807426146
3873							S01017354			55.88678866903647	-4.2098349038168115
3874							S01017355			55.8819235692067	-4.202986856520608
3875							S01017356			55.87904076990626	-4.2198664651503135
3876							S01017357			55.88102260282599	-4.214623453805597
3877							S01017358			55.88123280677766	-4.219416052050358
3878							S01017359			55.87986198597452	-4.23209634552936
3879							S01017360			55.87703879622974	-4.2267064992104215
3880							S01017361			55.887393622154434	-4.221654841468529
3881							S01017362			55.88392525636154	-4.22211217353623
3882							S01017363			55.88639961158866	-4.225931539888281
3883							S01017364			55.88393015738724	-4.218354846817954
3884							S01017365			55.895507922201645	-4.233634952100001
3885							S01017366			55.887760705361224	-4.236611825788629
3886							S01017367			55.891571574043525	-4.230162093117169
3887							S01017368			55.88926653840244	-4.232380633018431
3888							S01017369			55.886051462676555	-4.235713921258458
3889							S01017370			55.873866945316394	-4.257729094872496
3890							S01017371			55.879236405260706	-4.242772367443588
3891							S01017372			55.87493395060413	-4.2391830649143625
3892							S01017373			55.880570838515396	-4.236118184226619
3893							S01017374			55.88284235868026	-4.247585397854246
3894							S01017375			55.87472671054396	-4.207390853388015
3895							S01017376			55.87440383528946	-4.212855676061294
3896							S01017377			55.870483207795104	-4.218962351036615
3897							S01017378			55.87056395433226	-4.230841127728927
3898							S01017379			55.87101252369304	-4.226473317506262
3899							S01017380			55.86742748677998	-4.229400757888901
3900							S01017381			55.869262647623884	-4.225334180891021
3901							S01017382			55.86769744845197	-4.222927063851698
3902							S01017383			55.86395207911415	-4.218318079553947
3903							S01017384			55.86391387127625	-4.2273934559079205
3904							S01017385			55.86251961204299	-4.221001110467487
3905							S01017386			55.86186272992222	-4.217559705914602
3906							S01017387			55.862196286490565	-4.212512780665548
3907							S01017388			55.86467106950186	-4.214827083606409
3908							S01017389			55.864093610447725	-4.212956313614144
3909							S01017390			55.863236330207975	-4.207649699716605
3910							S01017391			55.860999149638864	-4.208114013649117
3911							S01017392			55.861530345565505	-4.204053138297693
3912							S01017393			55.85829589808865	-4.2155028064406554
3913							S01017394			55.861386697302486	-4.201536060580947
3914							S01017395			55.86086448261148	-4.192030218732441
3915							S01017396			55.86058145725397	-4.217342848986899
3916							S01017397			55.85929585148582	-4.214872622453906
3917							S01017398			55.85899153064987	-4.217795540218403
3918							S01017399			55.860205295638714	-4.220757126910564
3919							S01017400			55.85984430613194	-4.222829893519492
3920							S01017401			55.860320883659334	-4.225797470248235
3921							S01017402			55.85692738472738	-4.223606004926298
3922							S01017403			55.8554021559099	-4.2184857457334095
3923							S01017404			55.857837355933725	-4.2199987862581425
3924							S01017405			55.859034126571	-4.236781774340875
3925							S01017406			55.85914224510595	-4.24081166102249
3926							S01017407			55.85806859370113	-4.2409448016655915
3927							S01017408			55.864669340808376	-4.241708619878567
3928							S01017409			55.8641997497121	-4.245772903426922
3929							S01017410			55.85976514136273	-4.244014798028292
3930							S01017411			55.8657544559265	-4.242330540591189
3931							S01017412			55.86078225302407	-4.236035318961351
3932							S01017413			55.85872521377673	-4.243379555809929
3933							S01017414			55.856579470858435	-4.246211909621746
3934							S01017415			55.860185533349	-4.249536230366429
3935							S01017416			55.86735034711865	-4.268027544505989
3936							S01017417			55.86554597007702	-4.2684018097604834
3937							S01017418			55.86800893859588	-4.264965159510879
3938							S01017419			55.867937271062154	-4.261045047881289
3939							S01017420			55.867627582803415	-4.254905450197854
3940							S01017421			55.86816171295722	-4.258612621256911
3941							S01017422			55.86614956544041	-4.261979998100224
3942							S01017423			55.859840490546816	-4.267174803750979
3943							S01017424			55.86235628097538	-4.272738500714952
3944							S01017425			55.85835650455848	-4.263013035565436
3945							S01017426			55.8563531290862	-4.254651540416229
3946							S01017427			55.862339430251225	-4.258705124306076
3947							S01017428			55.85808955561626	-4.278928994944928
3948							S01017429			55.860944799545884	-4.2742221477555145
3949							S01017430			55.862523392576044	-4.2743943331855885
3950							S01017431			55.863628068922914	-4.2802602857259
3951							S01017432			55.86462959991962	-4.274709259175593
3952							S01017433			55.8641392973241	-4.273034450759045
3953							S01017434			55.862838801751195	-4.2825952559566
3954							S01017435			55.864173206130005	-4.282849355768433
3955							S01017436			55.866157805083034	-4.2882561334745946
3956							S01017437			55.866591738053074	-4.282799498643487
3957							S01017438			55.86748244253814	-4.291930320734612
3958							S01017439			55.866395881272226	-4.295254675092412
3959							S01017440			55.865035589102405	-4.293016792087423
3960							S01017441			55.86451378751255	-4.288702819140418
3961							S01017442			55.86825182721392	-4.277606351743932
3962							S01017443			55.87033881679132	-4.275075156219285
3963							S01017444			55.870099278322854	-4.270042050130747
3964							S01017445			55.868754037676666	-4.271833633242745
3965							S01017446			55.87264508191976	-4.280117617721038
3966							S01017447			55.87307764889853	-4.27665811870501
3967							S01017448			55.87106282002961	-4.27431827482673
3968							S01017449			55.87212059188494	-4.273980510747621
3969							S01017450			55.871427522923454	-4.2638055619562545
3970							S01017451			55.873907499465304	-4.273093885026348
3971							S01017452			55.87353658978076	-4.269331531119339
3972							S01017453			55.8724230562577	-4.26928252975013
3973							S01017454			55.875302573156496	-4.266652958952503
3974							S01017455			55.87368770262411	-4.263569477873253
3975							S01017456			55.87479607324698	-4.26341020333626
3976							S01017457			55.87775364256734	-4.2682507253406445
3977							S01017458			55.87877105744322	-4.273506161879552
3978							S01017459			55.876907235481454	-4.273205320753164
3979							S01017460			55.877927150899524	-4.27588692217948
3980							S01017461			55.875123858076634	-4.276330310969885
3981							S01017462			55.8789950357752	-4.263798560403884
3982							S01017463			55.88049608719195	-4.257922237127506
3983							S01017464			55.88282655629408	-4.255323404018854
3984							S01017465			55.88404090011093	-4.2616299775982
3985							S01017466			55.882779988045826	-4.264706570096678
3986							S01017467			55.8834138633298	-4.26981224978186
3987							S01017468			55.8806549486631	-4.272720976669297
3988							S01017469			55.88142026285529	-4.282838812629929
3989							S01017470			55.88568360655017	-4.280722585621188
3990							S01017471			55.88480329925164	-4.2845725955535805
3991							S01017472			55.88274317645737	-4.288065160076007
3992							S01017473			55.88926115282227	-4.277782074345984
3993							S01017474			55.887226149578325	-4.276047667699227
3994							S01017475			55.88230611807928	-4.27723058992901
3995							S01017476			55.88562551560186	-4.2877231348248035
3996							S01017477			55.88452726125094	-4.253247420082821
3997							S01017478			55.8912950491252	-4.244379920498698
3998							S01017479			55.890542128979575	-4.250173753662076
3999							S01017480			55.88747594123996	-4.260550560170143
4000							S01017481			55.885304531660196	-4.254971487623678
4001							S01017482			55.89035956792788	-4.267946987318464
4002							S01017483			55.887929006075794	-4.248087465056261
4003							S01017484			55.89086391303107	-4.280530849538615
4004							S01017485			55.897757250543286	-4.249775879106363
4005							S01017486			55.89278987447215	-4.25454222654555
4006							S01017487			55.89434049664831	-4.247402812489998
4007							S01017488			55.89399377878313	-4.2672794231288265
4008							S01017489			55.896008921111566	-4.260823087588666
4009							S01017490			55.89522373394233	-4.243327303739643
4010							S01017491			55.901558774301606	-4.243363887661953
4011							S01017492			55.90076621749913	-4.248398446082182
4012							S01017493			55.89762553856549	-4.242714206897154
4013							S01017494			55.90036998796485	-4.238089652221409
4014							S01017495			55.89843201113917	-4.28097500814264
4015							S01017496			55.9041842564924	-4.287248073818914
4016							S01017497			55.90111824551657	-4.28780346738943
4017							S01017498			55.90576312988564	-4.283533271168478
4018							S01017499			55.90321111889969	-4.253291308734955
4019							S01017500			55.90741631452266	-4.286462378359106
4020							S01017501			55.900063038233625	-4.296683462455061
4021							S01017502			55.903022172201084	-4.305689200216255
4022							S01017503			55.90504590016779	-4.290690516077327
4023							S01017504			55.9019792781977	-4.294653064667779
4024							S01017505			55.8974419573483	-4.272311286702662
4025							S01017506			55.89479609647242	-4.280761602345025
4026							S01017507			55.89564525876934	-4.2853699702424075
4027							S01017508			55.89691908970839	-4.2905219496806355
4028							S01017509			55.8948146083639	-4.290407368609288
4029							S01017510			55.89401649446193	-4.29320729755469
4030							S01017511			55.89251042052821	-4.290591460725542
4031							S01017512			55.895650691980634	-4.293287726772923
4032							S01017513			55.88717299309761	-4.290532762147136
4033							S01017514			55.889227439248266	-4.288798749801791
4034							S01017515			55.88988070941417	-4.29473845493246
4035							S01017516			55.88885289103385	-4.292502844513022
4036							S01017517			55.88710916190973	-4.2925119315001785
4037							S01017518			55.89213848359214	-4.309521753168181
4038							S01017519			55.89014993730577	-4.3106030530165675
4039							S01017520			55.884781270382945	-4.30694195862329
4040							S01017521			55.88929453295647	-4.302060294522251
4041							S01017522			55.88454315933962	-4.297093738886905
4042							S01017523			55.88607247916794	-4.300382314713068
4043							S01017524			55.88167100127033	-4.297851390113275
4044							S01017525			55.87993442293881	-4.276691941357359
4045							S01017526			55.88102102513014	-4.288363513193067
4046							S01017527			55.87706762207309	-4.284437748668072
4047							S01017528			55.87887635874848	-4.28141038549438
4048							S01017529			55.880200424721096	-4.280768608209221
4049							S01017530			55.87492055507169	-4.298859231916906
4050							S01017531			55.876970524863225	-4.289659869414286
4051							S01017532			55.874199947830014	-4.283022346591238
4052							S01017533			55.875472801599116	-4.285622971569043
4053							S01017534			55.876317240131435	-4.289509487101428
4054							S01017535			55.87504574891261	-4.289738356875684
4055							S01017536			55.873097006990726	-4.300733651446253
4056							S01017537			55.870216059614336	-4.299076650072093
4057							S01017538			55.87295042981523	-4.302803113086909
4058							S01017539			55.87150046461568	-4.299600165786584
4059							S01017540			55.868985759555635	-4.297581343296783
4060							S01017541			55.87273058376248	-4.2977386599129135
4061							S01017542			55.87182527276715	-4.304814559481784
4062							S01017543			55.870961627889876	-4.303420647065323
4063							S01017544			55.86807834900756	-4.302850291744297
4064							S01017545			55.869964121010845	-4.310602520050239
4065							S01017546			55.87037331721828	-4.313695881900086
4066							S01017547			55.868760820282496	-4.318666884312984
4067							S01017548			55.86882289177027	-4.320141123199708
4068							S01017549			55.871747181041755	-4.317102544515375
4069							S01017550			55.871392107465866	-4.32115759537177
4070							S01017551			55.867862459862636	-4.31578422245418
4071							S01017552			55.872527524942456	-4.314799167601414
4072							S01017553			55.87462587194657	-4.322677494326421
4073							S01017554			55.87335649295715	-4.317550126558958
4074							S01017555			55.87159543477546	-4.30700688255697
4075							S01017556			55.87446674110441	-4.303900047960123
4076							S01017557			55.876933781712594	-4.313238941811743
4077							S01017558			55.87942122836858	-4.311916026868445
4078							S01017559			55.875596652586204	-4.308826972670068
4079							S01017560			55.87674852753372	-4.3044349416544705
4080							S01017561			55.877880258015566	-4.307827463442677
4081							S01017562			55.87978172703745	-4.305638006675504
4082							S01017563			55.87905149779126	-4.300958132828925
4083							S01017564			55.87950380311675	-4.29743549600619
4084							S01017565			55.87732871643844	-4.295516367921957
4085							S01017566			55.875694124311416	-4.2944926273640895
4086							S01017567			55.88827203324188	-4.335326960376244
4087							S01017568			55.886479704215	-4.345453905345722
4088							S01017569			55.883702889544125	-4.339769665225462
4089							S01017570			55.8847992278686	-4.328882021008114
4090							S01017571			55.882444931876655	-4.31027305419146
4091							S01017572			55.88604411065805	-4.316739442950298
4092							S01017573			55.88671368310523	-4.324599089865534
4093							S01017574			55.873374019128924	-4.323290126730818
4094							S01017575			55.88132865182464	-4.323253828803421
4095							S01017576			55.8801763824535	-4.3243041754799245
4096							S01017577			55.87661084564601	-4.322268489211532
4097							S01017578			55.877602155347965	-4.318314807565807
4098							S01017579			55.88069025395042	-4.331817689104927
4099							S01017580			55.87813706674792	-4.329010594147836
4100							S01017581			55.875235962456436	-4.338860631082265
4101							S01017582			55.87204180588866	-4.333369476602143
4102							S01017583			55.87354181608056	-4.33578526782746
4103							S01017584			55.88360339055443	-4.357225206214702
4104							S01017585			55.88280889311359	-4.347071299130821
4105							S01017586			55.88051068017336	-4.348819349070577
4106							S01017587			55.88216500690736	-4.35630656076648
4107							S01017588			55.87946967043418	-4.342137128016963
4108							S01017589			55.87582889701575	-4.343596580835798
4109							S01017590			55.87690280520281	-4.346666993486024
4110							S01017591			55.88157228822253	-4.359564532032176
4111							S01017592			55.8837912872776	-4.3586757471907225
4112							S01017593			55.88022367939774	-4.354430187446129
4113							S01017594			55.87767144671401	-4.3487758295826815
4114							S01017595			55.88625363637162	-4.366645032509239
4115							S01017596			55.88627475610405	-4.372547243516968
4116							S01017597			55.88702912266073	-4.376303433221997
4117							S01017598			55.8899979346254	-4.380803091306692
4118							S01017599			55.8893491409485	-4.382746481083531
4119							S01017600			55.88466091864818	-4.368610891492949
4120							S01017601			55.89941105674378	-4.376932758989467
4121							S01017602			55.8970754048194	-4.375942065861644
4122							S01017603			55.893586555037196	-4.373697406894833
4123							S01017604			55.89575126701686	-4.378884240633892
4124							S01017605			55.89785440695186	-4.367703598433843
4125							S01017606			55.8949933138772	-4.36879285730766
4126							S01017607			55.89100937276243	-4.372180530629648
4127							S01017608			55.884654806057085	-4.3628537878084845
4128							S01017609			55.8966187964446	-4.360910040046382
4129							S01017610			55.886750802474936	-4.353849930283881
4130							S01017611			55.888525834510446	-4.3629931759902245
4131							S01017612			55.88687373371075	-4.359630396346339
4132							S01017613			55.892116716403166	-4.3650828238795025
4133							S01017614			55.89952649031031	-4.361134737631683
4134							S01017615			55.89885385595121	-4.355431005622544
4135							S01017616			55.895308708214436	-4.349057913366808
4136							S01017617			55.88914562283292	-4.356921641638744
4137							S01017618			55.8919565192243	-4.357507968126854
4138							S01017619			55.890168570126015	-4.3424139191127304
4139							S01017620			55.89210387732887	-4.3469768955632615
4140							S01017621			55.89214015571379	-4.350257866015683
4141							S01017622			55.88930225232319	-4.350613998260603
4142							S01017623			55.89023752843764	-4.3458726058278145
4143							S01017624			55.89449096989006	-4.3024480570565355
4144							S01017625			55.89373366155225	-4.320748465664798
4145							S01017626			55.888247301487176	-4.315239558252856
4146							S01017627			55.89060368796753	-4.317059153604383
4147							S01017628			55.89226420186017	-4.321940221491404
4148							S01017629			55.89703295175295	-4.3415800457848315
4149							S01017630			55.89642639027242	-4.337080680250791
4150							S01017631			55.89702447741896	-4.331134219513664
4151							S01017632			55.89428914578423	-4.326075811866189
4152							S01017633			55.89261828975666	-4.326983423733257
4153							S01017634			55.896833391482076	-4.32745976184309
4154							S01017635			55.891678807438396	-4.3334045096758596
4155							S01017636			55.89142059336477	-4.327583437332285
4156							S01017637			55.893325669462534	-4.34228432975893
4157							S01017638			55.90506533663935	-4.346432065498879
4158							S01017639			55.90215414483227	-4.351103652921472
4159							S01017640			55.898992888542175	-4.348624793615778
4160							S01017641			55.90012815594336	-4.3342958828908955
4161							S01017642			55.89892638109477	-4.341262248373175
4162							S01017643			55.901797855641156	-4.340555418165053
4163							S01017644			55.9022542895857	-4.33307981322812
4164							S01017645			55.90216219429635	-4.361950872064928
4165							S01017646			55.9026283873498	-4.370426345281364
4166							S01017647			55.90311445731388	-4.359161037218318
4167							S01017648			55.90773630564221	-4.35340962060563
4168							S01017649			55.90693058416223	-4.358880838812333
4169							S01017650			55.91050975979201	-4.351721512056529
4170							S01017651			55.91044962091005	-4.356278318271313
4171							S01017652			55.91712079983584	-4.362252706626813
4172							S01017653			55.91019098785419	-4.361335096369543
4173							S01017654			55.91492265887282	-4.355013437045407
4174							S01017655			55.9120933283256	-4.354921852721411
4175							S01017656			55.91304320929295	-4.366789435833202
4176							S01017657			55.91778167153853	-4.379273821490818
4177							S01017658			55.916996709447126	-4.371047524637869
4178							S01017659			55.91333360404193	-4.3694475941417075
4179							S01017660			55.91049019038975	-4.383579505936263
4180							S01017661			55.91286381991363	-4.3802846655079
4181							S01017662			55.91459426308803	-4.382823259579958
4182							S01017663			55.908198861603026	-4.381694790892027
4183							S01017664			56.68792108058375	-5.948009863136893
4184							S01017665			56.76042101555549	-5.821582419222519
4185							S01017666			56.95613485814423	-5.838693297717228
4186							S01017667			57.00588823270547	-5.8218262024664424
4187							S01017668			56.69107204707479	-5.588814996825723
4188							S01017669			56.84440507084626	-5.20712385338497
4189							S01017670			56.83649116766226	-5.087569218737414
4190							S01017671			56.8371461990498	-5.100660451658313
4191							S01017672			56.84404348823777	-5.135069202382154
4192							S01017673			56.84426631704524	-5.1074826898218975
4193							S01017674			56.8382839344809	-5.104067334755918
4194							S01017675			56.841295723796605	-5.100069051035022
4195							S01017676			56.81128023345687	-5.118891714922783
4196							S01017677			56.813123630632376	-5.1102279164099755
4197							S01017678			56.80883303625499	-5.1182621571555575
4198							S01017679			56.809745033245605	-5.113061299716239
4199							S01017680			56.82537320531297	-5.092604342930768
4200							S01017681			56.82293205049419	-5.089550599743102
4201							S01017682			56.82267937411003	-5.1047914240737375
4202							S01017683			56.81591372254531	-5.103952568808115
4203							S01017684			56.69855767209946	-5.179726968742011
4204							S01017685			56.682375917240826	-5.191721401956255
4205							S01017686			56.6763813962893	-5.13402846491688
4206							S01017687			56.71612020458721	-4.965263792017874
4207							S01017688			56.89339035456398	-4.837154017896795
4208							S01017689			56.89232210020093	-4.917047297567255
4209							S01017690			57.03411005427097	-4.813245884337764
4210							S01017691			57.06821690195208	-4.120561897325737
4211							S01017692			57.04967625243879	-4.132925143789369
4212							S01017693			57.08058160642318	-4.049275227199942
4213							S01017694			57.08362467449935	-4.047809434515425
4214							S01017695			57.12768955483597	-3.9317006481046333
4215							S01017696			57.19902595365114	-3.8245370088192705
4216							S01017697			57.19697221381052	-3.8298316759055315
4217							S01017698			57.2044850284767	-3.8229356391827802
4218							S01017699			57.20026844946704	-3.8163049815190218
4219							S01017700			57.25067537394508	-3.756111116352737
4220							S01017701			57.28061275466964	-3.812381772128053
4221							S01017702			57.263222735329165	-3.649013161544678
4222							S01017703			57.30211971096669	-3.667800669185032
4223							S01017704			57.328725624952284	-3.6159355936241395
4224							S01017705			57.32834341265828	-3.6121150614292916
4225							S01017706			57.331457678043364	-3.606753040066672
4226							S01017707			57.336640064236214	-3.539344288326065
4227							S01017708			57.57084463305998	-3.924876956506527
4228							S01017709			57.58970013789848	-3.836382594021557
4229							S01017710			57.58698259373514	-3.8440747548981316
4230							S01017711			57.576270345686765	-3.8088637328204284
4231							S01017712			57.573626378971724	-3.805906296756035
4232							S01017713			57.53794554815056	-3.9010052362983387
4233							S01017714			57.502385102304046	-3.7585571928674897
4234							S01017715			57.58836262812748	-3.8651235506132746
4235							S01017716			57.58411158639486	-3.867649293181955
4236							S01017717			57.579264930081195	-3.8697424762689328
4237							S01017718			57.58150109073449	-3.8564090985730086
4238							S01017719			57.58527728883799	-3.8580568517566998
4239							S01017720			57.58602391794248	-3.876228723062367
4240							S01017721			57.580919939387016	-3.876885879382981
4241							S01017722			57.58305379445058	-3.8880358007855214
4242							S01017723			57.58112340148657	-3.8861460581320926
4243							S01017724			57.57740091452021	-3.8875422590616506
4244							S01017725			57.574132548087704	-3.893410094006085
4245							S01017726			57.577227156040536	-3.8955443691907217
4246							S01017727			57.33841141239509	-3.9991504617603004
4247							S01017728			57.37480771958076	-4.18725434394577
4248							S01017729			57.47362271944079	-4.089604139667811
4249							S01017730			57.52535761058635	-4.039135873068115
4250							S01017731			57.5210036931222	-4.012607997807852
4251							S01017732			57.54094662205653	-4.063449256076766
4252							S01017733			57.566209311024586	-4.0331607177384585
4253							S01017734			57.49300890777361	-4.141757864944709
4254							S01017735			57.48667655861635	-4.146909410361846
4255							S01017736			57.489868169229155	-4.145745294898747
4256							S01017737			57.49070060947321	-4.1268387478042685
4257							S01017738			57.49581270451071	-4.118324760584338
4258							S01017739			57.49401983604583	-4.111111983364015
4259							S01017740			57.47887570367051	-4.150171279943554
4260							S01017741			57.48162691530124	-4.152701881425446
4261							S01017742			57.484146351470635	-4.138235772246921
4262							S01017743			57.482325254236834	-4.145469496336109
4263							S01017744			57.48866323096315	-4.1320260971439255
4264							S01017745			57.47753879887942	-4.156898192294239
4265							S01017746			57.483705590487574	-4.156728071931028
4266							S01017747			57.473440885967996	-4.1511527377465285
4267							S01017748			57.47773887406448	-4.142531631941386
4268							S01017749			57.476161159689894	-4.1375521351755795
4269							S01017750			57.47294803037677	-4.142634637633721
4270							S01017751			57.471126616106915	-4.159855596405893
4271							S01017752			57.47092446354344	-4.169533103627297
4272							S01017753			57.46653421231781	-4.1656709666147504
4273							S01017754			57.45061221814523	-4.179230191079507
4274							S01017755			57.45209553793611	-4.171900972309267
4275							S01017756			57.455419303715715	-4.176632443603921
4276							S01017757			57.46081779654403	-4.194859737025803
4277							S01017758			57.460660387733945	-4.1832296915012925
4278							S01017759			57.45707923407417	-4.192318321892624
4279							S01017760			57.463235211487365	-4.1870848296057925
4280							S01017761			57.46641928986138	-4.185340850671628
4281							S01017762			57.44551055846212	-4.222840108703315
4282							S01017763			57.444251409423735	-4.211164807764292
4283							S01017764			57.44843659910105	-4.216900956152311
4284							S01017765			57.44723952107034	-4.214461858116104
4285							S01017766			57.44576749971687	-4.229655388304482
4286							S01017767			57.445437220404294	-4.253267520778941
4287							S01017768			57.445393563222495	-4.245648499997274
4288							S01017769			57.45498219943339	-4.221248179302021
4289							S01017770			57.45323925441155	-4.228360192670107
4290							S01017771			57.449670542245585	-4.24111048432402
4291							S01017772			57.45135311134933	-4.231362375305332
4292							S01017773			57.455232161962485	-4.237083351432591
4293							S01017774			57.45264017834905	-4.244392754032763
4294							S01017775			57.46337605068356	-4.212987332175323
4295							S01017776			57.46096735346968	-4.221194647596395
4296							S01017777			57.46019064594082	-4.215295531624104
4297							S01017778			57.45686785051152	-4.216728135068888
4298							S01017779			57.456896515131035	-4.231900364749698
4299							S01017780			57.46140874531268	-4.206299298201776
4300							S01017781			57.46453629268925	-4.204720426138079
4301							S01017782			57.46557908849351	-4.211869981844391
4302							S01017783			57.45927030598449	-4.211421981288074
4303							S01017784			57.458771257750776	-4.206573750848492
4304							S01017785			57.47072138525709	-4.196304358866932
4305							S01017786			57.46661192776969	-4.199576175625642
4306							S01017787			57.46301290745876	-4.199343158365219
4307							S01017788			57.483066606917156	-4.227574970843156
4308							S01017789			57.48039316075398	-4.226828287815544
4309							S01017790			57.4783539792076	-4.21302602830031
4310							S01017791			57.48053273582194	-4.1963429241773715
4311							S01017792			57.47701006307886	-4.2010019488361845
4312							S01017793			57.47817039220545	-4.19423282513443
4313							S01017794			57.47066214847356	-4.216113006683164
4314							S01017795			57.469062020220406	-4.219217955148272
4315							S01017796			57.47228156818627	-4.225684116408052
4316							S01017797			57.475711675526306	-4.220722161243572
4317							S01017798			57.47629128951606	-4.214335687567011
4318							S01017799			57.46823809303854	-4.236344336821848
4319							S01017800			57.46890256018703	-4.232315892128016
4320							S01017801			57.47084488591378	-4.239322181936796
4321							S01017802			57.472633497271	-4.247870923336303
4322							S01017803			57.47801523000932	-4.245382613645876
4323							S01017804			57.47449892277514	-4.24353220945469
4324							S01017805			57.4770205530152	-4.237148165592716
4325							S01017806			57.479019909820465	-4.233850799923841
4326							S01017807			57.48006347990708	-4.243389773149481
4327							S01017808			57.48272663665713	-4.237130180137566
4328							S01017809			57.47630071143221	-4.230615666167306
4329							S01017810			57.48633434354408	-4.234848190169529
4330							S01017811			57.48678353597532	-4.23991447652128
4331							S01017812			57.485907819808766	-4.241662759654023
4332							S01017813			57.49188688974928	-4.24246323644036
4333							S01017814			57.49003489718068	-4.240497452623456
4334							S01017815			57.480428991064066	-4.262646523538489
4335							S01017816			57.4857526562087	-4.257903881999329
4336							S01017817			57.48087471160963	-4.2578362615911685
4337							S01017818			57.479800224240044	-4.25109725168282
4338							S01017819			57.484024638125035	-4.25354285935963
4339							S01017820			57.47002461329634	-4.264104317823863
4340							S01017821			57.46478565387164	-4.276102847793913
4341							S01017822			57.46912074118379	-4.25889523454796
4342							S01017823			57.47340558542391	-4.265464443436043
4343							S01017824			57.47853028018389	-4.257791616680456
4344							S01017825			57.475556674048	-4.258258578302279
4345							S01017826			57.46655920361319	-4.316835461178903
4346							S01017827			57.471670968777694	-4.421083043074638
4347							S01017828			57.47899576457889	-4.466442779032724
4348							S01017829			57.48377065252757	-4.458906557316218
4349							S01017830			57.47677790968812	-4.411078899986233
4350							S01017831			57.41970684337678	-4.667401729046413
4351							S01017832			57.4409038582675	-4.488391113793399
4352							S01017833			57.42358730395789	-4.47792062465386
4353							S01017834			57.491133084533466	-4.484883998799593
4354							S01017835			57.339365623159544	-4.503036703487626
4355							S01017836			57.244221689147565	-4.444017776730681
4356							S01017837			57.328480057327745	-4.480980087442421
4357							S01017838			57.33881473799857	-4.465424209480925
4358							S01017839			57.1430149574337	-4.68232850009519
4359							S01017840			57.137448395698264	-4.688785138835046
4360							S01017841			57.223424732960446	-5.451172747272985
4361							S01017842			57.282782552151055	-5.53486774895754
4362							S01017843			57.3321258302645	-5.666079594544281
4363							S01017844			57.284021628827944	-5.713351472947117
4364							S01017845			57.23888213636982	-5.894130076261863
4365							S01017846			57.27181726265606	-5.736202672044468
4366							S01017847			57.216802204502464	-5.941801731773134
4367							S01017848			57.318041984739345	-6.375906813365542
4368							S01017849			57.095006352313774	-5.872798578868794
4369							S01017850			57.34036683822758	-6.116182874618159
4370							S01017851			57.62372896781218	-6.20117200551534
4371							S01017852			57.414108564306616	-6.194458840022673
4372							S01017853			57.415083724893194	-6.210219424971674
4373							S01017854			57.41791041020794	-6.1999110111710785
4374							S01017855			57.46923320800352	-6.334894445344072
4375							S01017856			57.59167119475621	-6.363514027578912
4376							S01017857			57.434883103987175	-6.570021276974877
4377							S01017858			57.44467890272292	-6.688529403936684
4378							S01017859			57.76415634037234	-5.606160806700975
4379							S01017860			57.73199235902382	-5.705023386667141
4380							S01017861			57.44405214924727	-5.802864715824614
4381							S01017862			57.40635514322619	-5.480472668163955
4382							S01017863			57.89730518383978	-5.161664046907341
4383							S01017864			57.8902038204336	-5.133445824338885
4384							S01017865			57.90144682660482	-5.159208880185735
4385							S01017866			58.014058740062715	-5.339450941184871
4386							S01017867			57.85358577671754	-5.612833585759045
4387							S01017868			57.59938601259037	-4.50862158705332
4388							S01017869			57.58328911092657	-4.543349140081269
4389							S01017870			57.56884317635786	-4.577711853987311
4390							S01017871			57.615892027702685	-4.688653247816357
4391							S01017872			57.73231805027126	-4.2894803944066195
4392							S01017873			57.6626794841669	-4.353694491252632
4393							S01017874			57.663286389209745	-4.336967374917674
4394							S01017875			57.737151765645315	-4.137949468242985
4395							S01017876			57.53013915720576	-4.456098591576851
4396							S01017877			57.520749449245635	-4.456519330097419
4397							S01017878			57.5171552383586	-4.46295748396115
4398							S01017879			57.522734732565006	-4.466223226843652
4399							S01017880			57.51242608958075	-4.4557092224198644
4400							S01017881			57.56272669417255	-4.42707672938815
4401							S01017882			57.545127927147234	-4.4207583692520735
4402							S01017883			57.57067519663018	-4.442189435562208
4403							S01017884			57.574988674243365	-4.439852570131799
4404							S01017885			57.56882783458687	-4.429891164715275
4405							S01017886			57.56275791718791	-4.43431871042286
4406							S01017887			57.60493411980548	-4.4414748399418755
4407							S01017888			57.60329489173917	-4.437950107076825
4408							S01017889			57.59777673323205	-4.431003105307981
4409							S01017890			57.59474218456852	-4.436925510636381
4410							S01017891			57.593915540210304	-4.424787755916097
4411							S01017892			57.603787494966284	-4.427772180773206
4412							S01017893			57.60942084483659	-4.426875658176289
4413							S01017894			57.5512054135371	-4.263775958088546
4414							S01017895			57.50771520124388	-4.272299473234111
4415							S01017896			57.504128634682395	-4.257870759934628
4416							S01017897			57.58901459078884	-4.115126290382756
4417							S01017898			57.580767751668894	-4.121472201387784
4418							S01017899			57.579520872154454	-4.136804785844199
4419							S01017900			57.56632035093707	-4.172164207642599
4420							S01017901			57.57063625280735	-4.177204083155287
4421							S01017902			57.598629972233596	-4.3377701229497925
4422							S01017903			57.60369452821478	-4.3355175463492746
4423							S01017904			57.54580916174436	-4.334066707986278
4424							S01017905			57.64000519535089	-4.231571353474712
4425							S01017906			57.679119515811266	-4.0377369826866785
4426							S01017907			57.69689892824618	-4.275983677713238
4427							S01017908			57.69622167094671	-4.267164665396034
4428							S01017909			57.69423189296417	-4.272896569611676
4429							S01017910			57.70121248788903	-4.226978669386313
4430							S01017911			57.70072997370996	-4.235995049777494
4431							S01017912			57.694650112884425	-4.244950022572843
4432							S01017913			57.696870342162725	-4.248947133529752
4433							S01017914			57.69868081838729	-4.251727758615578
4434							S01017915			57.69933023858914	-4.2651772771458285
4435							S01017916			57.69459825218292	-4.180108820959184
4436							S01017917			57.7029188780841	-4.219866379168929
4437							S01017918			57.690034135582856	-4.178005773974154
4438							S01017919			57.69414613309929	-4.177145209716332
4439							S01017920			57.696621555460446	-4.154841175762632
4440							S01017921			57.68807401707177	-4.169197718685805
4441							S01017922			57.77473256655727	-3.964472758235348
4442							S01017923			57.740570549696024	-4.075047241846646
4443							S01017924			57.83681239512065	-3.8257508626619234
4444							S01017925			57.79500648830633	-3.9384692741385474
4445							S01017926			57.773266056312934	-3.8998225579151593
4446							S01017927			57.754868178455816	-3.9157975185222247
4447							S01017928			57.80674822851337	-4.05206989143489
4448							S01017929			57.80558662280151	-4.065502219308674
4449							S01017930			57.8077040335479	-4.0535212485956125
4450							S01017931			57.811194960455445	-4.05930850286424
4451							S01017932			57.81389556924466	-4.066162776522946
4452							S01017933			57.88883980211561	-4.449211320940988
4453							S01017934			57.896264963298485	-4.022683086915431
4454							S01017935			57.88238691483305	-4.022510639980075
4455							S01017936			57.88093774476202	-4.03895783771049
4456							S01017937			57.89830982682261	-4.108468384847397
4457							S01017938			57.83553107392492	-4.175160064240968
4458							S01017939			57.89376715775053	-4.344861728743242
4459							S01017940			57.987940495516796	-4.153947049783744
4460							S01017941			58.024161839713386	-4.4005934677217065
4461							S01017942			57.97299655417016	-3.981216319749052
4462							S01017943			58.013759235171975	-3.8517196650306853
4463							S01017944			58.00905809577442	-3.854980314173527
4464							S01017945			58.01767607118513	-3.8750309001491803
4465							S01017946			57.979068587685376	-3.9714721801386683
4466							S01017947			58.118214339064934	-3.654502480109429
4467							S01017948			58.24941565156281	-3.4264498759329696
4468							S01017949			58.349711375529196	-3.1641009023741913
4469							S01017950			58.3001488218016	-3.2841423921914266
4470							S01017951			58.42991709250854	-3.1160758515080595
4471							S01017952			58.4376152190866	-3.0888458510396797
4472							S01017953			58.43570377203491	-3.0812165589721445
4473							S01017954			58.43375333067597	-3.0813793855961635
4474							S01017955			58.43310687117788	-3.089836932639603
4475							S01017956			58.434728807615535	-3.0966007847507595
4476							S01017957			58.438614274397196	-3.091771462485054
4477							S01017958			58.44507346850148	-3.0937361454250527
4478							S01017959			58.44611489793083	-3.0895710391357443
4479							S01017960			58.44517215091469	-3.083168829849646
4480							S01017961			58.44380988883305	-3.0785529322285523
4481							S01017962			58.44859506136995	-3.060503618454312
4482							S01017963			58.472824002513846	-3.3089537826387665
4483							S01017964			58.4721039190228	-3.1487715942847023
4484							S01017965			58.5353127732236	-3.125142840650921
4485							S01017966			58.63213657297509	-3.1180249073485085
4486							S01017967			58.6409408224889	-3.305576734098885
4487							S01017968			58.593312132420024	-3.3875899161824665
4488							S01017969			58.59404741839291	-3.3943463969580328
4489							S01017970			58.592654507667994	-3.469390564238627
4490							S01017971			58.51279849165421	-3.4898764120934924
4491							S01017972			58.49863341554675	-3.4546147694400324
4492							S01017973			58.566323273098156	-3.5765645586227865
4493							S01017974			58.56012469092587	-3.7453829404418393
4494							S01017975			58.59463622405909	-3.519887679515398
4495							S01017976			58.59337162397948	-3.508287863660608
4496							S01017977			58.59105084961979	-3.5116288391406374
4497							S01017978			58.58680357738937	-3.5214057846219275
4498							S01017979			58.58931096201719	-3.534142133951806
4499							S01017980			58.58647418248203	-3.542257827605922
4500							S01017981			58.59612118198422	-3.5309989932785757
4501							S01017982			58.594190931988976	-3.531671698909121
4502							S01017983			58.593762347780455	-3.538225597047117
4503							S01017984			58.59559942927476	-3.537084587412968
4504							S01017985			58.60104805452644	-3.5441386644929542
4505							S01017986			58.55751086420099	-3.931120880385593
4506							S01017987			58.51148083745769	-4.220426315911838
4507							S01017988			58.56273417152426	-4.72575916316083
4508							S01017989			58.14777397836673	-5.239065923033684
4509							S01017990			58.25094559871999	-5.118555356750632
4510							S01017991			55.89295882628179	-4.624536779171814
4511							S01017992			55.89402349011711	-4.634861941984108
4512							S01017993			55.89543736521234	-4.624640202172722
4513							S01017994			55.89917513725456	-4.6284922174834175
4514							S01017995			55.89225229156355	-4.640755978445552
4515							S01017996			55.88879726639937	-4.635051408243658
4516							S01017997			55.86613859161834	-4.615645927715331
4517							S01017998			55.92817609514263	-4.644208546302923
4518							S01017999			55.90131286328582	-4.865347713856573
4519							S01018000			55.90499205242054	-4.866003235495952
4520							S01018001			55.88615398218286	-4.890859570116906
4521							S01018002			55.88967721514502	-4.89011400338818
4522							S01018003			55.892363455461755	-4.895528662866564
4523							S01018004			55.892550691743374	-4.888328207535428
4524							S01018005			55.907786702444724	-4.871826474981225
4525							S01018006			55.90937013392523	-4.861733452266929
4526							S01018007			55.912622597925775	-4.857155807345303
4527							S01018008			55.944280255475014	-4.858366909933239
4528							S01018009			55.94931407475328	-4.851769410060729
4529							S01018010			55.951180726709325	-4.839058270036079
4530							S01018011			55.95460020368389	-4.833428666760818
4531							S01018012			55.95187869064926	-4.830602368503562
4532							S01018013			55.95205700041444	-4.825184342673595
4533							S01018014			55.95346738308521	-4.818942678212367
4534							S01018015			55.960369805969464	-4.82212072089211
4535							S01018016			55.95929038488195	-4.819013649962069
4536							S01018017			55.95881980677606	-4.815614490665715
4537							S01018018			55.95612992774838	-4.806654869666466
4538							S01018019			55.95378991699387	-4.807574903031643
4539							S01018020			55.95122606799511	-4.810032589045438
4540							S01018021			55.95052980259437	-4.816117813790058
4541							S01018022			55.94584732237575	-4.81137271598136
4542							S01018023			55.93452854316893	-4.831081618755848
4543							S01018024			55.93602845261228	-4.82369646384712
4544							S01018025			55.93769605887862	-4.8168193926941205
4545							S01018026			55.93763788997736	-4.80755862975396
4546							S01018027			55.94287988810047	-4.815754423917209
4547							S01018028			55.942781839067855	-4.820824667511732
4548							S01018029			55.94371653926085	-4.823183142157727
4549							S01018030			55.94422936939243	-4.827080710987776
4550							S01018031			55.941355541449525	-4.808900875705864
4551							S01018032			55.942906129346134	-4.802782622675628
4552							S01018033			55.9431299427285	-4.798474216347654
4553							S01018034			55.947340657568255	-4.797897122778738
4554							S01018035			55.94951158232061	-4.795314453055482
4555							S01018036			55.94298339974382	-4.789878587064436
4556							S01018037			55.94506918100736	-4.784694766579963
4557							S01018038			55.94626705844151	-4.786574841250427
4558							S01018039			55.95842008605976	-4.794482771492592
4559							S01018040			55.954071027776	-4.80193967615931
4560							S01018041			55.961199863930794	-4.791606493676359
4561							S01018042			55.9588048505153	-4.784239499483995
4562							S01018043			55.959967192910746	-4.779339553017183
4563							S01018044			55.95606574242017	-4.774974147458352
4564							S01018045			55.95242512567339	-4.778574556645198
4565							S01018046			55.95628836108656	-4.768677286183746
4566							S01018047			55.95468084994488	-4.770212708796631
4567							S01018048			55.95104574292008	-4.767181498692434
4568							S01018049			55.949902830641754	-4.765642144802956
4569							S01018050			55.95186108052757	-4.772093892427804
4570							S01018051			55.950255540259775	-4.770345082371843
4571							S01018052			55.94840073838659	-4.771285823241441
4572							S01018053			55.947800730807785	-4.773982147938591
4573							S01018054			55.944136512919435	-4.777436015448732
4574							S01018055			55.94118168084794	-4.793624866477462
4575							S01018056			55.938933801955436	-4.788898608498891
4576							S01018057			55.94001941637359	-4.781833715129627
4577							S01018058			55.9369291101889	-4.77896969971166
4578							S01018059			55.940115642982136	-4.76958867944103
4579							S01018060			55.942462265388095	-4.76676118511292
4580							S01018061			55.94403041249086	-4.757759301474618
4581							S01018062			55.943078943349946	-4.761311426990892
4582							S01018063			55.94420755501441	-4.763490059237585
4583							S01018064			55.9453675967375	-4.769867702437366
4584							S01018065			55.94618350985772	-4.769958024975799
4585							S01018066			55.94770418837604	-4.762281568098827
4586							S01018067			55.950275031522295	-4.760270026504043
4587							S01018068			55.94532526492604	-4.759341035113579
4588							S01018069			55.94448748951103	-4.754203925210226
4589							S01018070			55.943194872226535	-4.734363472819325
4590							S01018071			55.94140865121224	-4.735871168231927
4591							S01018072			55.939943656531305	-4.7407165711470025
4592							S01018073			55.93696991282379	-4.7467039184166655
4593							S01018074			55.93299869245373	-4.740578161524213
4594							S01018075			55.93196585470925	-4.732451139713227
4595							S01018076			55.93395974363968	-4.731710879711336
4596							S01018077			55.935929496530385	-4.739744341838392
4597							S01018078			55.938352531924394	-4.733445563852075
4598							S01018079			55.9402025330061	-4.730276772409788
4599							S01018080			55.93793590708924	-4.72628975801055
4600							S01018081			55.94222607674669	-4.723324037728769
4601							S01018082			55.93997025804828	-4.707006300504165
4602							S01018083			55.93542489315844	-4.713414668984439
4603							S01018084			55.93763761949477	-4.703944930496598
4604							S01018085			55.93485277265223	-4.70632890162193
4605							S01018086			55.93261508883208	-4.700168259972445
4606							S01018087			55.9348922056418	-4.698389200853925
4607							S01018088			55.93438271463435	-4.688810193244748
4608							S01018089			55.933538566927155	-4.6850688465984405
4609							S01018090			55.92901026106926	-4.6870449821595574
4610							S01018091			55.92569412253538	-4.681660457291914
4611							S01018092			55.923990460763825	-4.678581206302887
4612							S01018093			55.93036308750679	-4.6703111591628765
4613							S01018094			55.92493780593112	-4.67262731958324
4614							S01018095			55.92817508740427	-4.6626038813845225
4615							S01018096			55.928542093918715	-4.656433152018312
4616							S01018097			55.9256422564397	-4.6508556809040265
4617							S01018098			55.92427965948838	-4.657774260359974
4618							S01018099			55.922603527446945	-4.665871422462365
4619							S01018100			55.92059564711939	-4.663956770462713
4620							S01018101			55.918546011289905	-4.65939847219259
4621							S01018102			55.92117429063364	-4.656313091870231
4622							S01018103			55.92364125262559	-4.652367847730847
4623							S01018104			55.92169554790372	-4.64922553957864
4624							S01018105			55.92344792250361	-4.647152052475524
4625							S01018106			55.813725045939684	-3.2027328656692453
4626							S01018107			55.852558928576876	-3.0623277038315715
4627							S01018108			55.85337161071629	-3.137298797918992
4628							S01018109			55.84601307506874	-3.1420826893448064
4629							S01018110			55.85174290745973	-3.1433689271529563
4630							S01018111			55.82619990579869	-3.2179794478868553
4631							S01018112			55.824515353978434	-3.2247426308419955
4632							S01018113			55.82770925540476	-3.223438270834885
4633							S01018114			55.830596978379184	-3.215849974392963
4634							S01018115			55.831985726719914	-3.220794662919258
4635							S01018116			55.83078506541743	-3.232171836386189
4636							S01018117			55.82931229007341	-3.237457278645806
4637							S01018118			55.830450974963576	-3.243943182394514
4638							S01018119			55.832698155383	-3.238522803174178
4639							S01018120			55.83330841813148	-3.22873919994857
4640							S01018121			55.83414941729789	-3.2245985684908476
4641							S01018122			55.83765121459982	-3.2139784929942836
4642							S01018123			55.83312982369952	-3.213230849295641
4643							S01018124			55.83527203734197	-3.2092101471502033
4644							S01018125			55.83713505474782	-3.2079906163909593
4645							S01018126			55.84144451038566	-3.215661745569815
4646							S01018127			55.83806267498669	-3.2241467940419186
4647							S01018128			55.83924396810532	-3.226435449642548
4648							S01018129			55.83687969997607	-3.2310393952791405
4649							S01018130			55.83545330513254	-3.2343952122999062
4650							S01018131			55.84410844379745	-3.207935516261344
4651							S01018132			55.844475076520645	-3.225386501726915
4652							S01018133			55.84953865285297	-3.2076408531728586
4653							S01018134			55.84339897624734	-3.217016350363434
4654							S01018135			55.87245477259572	-3.1823493637733176
4655							S01018136			55.86654015210498	-3.184439136553616
4656							S01018137			55.84717533826562	-3.1910530278553755
4657							S01018138			55.85702559264729	-3.1730626501915977
4658							S01018139			55.857528949884454	-3.1673745150290316
4659							S01018140			55.858803453533106	-3.16468084270687
4660							S01018141			55.855355532742095	-3.1384749938137664
4661							S01018142			55.867688567562354	-3.1808785949671594
4662							S01018143			55.87039997798267	-3.1820473695629614
4663							S01018144			55.8770685005998	-3.1762877555838647
4664							S01018145			55.88105113444831	-3.1637798026513924
4665							S01018146			55.87996182587728	-3.161141870785538
4666							S01018147			55.87709111640638	-3.161599885338481
4667							S01018148			55.87580449560458	-3.157006538721976
4668							S01018149			55.87859076067041	-3.1559702863248353
4669							S01018150			55.88031566251166	-3.1521691335353603
4670							S01018151			55.88257236560172	-3.1539462112594134
4671							S01018152			55.877302643873804	-3.145734738787824
4672							S01018153			55.87058079566349	-3.1273186416440595
4673							S01018154			55.86834809394365	-3.1228753296893017
4674							S01018155			55.870823711054925	-3.1243372393848867
4675							S01018156			55.87259518929369	-3.1192583871482937
4676							S01018157			55.87020991858112	-3.114762966904311
4677							S01018158			55.867008762106	-3.115022640384777
4678							S01018159			55.87034732956436	-3.1114908355639312
4679							S01018160			55.87215435808385	-3.108394179274651
4680							S01018161			55.873853652165415	-3.1122624509299808
4681							S01018162			55.87332809939743	-3.104767784775174
4682							S01018163			55.87568197856833	-3.1087985344040296
4683							S01018164			55.880913835435706	-3.116492797494604
4684							S01018165			55.87783976835365	-3.104656352166598
4685							S01018166			55.880936380065144	-3.1000128305684913
4686							S01018167			55.86590446146823	-3.099938761698178
4687							S01018168			55.871140763583604	-3.1011897083304345
4688							S01018169			55.869291673305995	-3.0969504459959007
4689							S01018170			55.86837462344854	-3.1030448669985993
4690							S01018171			55.865834882406645	-3.110690632047247
4691							S01018172			55.86737901700766	-3.1068517013764425
4692							S01018173			55.87653436603428	-3.099920128791583
4693							S01018174			55.875808537243024	-3.0946571393526163
4694							S01018175			55.8727283652995	-3.092428781823647
4695							S01018176			55.87054745433296	-3.090114157634567
4696							S01018177			55.86321466385495	-3.077941289127257
4697							S01018178			55.86397808967915	-3.0707723451606856
4698							S01018179			55.86821557701044	-3.0711926514985155
4699							S01018180			55.87995690320169	-3.0735624754288087
4700							S01018181			55.88701492392632	-3.070991670947849
4701							S01018182			55.886330321563264	-3.0545376070376453
4702							S01018183			55.87875916146511	-3.095283766751965
4703							S01018184			55.884694759450184	-3.08454819829084
4704							S01018185			55.88612968606099	-3.0879135276197966
4705							S01018186			55.887629387863065	-3.078826501580521
4706							S01018187			55.89462871836156	-3.0768140881455497
4707							S01018188			55.88476616886354	-3.1528441031496324
4708							S01018189			55.88983769473487	-3.091294889339968
4709							S01018190			55.91147627003667	-3.102204850751007
4710							S01018191			55.91251321654519	-3.085520691985491
4711							S01018192			55.9109255529008	-3.1055005914484095
4712							S01018193			55.914459663285825	-3.107185071723558
4713							S01018194			55.91311223352991	-3.1111301194251113
4714							S01018195			55.9157660793816	-3.114757851875846
4715							S01018196			55.8966391574745	-3.0646844453793056
4716							S01018197			55.89776227593874	-3.038391873702752
4717							S01018198			55.89619133364296	-3.04458662579489
4718							S01018199			55.8954581609385	-3.0536500097571753
4719							S01018200			55.892894207880424	-3.0540122096958005
4720							S01018201			55.89186044034834	-3.0488034348609836
4721							S01018202			55.89177127905006	-3.0466104169628467
4722							S01018203			55.89369004643892	-3.069048989355492
4723							S01018204			55.89503141272915	-3.0656478331278145
4724							S01018205			55.89350535141627	-3.0581863421145137
4725							S01018206			55.88999388881559	-3.0516790561084712
4726							S01018207			55.886000584361334	-3.0531697198357723
4727							S01018208			55.889874704696794	-3.047742516085655
4728							S01018209			55.8910605999456	-3.04141065382999
4729							S01018210			55.89567172439217	-3.040159011617606
4730							S01018211			55.90294035486052	-2.9990083101697804
4731							S01018212			55.880189543022844	-3.0401922226492393
4732							S01018213			55.866287195946214	-2.9689207344873805
4733							S01018214			55.8449736847811	-3.0393788169177727
4734							S01018215			55.85443014439048	-2.960446799621911
4735							S01018216			55.833232052996614	-3.0454835485430927
4736							S01018217			55.82040614346515	-3.025667707905088
4737							S01018218			55.88085509806587	-3.049641377470496
4738							S01018219			55.879394723805525	-3.0449184131361187
4739							S01018220			55.8773371539306	-3.0470209233002667
4740							S01018221			55.87357199392515	-3.0375059538518756
4741							S01018222			55.87256246736856	-3.0303990672778673
4742							S01018223			55.870472562184034	-3.0321015984475563
4743							S01018224			55.871442414348984	-3.039638587690326
4744							S01018225			55.86925331126693	-3.0456047134518553
4745							S01018226			55.86769207704611	-3.0389790391711764
4746							S01018227			55.86616540102377	-3.03674910888236
4747							S01018228			55.870199489642346	-3.0558099581368694
4748							S01018229			55.87264740882791	-3.0626687401053045
4749							S01018230			55.86856456617376	-3.0588976538915076
4750							S01018231			55.866240506695895	-3.0647785752497674
4751							S01018232			55.864440741648146	-3.0609264674109085
4752							S01018233			55.8625464087565	-3.0628240732801197
4753							S01018234			55.85794242650696	-3.0548702402806884
4754							S01018235			55.85229757989288	-3.058247353477141
4755							S01018236			55.84990513839693	-3.0501322015080627
4756							S01018237			55.84917431658577	-3.0619957500812367
4757							S01018238			55.84792522078869	-3.0557487032970947
4758							S01018239			55.84702187868395	-3.044735970138402
4759							S01018240			55.84512044105027	-3.045387634179545
4760							S01018241			55.84175663877741	-3.0510461743149135
4761							S01018242			55.84207593409849	-3.0420321829940455
4762							S01018243			55.83737444835802	-3.046520890089647
4763							S01018244			57.25370670124304	-3.380185132550435
4764							S01018245			57.39626679417558	-3.3397627972836696
4765							S01018246			57.44524685243511	-3.241380240747761
4766							S01018247			57.445685038890296	-3.1327915247450684
4767							S01018248			57.447614115338446	-3.1270358440437516
4768							S01018249			57.468402437004386	-3.225226025082748
4769							S01018250			57.45716164740798	-3.29992046811535
4770							S01018251			57.499763348995266	-3.225225283899005
4771							S01018252			57.52547120702364	-3.2068172356517928
4772							S01018253			57.52890111049355	-3.2022879268731734
4773							S01018254			57.489145965491126	-3.1837154134273056
4774							S01018255			57.48288663104159	-3.053767989147215
4775							S01018256			57.53832398622158	-3.073725062121719
4776							S01018257			57.55938069891489	-2.9491436511728017
4777							S01018258			57.589327935239204	-2.866940936839498
4778							S01018259			57.5255374447617	-2.777913352237504
4779							S01018260			57.54477375521028	-2.9480286799480906
4780							S01018261			57.53530923806878	-2.943958091635801
4781							S01018262			57.53963807729087	-2.952455571970609
4782							S01018263			57.53911175765057	-2.9579040620195354
4783							S01018264			57.54337332548424	-2.960972859861269
4784							S01018265			57.67607838018954	-2.813528030460682
4785							S01018266			57.688517849487305	-2.820700150585062
4786							S01018267			57.69244955146935	-2.8183399770587756
4787							S01018268			57.70317078695569	-2.8556138319498623
4788							S01018269			57.69844580921628	-2.899676888508326
4789							S01018270			57.696510567336084	-2.9077822705092022
4790							S01018271			57.70228435320688	-2.8604923639069253
4791							S01018272			57.651073770920625	-2.962762181274352
4792							S01018273			57.66882067439274	-2.953676880410199
4793							S01018274			57.68423268317328	-2.9371596869722314
4794							S01018275			57.68316761536478	-2.9438906585995905
4795							S01018276			57.67575474157555	-2.953758258204267
4796							S01018277			57.67531275270409	-2.9575694763876945
4797							S01018278			57.672811136941014	-2.9557767025090964
4798							S01018279			57.66599808840732	-2.979802566459996
4799							S01018280			57.66769341526091	-2.974299624669604
4800							S01018281			57.672592834340044	-2.9644219613723988
4801							S01018282			57.668578945214826	-2.963058180446005
4802							S01018283			57.67668036767012	-2.970248135686388
4803							S01018284			57.67436826245348	-2.9788713660923842
4804							S01018285			57.67067218272765	-2.9794088706640585
4805							S01018286			57.66933078883538	-2.976304906983068
4806							S01018287			57.66376619481667	-3.0145225346729734
4807							S01018288			57.65990922484679	-3.053398221538856
4808							S01018289			57.66489472148517	-3.1121769134600386
4809							S01018290			57.62604382220406	-3.130362676924904
4810							S01018291			57.62472654202144	-3.1188857248310824
4811							S01018292			57.64991261650266	-3.195713925099971
4812							S01018293			57.61450741745989	-3.0969447630810674
4813							S01018294			57.60889292425784	-3.0938467535662677
4814							S01018295			57.58290956526663	-3.0324240533221527
4815							S01018296			57.61082097154353	-3.196371572728364
4816							S01018297			57.59285129836741	-3.3082034537466947
4817							S01018298			57.659562315312876	-3.3741930059133574
4818							S01018299			57.650897084446406	-3.445568085373916
4819							S01018300			57.629943601833126	-3.2631147705383787
4820							S01018301			57.63689421737393	-3.2185009819128654
4821							S01018302			57.63497137673889	-3.2101291859759393
4822							S01018303			57.633591587217886	-3.2144378050467295
4823							S01018304			57.6435763282869	-3.2804581461946984
4824							S01018305			57.65362578854618	-3.2974859138517973
4825							S01018306			57.65308545062156	-3.302862482912357
4826							S01018307			57.64909629307332	-3.30640575160377
4827							S01018308			57.64535769860573	-3.3056850899426964
4828							S01018309			57.64366222279342	-3.2984706498610303
4829							S01018310			57.64382145910131	-3.28286243193344
4830							S01018311			57.63349596654057	-3.2999502215774488
4831							S01018312			57.63773824608843	-3.2874384801949623
4832							S01018313			57.640487981746375	-3.283816944969475
4833							S01018314			57.64117449339531	-3.2922673828459645
4834							S01018315			57.63911127547906	-3.30423809571823
4835							S01018316			57.63748521779961	-3.2981329524908642
4836							S01018317			57.635606850786246	-3.3034592661003233
4837							S01018318			57.63041171784091	-3.3089504725173464
4838							S01018319			57.63291614324537	-3.30652831563635
4839							S01018320			57.63564247885701	-3.3104450819537314
4840							S01018321			57.633762896502965	-3.3175625800088415
4841							S01018322			57.6362377035974	-3.318003920004431
4842							S01018323			57.63857657502665	-3.3125105937682533
4843							S01018324			57.64467425070451	-3.3135682625838827
4844							S01018325			57.645316866725516	-3.324313964441415
4845							S01018326			57.64318809022471	-3.331993069603607
4846							S01018327			57.654456494037426	-3.333377838523831
4847							S01018328			57.648239420076784	-3.3197288992216745
4848							S01018329			57.655175452196985	-3.315321831516641
4849							S01018330			57.65741547604188	-3.308079041852919
4850							S01018331			57.659114100418364	-3.3027769638702686
4851							S01018332			57.66177819705514	-3.3066438316376017
4852							S01018333			57.65997505802705	-3.330546611443438
4853							S01018334			57.662245141081556	-3.3265231253006595
4854							S01018335			57.66187399503754	-3.31214500548015
4855							S01018336			57.66337878110709	-3.316892743280163
4856							S01018337			57.65997001180834	-3.3172887516447473
4857							S01018338			57.661829776534006	-3.3224349155536403
4858							S01018339			57.65599982532845	-3.320697714995882
4859							S01018340			57.723246296056494	-3.2833390278889865
4860							S01018341			57.7215137055407	-3.288532573977657
4861							S01018342			57.71951742680654	-3.288730174803968
4862							S01018343			57.716328078755474	-3.287878120155783
4863							S01018344			57.714164969914705	-3.2841588076374033
4864							S01018345			57.71807923994997	-3.2941013248988322
4865							S01018346			57.71720047770232	-3.298333820104909
4866							S01018347			57.71550482292433	-3.298121994170327
4867							S01018348			57.71378078385337	-3.303297290742871
4868							S01018349			57.711968800399276	-3.297793955444407
4869							S01018350			57.7115667029612	-3.301086077651333
4870							S01018351			57.70468828522558	-3.369810307460176
4871							S01018352			57.70815899447154	-3.4304451991298537
4872							S01018353			57.70608481933554	-3.438284759163694
4873							S01018354			57.685099938230586	-3.441394656716306
4874							S01018355			57.69943295199511	-3.4768657184318057
4875							S01018356			57.701799940261466	-3.4895308981011723
4876							S01018357			57.628497497729136	-3.464623321469023
4877							S01018358			57.634296379569115	-3.547214139632597
4878							S01018359			57.635307424991815	-3.549015926333011
4879							S01018360			57.63684526369658	-3.5678257592403377
4880							S01018361			57.60886501130951	-3.6223250535318026
4881							S01018362			57.61056415304977	-3.61381365087085
4882							S01018363			57.61204554248786	-3.6096609305840577
4883							S01018364			57.613836271330584	-3.5902709555385224
4884							S01018365			57.61287692076562	-3.594397298410185
4885							S01018366			57.605561032276185	-3.601039331482311
4886							S01018367			57.60728117186491	-3.613417038239432
4887							S01018368			57.60542891905624	-3.6226572980133827
4888							S01018369			57.60570079107436	-3.631539960038073
4889							S01018370			57.604790065532036	-3.6331895326943235
4890							S01018371			57.6025082458215	-3.625522775244786
4891							S01018372			57.60009147134605	-3.6276238197766237
4892							S01018373			57.60205015932041	-3.6171180026663485
4893							S01018374			57.598821455206306	-3.613176095216652
4894							S01018375			57.59646872953098	-3.62570499093791
4895							S01018376			57.593698191704924	-3.627371589442368
4896							S01018377			57.65576821578557	-3.6019775832726966
4897							S01018378			57.584936221359435	-3.54898190692855
4898							S01018379			57.53827191787115	-3.467216715572202
4899							S01018380			57.59444488401763	-3.6342482230579134
4900							S01018381			57.60495863210096	-3.6927126333607467
4901							S01018382			56.95519317339501	-7.494529833083718
4902							S01018383			57.00066723626751	-7.483341582331612
4903							S01018384			57.12407868456667	-7.373573897311746
4904							S01018385			57.167237285890465	-7.364596573796397
4905							S01018386			57.332285112822284	-7.36352945099531
4906							S01018387			57.42958667408773	-7.338342366549266
4907							S01018388			57.47227645503659	-7.390486609305676
4908							S01018389			57.588464743356724	-7.463468042751753
4909							S01018390			57.551227349754654	-7.269566285980155
4910							S01018391			57.77716525615211	-6.915031689482839
4911							S01018392			57.89851457356631	-6.796102936812045
4912							S01018393			58.088891219634746	-6.517343159555452
4913							S01018394			58.14266758982531	-6.456560860559186
4914							S01018395			58.205983262651145	-6.9616732700116986
4915							S01018396			58.24230934744665	-6.781435765273333
4916							S01018397			58.33391850535834	-6.636335761424897
4917							S01018398			58.35735000265791	-6.5132609665948245
4918							S01018399			58.404393139078785	-6.463668747458728
4919							S01018400			58.469299054637034	-6.292537270581158
4920							S01018401			58.48875125471001	-6.243670554555335
4921							S01018402			58.341385698410576	-6.216732059090446
4922							S01018403			58.276853095565386	-6.301155117552595
4923							S01018404			58.267901418020784	-6.332886870280748
4924							S01018405			58.24652966570333	-6.3356640173917755
4925							S01018406			58.23604340218303	-6.393721528980319
4926							S01018407			58.22472617034585	-6.407371886608108
4927							S01018408			58.22072485372599	-6.390154077901431
4928							S01018409			58.21727972906671	-6.384427535514786
4929							S01018410			58.21089060186166	-6.385325247746731
4930							S01018411			58.211861403186525	-6.356238605258331
4931							S01018412			58.21319256887139	-6.374345714384311
4932							S01018413			58.214666256938024	-6.379878367968089
4933							S01018414			58.21926493353593	-6.37376485718671
4934							S01018415			58.20413469479956	-6.339685719215337
4935							S01018416			58.218002268290476	-6.245434412930666
4936							S01018417			58.199116586432424	-6.2243730435594475
4937							S01018418			58.24276613610709	-6.159807526950244
4938							S01018419			55.518456148792104	-5.307066130910208
4939							S01018420			55.70183596860771	-5.283673234446876
4940							S01018421			55.44333190877929	-5.124524410113071
4941							S01018422			55.492699711340286	-5.095752293157174
4942							S01018423			55.53091047792379	-5.136225897377066
4943							S01018424			55.54069495206017	-5.121325667150226
4944							S01018425			55.57565438450334	-5.151966094095409
4945							S01018426			55.57215481429365	-4.642918612363864
4946							S01018427			55.61318639833733	-4.590778637397883
4947							S01018428			55.61463930180199	-4.590080408643329
4948							S01018429			55.63426990497706	-4.605772138039803
4949							S01018430			55.60345177052275	-4.657519474946237
4950							S01018431			55.60557538666571	-4.653264906731709
4951							S01018432			55.61304724186776	-4.65523083127038
4952							S01018433			55.61630192040664	-4.650209706314831
4953							S01018434			55.6077594828158	-4.626148286446376
4954							S01018435			55.60578680037252	-4.6200462286996755
4955							S01018436			55.60886018907846	-4.620918186815909
4956							S01018437			55.60904852625813	-4.614626614523541
4957							S01018438			55.60874172991275	-4.611732026977206
4958							S01018439			55.61468238398813	-4.619766270482204
4959							S01018440			55.613610970740694	-4.62572966928833
4960							S01018441			55.61413375627019	-4.632784252700821
4961							S01018442			55.6139630647813	-4.637378427374203
4962							S01018443			55.61737324153679	-4.631778502726804
4963							S01018444			55.61578137713206	-4.628050666791242
4964							S01018445			55.6158131160558	-4.621112285773996
4965							S01018446			55.62044968089139	-4.636686426379163
4966							S01018447			55.623842813531375	-4.634388560532256
4967							S01018448			55.62576148092022	-4.640045752397676
4968							S01018449			55.627199329389484	-4.633374684400693
4969							S01018450			55.629272233935126	-4.638550176860869
4970							S01018451			55.627499417298694	-4.646152060367387
4971							S01018452			55.630279179723196	-4.649374155648288
4972							S01018453			55.633096257949234	-4.6425413077641124
4973							S01018454			55.63318611001099	-4.635444833628855
4974							S01018455			55.630333831199536	-4.634744854020913
4975							S01018456			55.628541148720956	-4.626553726499115
4976							S01018457			55.6327379000416	-4.6173488892852905
4977							S01018458			55.63587860872899	-4.624740815623439
4978							S01018459			55.630857064963756	-4.659216456763993
4979							S01018460			55.631746947736865	-4.680266093683813
4980							S01018461			55.63378177218037	-4.66154396561522
4981							S01018462			55.6308645459167	-4.664253683394558
4982							S01018463			55.62826653587211	-4.664267910343402
4983							S01018464			55.62907569010218	-4.670868670493814
4984							S01018465			55.62837703627717	-4.6686921822618555
4985							S01018466			55.625115890147356	-4.666548135136476
4986							S01018467			55.62597122054103	-4.662761686507574
4987							S01018468			55.62735348280054	-4.657882787683447
4988							S01018469			55.62522807075614	-4.654339152815346
4989							S01018470			55.622382673641255	-4.659960685206257
4990							S01018471			55.621396612096774	-4.657765303239345
4991							S01018472			55.619173717514755	-4.650419454493741
4992							S01018473			55.62172524528599	-4.664157391117875
4993							S01018474			55.62203974585021	-4.670358009284265
4994							S01018475			55.61669184136885	-4.669930623016507
4995							S01018476			55.615079891875446	-4.660561725882674
4996							S01018477			55.61186152002293	-4.660168967450497
4997							S01018478			55.60847559756617	-4.664592263023343
4998							S01018479			55.60893924874029	-4.668895333666291
4999							S01018480			55.60959404844234	-4.67802315988585
5000							S01018481			55.633978707452464	-4.651626097012914
5001							S01018482			55.630642921144066	-4.740773542346594
5002							S01018483			55.63131022300815	-4.74630184695915
5003							S01018484			55.63415107347697	-4.7526978852934985
5004							S01018485			55.640449101656685	-4.775564588351705
5005							S01018486			55.63806710396607	-4.780322474857317
5006							S01018487			55.6349821128335	-4.778022120976106
5007							S01018488			55.63573360023596	-4.786497519667321
5008							S01018489			55.63433715880794	-4.792166499675741
5009							S01018490			55.64417658708085	-4.804136292465738
5010							S01018491			55.64118656294501	-4.815365584411495
5011							S01018492			55.6443919104937	-4.809651195223603
5012							S01018493			55.648241787334356	-4.803648163383693
5013							S01018494			55.64561918773135	-4.8133632176626175
5014							S01018495			55.65228355126759	-4.816734946582434
5015							S01018496			55.65479974236691	-4.816375216467002
5016							S01018497			55.65622234964211	-4.814315129043899
5017							S01018498			55.65722487143673	-4.806262332171799
5018							S01018499			55.65418260599445	-4.806044513233525
5019							S01018500			55.65428684548597	-4.80109162867145
5020							S01018501			55.65089002736164	-4.80340834800197
5021							S01018502			55.65222379282782	-4.797748768376005
5022							S01018503			55.65148903839727	-4.790939944996644
5023							S01018504			55.64934634319693	-4.793060599962943
5024							S01018505			55.64563799342835	-4.7936706446972615
5025							S01018506			55.63849870914825	-4.792971342732125
5026							S01018507			55.64044384143967	-4.786101151887823
5027							S01018508			55.64468404850917	-4.782651324971454
5028							S01018509			55.645512574249146	-4.7897038754586845
5029							S01018510			55.64978509320533	-4.783251834039678
5030							S01018511			55.64701970054474	-4.788650739975473
5031							S01018512			55.64687875971266	-4.783776708279868
5032							S01018513			55.64861965762746	-4.780736986146654
5033							S01018514			55.646258445413864	-4.777040794465773
5034							S01018515			55.64225106125107	-4.768222180507568
5035							S01018516			55.64132532952785	-4.760242067012188
5036							S01018517			55.638109014326204	-4.758569555899611
5037							S01018518			55.63997619832907	-4.752280316295758
5038							S01018519			55.643534504507144	-4.752736679944322
5039							S01018520			55.64650381633187	-4.749797905085163
5040							S01018521			55.644587364194294	-4.747072731143179
5041							S01018522			55.649800931988494	-4.744258747656194
5042							S01018523			55.646357021945285	-4.740695643183755
5043							S01018524			55.65239862183916	-4.7253159653113395
5044							S01018525			55.65557959343105	-4.725362253240223
5045							S01018526			55.654009661879435	-4.720769849243527
5046							S01018527			55.6559295828655	-4.717691565416403
5047							S01018528			55.656548465661416	-4.711661067334637
5048							S01018529			55.66006434237938	-4.716070250169634
5049							S01018530			55.661574082654916	-4.712024726841101
5050							S01018531			55.66356179935794	-4.712782472935636
5051							S01018532			55.6520115902329	-4.709519051904775
5052							S01018533			55.6480350004437	-4.7121213166504425
5053							S01018534			55.6500003244269	-4.716326736502255
5054							S01018535			55.64847480475268	-4.719050488109776
5055							S01018536			55.65611207591054	-4.687385302745489
5056							S01018537			55.65259426897435	-4.684250830676568
5057							S01018538			55.65363973961917	-4.687406571532229
5058							S01018539			55.64720266399505	-4.689921818798821
5059							S01018540			55.64683196906319	-4.70024399962604
5060							S01018541			55.64995750240228	-4.702398616601485
5061							S01018542			55.65191709220861	-4.701579883900733
5062							S01018543			55.660291073584354	-4.7078495133596725
5063							S01018544			55.65626784655491	-4.698302539559589
5064							S01018545			55.65932103014866	-4.695984651486271
5065							S01018546			55.66013864302582	-4.69804434476076
5066							S01018547			55.699440928690294	-4.683102394777034
5067							S01018548			55.705594981099225	-4.706574907827876
5068							S01018549			55.70845205535663	-4.714366458287443
5069							S01018550			55.70677365080653	-4.723180790854683
5070							S01018551			55.71106375442881	-4.7238775053347215
5071							S01018552			55.707598721603425	-4.7349870434143035
5072							S01018553			55.70551506864472	-4.730065679019866
5073							S01018554			55.7038131282025	-4.726970200218361
5074							S01018555			55.683426126513055	-4.757163405583307
5075							S01018556			55.652241268325454	-4.778553212738785
5076							S01018557			55.73149128022989	-4.863859457807307
5077							S01018558			55.753256166853014	-4.854490366298647
5078							S01018559			55.76005393978749	-4.8555615290883845
5079							S01018560			55.685474550782196	-4.860858091560784
5080							S01018561			55.69125700552643	-4.864988655938944
5081							S01018562			55.69380472617479	-4.85942987506899
5082							S01018563			55.69402526179656	-4.850724589711069
5083							S01018564			55.69797191695616	-4.853797495461609
5084							S01018565			55.691481389887166	-4.8487887809045604
5085							S01018566			55.78454282022547	-4.860465315064478
5086							S01018567			55.790605081832304	-4.866478087618743
5087							S01018568			55.79161265983996	-4.859500111206661
5088							S01018569			55.79303873202831	-4.859636578569699
5089							S01018570			55.795313263992085	-4.854984555621979
5090							S01018571			55.797087920558454	-4.85249753253404
5091							S01018572			55.79814888748022	-4.858287917482834
5092							S01018573			55.79513649295151	-4.860652038778549
5093							S01018574			55.79665450422583	-4.864944101727586
5094							S01018575			55.79505550361445	-4.868751874350063
5095							S01018576			55.75270270784498	-4.933284679255592
5096							S01018577			55.756554771039944	-4.917617534954815
5097							S01018578			55.79929860041088	-4.86681396184402
5098							S01018579			55.80248901970968	-4.8579677256567795
5099							S01018580			55.80774721607227	-4.858369197115689
5100							S01018581			55.8043077777517	-4.8674855489375295
5101							S01018582			55.80702120847912	-4.875617908256326
5102							S01018583			55.73400962657262	-4.727213043341902
5103							S01018584			55.86113362077679	-4.889111545998005
5104							S01018585			55.87078252449814	-4.8820585416954625
5105							S01018586			55.86890049601178	-4.889097101206599
5106							S01018587			55.76400262806343	-4.687761328343069
5107							S01018588			55.76279038932697	-4.6905793355862
5108							S01018589			55.761128091875854	-4.68439109186781
5109							S01018590			55.75546868997593	-4.689166317723428
5110							S01018591			55.753199826452	-4.6827623142689045
5111							S01018592			55.75217877300262	-4.6899916774452
5112							S01018593			55.75033319343485	-4.695044108361753
5113							S01018594			55.746893427619014	-4.691635588854009
5114							S01018595			55.74288683774468	-4.689479333483026
5115							S01018596			55.74199604189589	-4.680479251968442
5116							S01018597			55.74814242268613	-4.643244217058107
5117							S01018598			55.74412125413259	-4.641729262989699
5118							S01018599			55.74635451350969	-4.631490562088772
5119							S01018600			55.752583260153884	-4.640293470153188
5120							S01018601			55.752091143167334	-4.633072386205585
5121							S01018602			55.756822787344355	-4.632897309840393
5122							S01018603			55.7585378121809	-4.630462533526777
5123							S01018604			55.75173042101022	-4.626832508263954
5124							S01018605			55.72959514296223	-4.599238607692149
5125							S01018606			55.754467871699326	-3.908049824265703
5126							S01018607			55.756532623104995	-3.9139675762306014
5127							S01018608			55.75419623301664	-3.915685664338736
5128							S01018609			55.75871662886968	-3.9231590142122132
5129							S01018610			55.76415786530339	-3.935477541244233
5130							S01018611			55.76515385170358	-3.941839294830231
5131							S01018612			55.76517865705353	-3.947084903543348
5132							S01018613			55.76783434382088	-3.9462290861392444
5133							S01018614			55.769641959822415	-3.9535093543842232
5134							S01018615			55.76819355824512	-3.954170115603688
5135							S01018616			55.773430822934905	-3.957685374137464
5136							S01018617			55.769981050380956	-3.9604296522449816
5137							S01018618			55.77531384376809	-3.9602036720200733
5138							S01018619			55.772207906169456	-3.9661699261324976
5139							S01018620			55.77357274607927	-3.9656807578360915
5140							S01018621			55.78013146209265	-3.9820067302208506
5141							S01018622			55.7775103985665	-3.9879328439983586
5142							S01018623			55.78071119392806	-3.993390335916891
5143							S01018624			55.776259741730485	-3.9946775824063576
5144							S01018625			55.78174739118403	-3.9887867837068662
5145							S01018626			55.77753820825695	-3.966662194387441
5146							S01018627			55.778538283978286	-3.9642568778331144
5147							S01018628			55.777420973213154	-3.970052834412865
5148							S01018629			55.77898169769224	-3.9713596245673926
5149							S01018630			55.7773073062104	-3.9804758109019636
5150							S01018631			55.77972662791886	-3.974778076384491
5151							S01018632			55.77934256394986	-3.9600395664864405
5152							S01018633			55.78149412726158	-3.9530350459837735
5153							S01018634			55.78037264742505	-3.9461215154047258
5154							S01018635			55.77846616963215	-3.935964203694619
5155							S01018636			55.77739399603188	-3.9406947212533407
5156							S01018637			55.77771735469825	-3.947519749997214
5157							S01018638			55.76958949088805	-3.9346787939300985
5158							S01018639			55.772101074222384	-3.926401304353783
5159							S01018640			55.76736996433372	-3.922070936498893
5160							S01018641			55.76449678074333	-3.9178807381288268
5161							S01018642			55.7655129725722	-3.917261170561063
5162							S01018643			55.7662458916477	-3.9071270901304005
5163							S01018644			55.768369045357204	-3.9167956775246475
5164							S01018645			55.771931476335915	-3.9217375762843814
5165							S01018646			55.77318493443749	-3.9157089008320267
5166							S01018647			55.76996619492095	-3.9129204791735512
5167							S01018648			55.77185967324089	-3.907895646041227
5168							S01018649			55.774033984230336	-3.9073482610778485
5169							S01018650			55.776685403161316	-3.9297688189908904
5170							S01018651			55.77777060624116	-3.9207335850340517
5171							S01018652			55.77873832401683	-3.9134302607192986
5172							S01018653			55.77582466770368	-3.908934564163516
5173							S01018654			55.77896728399028	-3.9044800297113635
5174							S01018655			55.781647996316174	-3.910096576289766
5175							S01018656			55.78181277458519	-3.9202787717700422
5176							S01018657			55.78451260573259	-3.9171582477925138
5177							S01018658			55.78478513595382	-3.923869978798766
5178							S01018659			55.78514477348121	-3.908880305292072
5179							S01018660			55.78842873987823	-3.907477955610618
5180							S01018661			55.787750804936756	-3.916392367864332
5181							S01018662			55.79114551452027	-3.9136561555325375
5182							S01018663			55.79399956154279	-3.90811727488512
5183							S01018664			55.783906027614854	-3.897767964413986
5184							S01018665			55.78004938660712	-3.9001795774945087
5185							S01018666			55.77782719493608	-3.89568644576011
5186							S01018667			55.78197111000125	-3.8932884626273148
5187							S01018668			55.78164993430534	-3.8808503901950817
5188							S01018669			55.786740229338164	-3.8829458107774584
5189							S01018670			55.788615674665664	-3.8866409232937733
5190							S01018671			55.790832021920636	-3.888614308418041
5191							S01018672			55.792227267154885	-3.8802596702108385
5192							S01018673			55.78969335095867	-3.877888604306311
5193							S01018674			55.786852399567906	-3.874434520006805
5194							S01018675			55.78682489735214	-3.865613491544973
5195							S01018676			55.78930758210554	-3.8672314787320388
5196							S01018677			55.77811137500355	-3.8671582906745727
5197							S01018678			55.77572678607082	-3.866773185490159
5198							S01018679			55.79835176471738	-3.837177283098937
5199							S01018680			55.80133324060813	-3.8294839942117953
5200							S01018681			55.818155739941304	-3.8045755311502663
5201							S01018682			55.822524634441734	-3.8063103027156795
5202							S01018683			55.82488566514859	-3.810139407650574
5203							S01018684			55.82546477177238	-3.8000767858497406
5204							S01018685			55.8212904083187	-3.80039478010193
5205							S01018686			55.816039401362154	-3.788900080149739
5206							S01018687			55.81812406463821	-3.7790040182154705
5207							S01018688			55.813619306945874	-3.7791814664933328
5208							S01018689			55.813409345024745	-3.777544042559784
5209							S01018690			55.81159069826737	-3.7740460090933827
5210							S01018691			55.82779439172855	-3.8011582982598724
5211							S01018692			55.85660475110557	-3.7670863936012897
5212							S01018693			55.858820786639065	-3.766084580600049
5213							S01018694			55.8594688791327	-3.7521813767266705
5214							S01018695			55.86191135903066	-3.7523073414362793
5215							S01018696			55.843270654547396	-3.870281316210757
5216							S01018697			55.84343850588229	-3.875192770932669
5217							S01018698			55.846031153492746	-3.9226300237330425
5218							S01018699			55.83681531249446	-3.9463369280899987
5219							S01018700			55.820421477659345	-3.9543935637446235
5220							S01018701			55.808028819599514	-3.9178676377060087
5221							S01018702			55.80339253876593	-3.906837635106393
5222							S01018703			55.80154492387755	-3.9187294990172368
5223							S01018704			55.79886052623306	-3.921437267784939
5224							S01018705			55.81139156653568	-3.8389567082075478
5225							S01018706			55.79693143322118	-3.9695057777548213
5226							S01018707			55.79986997419525	-3.9412704181409817
5227							S01018708			55.80140857900232	-3.9592805493363135
5228							S01018709			55.796725079707514	-3.9565411865800386
5229							S01018710			55.81802303665843	-3.935582027634434
5230							S01018711			55.81325806152102	-3.93742025169756
5231							S01018712			55.81580325131038	-3.9446972112030507
5232							S01018713			55.81169435254921	-3.949359861326104
5233							S01018714			55.813971128972064	-3.9559535399181915
5234							S01018715			55.81546415367583	-3.958135271327978
5235							S01018716			55.811605040077694	-3.961755766183047
5236							S01018717			55.8087183771496	-3.959057262546497
5237							S01018718			55.8079208747858	-3.951564910735614
5238							S01018719			55.805805485409415	-3.9500867820724097
5239							S01018720			55.81291644089546	-3.9713497858113738
5240							S01018721			55.81469375131409	-3.974839254251759
5241							S01018722			55.809377695455254	-3.97737875799789
5242							S01018723			55.81691371175035	-3.982086513692059
5243							S01018724			55.81427163692721	-3.9837557502592587
5244							S01018725			55.808550835271944	-3.970666339657699
5245							S01018726			55.81019772861562	-3.9716432479777968
5246							S01018727			55.8063965596728	-3.960951262945482
5247							S01018728			55.80383507606941	-3.9649072952510376
5248							S01018729			55.805180153977375	-3.9701450343660274
5249							S01018730			55.801836579003385	-3.9684923506072023
5250							S01018731			55.80021255498594	-3.97225555209936
5251							S01018732			55.80417162665235	-3.9764288122054197
5252							S01018733			55.795712625354824	-3.9849349143397546
5253							S01018734			55.793302048952135	-3.982276359145247
5254							S01018735			55.787540836388914	-3.9912030480418332
5255							S01018736			55.783851909090735	-3.98924492461718
5256							S01018737			55.78378037337212	-3.9914420746890182
5257							S01018738			55.780869958041414	-3.9974489113454315
5258							S01018739			55.7824323882588	-4.008005979692824
5259							S01018740			55.78687438212657	-4.001248857813436
5260							S01018741			55.78493955611159	-4.000304556972551
5261							S01018742			55.78560503085102	-4.007993591776871
5262							S01018743			55.787161711540094	-4.010625298968755
5263							S01018744			55.78996314907626	-3.999764123354112
5264							S01018745			55.79448285783938	-3.9992614036325156
5265							S01018746			55.7915826696316	-4.004616160326031
5266							S01018747			55.78952299572781	-4.012963719932353
5267							S01018748			55.79274492469924	-4.013783621829307
5268							S01018749			55.793949925949164	-4.007146121503381
5269							S01018750			55.796502118176456	-4.011552402709176
5270							S01018751			55.79896376225037	-4.012700121529274
5271							S01018752			55.79775817396823	-4.007836131837363
5272							S01018753			55.799449719906995	-4.005513942804395
5273							S01018754			55.80362850174313	-4.007723124605479
5274							S01018755			55.80222937236545	-4.002593332336081
5275							S01018756			55.80416309079854	-3.9980811904220555
5276							S01018757			55.797544495534495	-3.995573037682695
5277							S01018758			55.79469556866453	-3.9939123181463843
5278							S01018759			55.797830331010196	-3.9884722906573673
5279							S01018760			55.80642466926591	-4.002138419540869
5280							S01018761			55.81921069496156	-3.9917648409185627
5281							S01018762			55.81835353645503	-3.9808508142810006
5282							S01018763			55.81996343680404	-3.9802142860096534
5283							S01018764			55.81840408209589	-3.9754741299460865
5284							S01018765			55.81825655049366	-3.969544717997252
5285							S01018766			55.819030189092416	-3.965002603448465
5286							S01018767			55.82161870292349	-3.966106853078093
5287							S01018768			55.82545041294638	-3.966459788737326
5288							S01018769			55.819440119245485	-4.002535377022644
5289							S01018770			55.81720382866126	-4.009603252339048
5290							S01018771			55.81465274758258	-4.004029207000507
5291							S01018772			55.81536554221912	-3.998335871840329
5292							S01018773			55.81170024067023	-4.003223140908955
5293							S01018774			55.81334296074164	-4.013234668942689
5294							S01018775			55.812275179778496	-4.011487818462654
5295							S01018776			55.8118543130206	-4.020706586022748
5296							S01018777			55.809394220361725	-4.016190563954438
5297							S01018778			55.80778583233635	-4.02164469947782
5298							S01018779			55.806889312112304	-4.029145979188487
5299							S01018780			55.80811669543889	-4.035896137923825
5300							S01018781			55.810328406321595	-4.032037930843981
5301							S01018782			55.81027045879565	-4.029018729957177
5302							S01018783			55.812525396251566	-4.033955882019351
5303							S01018784			55.8157252781971	-4.030116667456797
5304							S01018785			55.81601171452745	-4.02146475667316
5305							S01018786			55.81877903957764	-4.0132919354233145
5306							S01018787			55.81505669063652	-4.034135848104473
5307							S01018788			55.81830181462367	-4.035709865387418
5308							S01018789			55.82678738932781	-4.010480569344751
5309							S01018790			55.829392810959725	-4.014367156676347
5310							S01018791			55.83078480850979	-4.022630307052733
5311							S01018792			55.827763004282374	-4.024948190798498
5312							S01018793			55.825890859317475	-4.021849467886662
5313							S01018794			55.82232168174742	-4.021935695274608
5314							S01018795			55.82173156091623	-4.026662176300728
5315							S01018796			55.831203322785456	-4.025047139283243
5316							S01018797			55.82098176826622	-4.049115138077192
5317							S01018798			55.82238883058171	-4.053116183902337
5318							S01018799			55.8235504590344	-4.0583497706187925
5319							S01018800			55.8269724120353	-4.064900831048091
5320							S01018801			55.82638979473854	-4.072820731150467
5321							S01018802			55.829171696890214	-4.0719948181890935
5322							S01018803			55.829149768815135	-4.078619810270434
5323							S01018804			55.82727236881522	-4.0604144009947705
5324							S01018805			55.82805661776608	-4.051674573835238
5325							S01018806			55.83242629515206	-4.051010529751765
5326							S01018807			55.83354162498392	-4.055795878405149
5327							S01018808			55.83440499090033	-4.061127091381966
5328							S01018809			55.83133067758795	-4.060102153121251
5329							S01018810			55.829472536317446	-4.062654339998162
5330							S01018811			55.8315000781249	-4.071416120039769
5331							S01018812			55.83336280289735	-4.0728725162804045
5332							S01018813			55.83299547634893	-4.082912970785297
5333							S01018814			55.83212557114271	-4.084926300718967
5334							S01018815			55.82988222520874	-4.087903795330802
5335							S01018816			55.83498264347579	-4.09026926337548
5336							S01018817			55.83512542657718	-4.07759740831391
5337							S01018818			55.85904892327422	-4.072819057809787
5338							S01018819			55.85614766765733	-4.079646737912339
5339							S01018820			55.85279401083572	-4.080793497683302
5340							S01018821			55.85193532974949	-4.075763045177604
5341							S01018822			55.850815423957236	-4.062731147482244
5342							S01018823			55.84902282325134	-4.05976065408966
5343							S01018824			55.84797963573352	-4.05173424322947
5344							S01018825			55.85148853537608	-4.056344567892707
5345							S01018826			55.85332004150919	-4.056457354636245
5346							S01018827			55.85064779817035	-4.044781832184617
5347							S01018828			55.847719669879154	-4.045762137929018
5348							S01018829			55.84618064702958	-4.04427555687712
5349							S01018830			55.84442152100966	-4.039806591099227
5350							S01018831			55.8445647955285	-4.032786009434737
5351							S01018832			55.846425594493255	-4.036014050240688
5352							S01018833			55.84926829407378	-4.037472716922847
5353							S01018834			55.85019743441222	-4.032377330521948
5354							S01018835			55.84992527202889	-4.027091300624734
5355							S01018836			55.85201291885334	-4.019835159258089
5356							S01018837			55.8535525785672	-4.02566667621992
5357							S01018838			55.852226500439635	-4.033585689116164
5358							S01018839			55.85176385294189	-4.041437622681208
5359							S01018840			55.853002589400965	-4.0436913951670945
5360							S01018841			55.853500910022596	-4.049389284135791
5361							S01018842			55.85620073050295	-4.044850042368673
5362							S01018843			55.85737625058513	-4.04062968525236
5363							S01018844			55.861581810911765	-4.049303740609915
5364							S01018845			55.85804191569983	-4.030821868505789
5365							S01018846			55.859509256372306	-4.031761364208574
5366							S01018847			55.86182471948698	-4.040639391671257
5367							S01018848			55.86314508726958	-4.035802658571077
5368							S01018849			55.86576253780014	-4.03729814080204
5369							S01018850			55.86780499648088	-4.039323053794845
5370							S01018851			55.866855653790466	-4.046161531024619
5371							S01018852			55.87064893283759	-4.047735745744066
5372							S01018853			55.872717062801826	-4.049826746488969
5373							S01018854			55.87284924935942	-4.054293391530021
5374							S01018855			55.87612186153678	-4.055825118044389
5375							S01018856			55.87747328413141	-4.050237400898114
5376							S01018857			55.86856629118749	-4.026976319216242
5377							S01018858			55.870695367474596	-4.022659848518079
5378							S01018859			55.86925643013388	-4.021082574934963
5379							S01018860			55.86598530037394	-4.020528975010307
5380							S01018861			55.863258738784964	-4.022928212529637
5381							S01018862			55.86592109383794	-4.026614674774823
5382							S01018863			55.867006730314536	-4.03325592655464
5383							S01018864			55.86136119025775	-4.015894244350396
5384							S01018865			55.86150904922344	-4.009605817075655
5385							S01018866			55.8578395413131	-4.016366819258997
5386							S01018867			55.852072351367106	-4.012377410210707
5387							S01018868			55.85022256784142	-4.010636273075098
5388							S01018869			55.84765328030402	-4.020439497747997
5389							S01018870			55.84632343724297	-4.019332173148174
5390							S01018871			55.84449657430018	-4.018390829321352
5391							S01018872			55.845214989320496	-4.00304588362739
5392							S01018873			55.846871997821985	-4.0022845469894195
5393							S01018874			55.84858251191733	-4.004305473634414
5394							S01018875			55.85474691450654	-4.004894686904565
5395							S01018876			55.854523960271344	-4.001480090765342
5396							S01018877			55.85244272322983	-4.002906721931315
5397							S01018878			55.84461705643442	-3.9972648579786334
5398							S01018879			55.8358071450659	-4.053056986267679
5399							S01018880			55.85215711012164	-3.9626485277201127
5400							S01018881			55.84429556222763	-3.9664689295417617
5401							S01018882			55.84247867922515	-3.9710569302301946
5402							S01018883			55.8419557792197	-3.9666701848133163
5403							S01018884			55.8430701293848	-3.954268212737995
5404							S01018885			55.84122789192213	-3.954830581695061
5405							S01018886			55.83711026759296	-3.9515417966815223
5406							S01018887			55.83722692201912	-3.941901957724541
5407							S01018888			55.839234025850445	-3.9479590144081906
5408							S01018889			55.841457164269606	-3.9431989244074184
5409							S01018890			55.84354867980645	-3.9484623447524125
5410							S01018891			55.84625429505539	-3.9461538218095367
5411							S01018892			55.86109681550198	-3.944675211936106
5412							S01018893			55.861440535525055	-3.9365587582072745
5413							S01018894			55.86343418900317	-3.94519161906
5414							S01018895			55.86685755511026	-3.944659688549686
5415							S01018896			55.8649680773988	-3.9516128645987947
5416							S01018897			55.86327812805899	-3.9589909178394196
5417							S01018898			55.86138157401125	-3.9567540973755535
5418							S01018899			55.86192320322184	-3.952642558163954
5419							S01018900			55.86027706217904	-3.9465037843792286
5420							S01018901			55.85837414515949	-3.9548611308851727
5421							S01018902			55.85560119069647	-3.9591315222228483
5422							S01018903			55.86064560514642	-3.96908512365619
5423							S01018904			55.86405960633352	-3.9691461413528804
5424							S01018905			55.86206655294103	-3.9718257375143144
5425							S01018906			55.859210396380675	-3.9750844178838416
5426							S01018907			55.85198859753804	-3.9782164916089275
5427							S01018908			55.856734329395664	-3.9804071329920214
5428							S01018909			55.86065607777207	-3.9790728081891396
5429							S01018910			55.860251689546544	-3.9857635398726283
5430							S01018911			55.859160105236235	-3.984908858892067
5431							S01018912			55.853837174466854	-3.9834070464062763
5432							S01018913			55.853823188444736	-3.9909473292015796
5433							S01018914			55.85926289757018	-3.991337637102062
5434							S01018915			55.859778076389624	-3.9950392245500312
5435							S01018916			55.86237014260013	-3.9925834107460823
5436							S01018917			55.8628020229928	-4.006924001746318
5437							S01018918			55.867537247579875	-4.002565504966561
5438							S01018919			55.86696458153244	-3.9941134238320455
5439							S01018920			55.866197773501085	-3.987074069703438
5440							S01018921			55.86852992858965	-3.98901530118955
5441							S01018922			55.87075118445226	-3.9950269262298628
5442							S01018923			55.87130801218712	-3.9878307823944805
5443							S01018924			55.873482196203106	-3.9889809807705006
5444							S01018925			55.876323527293856	-3.986105038827766
5445							S01018926			55.8779357292864	-3.988665349286642
5446							S01018927			55.877838571669336	-3.9790844339602427
5447							S01018928			55.88241850958602	-3.980404897659682
5448							S01018929			55.87855306431228	-3.973205696023545
5449							S01018930			55.87585031860212	-3.9758659823053963
5450							S01018931			55.870505466872245	-3.980197564949695
5451							S01018932			55.870739501645396	-3.9768209613726486
5452							S01018933			55.87399619769555	-3.9749245301223977
5453							S01018934			55.87269475241961	-3.9692159176358515
5454							S01018935			55.86796465961091	-3.969407854722198
5455							S01018936			55.87009926480795	-3.9595424180319947
5456							S01018937			55.86893224572427	-3.9549444849199418
5457							S01018938			55.86637875917912	-3.9550238547265626
5458							S01018939			55.86957880229193	-3.9498784093566863
5459							S01018940			55.87212356421417	-3.948647408248871
5460							S01018941			55.87246348319465	-3.954978215907229
5461							S01018942			55.88027695104424	-3.933676341825372
5462							S01018943			55.88205038310318	-3.9340523741185742
5463							S01018944			55.883529144655576	-3.9297290804054925
5464							S01018945			55.88087592551875	-3.924129569130051
5465							S01018946			55.887440081411825	-3.889068272591605
5466							S01018947			55.89125443539984	-3.8829370243892005
5467							S01018948			55.89136571245198	-3.8891632191080094
5468							S01018949			55.88576875285087	-3.8937358923769647
5469							S01018950			55.88367473890174	-3.930759591874356
5470							S01018951			55.914391241506685	-3.941584160234222
5471							S01018952			55.87419671448573	-3.9595731452648426
5472							S01018953			55.90808146125019	-3.956419511671549
5473							S01018954			55.88280159242464	-3.9739010861018906
5474							S01018955			55.88942212233069	-3.988021961981674
5475							S01018956			55.88540884662628	-4.000544422487455
5476							S01018957			55.87239000288105	-4.030532417158371
5477							S01018958			55.88485440467773	-3.996502513916501
5478							S01018959			55.88641239207347	-4.123000546700331
5479							S01018960			55.88895980670893	-4.080666911698064
5480							S01018961			55.886316038779306	-4.0871292916733415
5481							S01018962			55.88984046235471	-4.070015714827436
5482							S01018963			55.88803971913294	-4.087765554223924
5483							S01018964			55.89453975612657	-4.075400001397775
5484							S01018965			55.85622440636189	-4.062810261336274
5485							S01018966			55.931184179663454	-4.0095482220065595
5486							S01018967			55.8941716745534	-4.042626192986296
5487							S01018968			55.892418621880786	-4.055072102463483
5488							S01018969			55.8961611401541	-4.055909863635281
5489							S01018970			55.88783070667498	-4.128818754123294
5490							S01018971			55.88816716284823	-4.134817836979726
5491							S01018972			55.88450131680559	-4.143554709376888
5492							S01018973			55.8858766791506	-4.155367441974502
5493							S01018974			55.88815839721589	-4.157988630931169
5494							S01018975			55.88583020493162	-4.162624491646117
5495							S01018976			55.89089388735602	-4.141332564947317
5496							S01018977			55.91052274425352	-4.146431005452606
5497							S01018978			55.90713271710656	-4.104902614979732
5498							S01018979			55.89523977321736	-4.112431099756246
5499							S01018980			55.89250262320617	-4.1495776351977325
5500							S01018981			55.89759551836963	-4.109744103639425
5501							S01018982			55.89662163952344	-4.091505577679654
5502							S01018983			55.901400118349066	-4.109038951271249
5503							S01018984			55.90496028003872	-4.111583965168004
5504							S01018985			55.904115553438494	-4.1010756688083
5505							S01018986			55.913912473728594	-4.090452817976957
5506							S01018987			55.91024184833491	-4.0922711735733905
5507							S01018988			55.91003748807276	-4.08630821618246
5508							S01018989			55.908973480987314	-4.084395112401558
5509							S01018990			55.91521833171702	-4.083930334916555
5510							S01018991			55.911422536981924	-4.079342478531091
5511							S01018992			55.91282411329815	-4.079897579578319
5512							S01018993			55.91698186277464	-4.080088367727475
5513							S01018994			55.9189957691051	-4.079508158734735
5514							S01018995			55.915867473953384	-4.0747639342169855
5515							S01018996			55.92608430964214	-4.041520877387939
5516							S01018997			55.93016496959952	-4.036597053038058
5517							S01018998			55.93419036536312	-4.039353947706515
5518							S01018999			55.935994213611785	-4.035158004232592
5519							S01019000			55.9439895218198	-4.051591388619528
5520							S01019001			55.93875863371177	-4.037544691962501
5521							S01019002			55.945648255826036	-4.047499383154302
5522							S01019003			55.94373764613532	-4.044035630659616
5523							S01019004			55.94897251050169	-4.036704133096603
5524							S01019005			55.94145943425964	-4.038343124758968
5525							S01019006			55.937199888579194	-4.021964211856281
5526							S01019007			55.933731775771136	-4.023560477194012
5527							S01019008			55.930625291614476	-4.026664103441807
5528							S01019009			55.931874401849306	-4.020646048972252
5529							S01019010			55.93404755013189	-4.013058608718063
5530							S01019011			55.93505735951424	-4.017801982216344
5531							S01019012			55.93909849760394	-4.004210125457805
5532							S01019013			55.93386290134278	-4.003987592566073
5533							S01019014			55.935182848709175	-3.999076636866315
5534							S01019015			55.93715862242635	-3.998602092046667
5535							S01019016			55.93981481420241	-3.989403939782859
5536							S01019017			55.944021686509444	-3.98431922985048
5537							S01019018			55.941459127234076	-3.986077588843911
5538							S01019019			55.94167831093526	-3.991981549973012
5539							S01019020			55.94393936319375	-3.9977505981336816
5540							S01019021			55.941186576885976	-4.00290895158569
5541							S01019022			55.94800979999625	-3.9988892678919403
5542							S01019023			55.9504441758175	-3.9911827365990353
5543							S01019024			55.945199364718256	-3.9859649244596778
5544							S01019025			55.94789599007271	-3.9820191439152763
5545							S01019026			55.94601173317646	-3.980161196871123
5546							S01019027			55.94752162808232	-3.9767950457837156
5547							S01019028			55.95041910140662	-3.9726343936402486
5548							S01019029			55.95233349654202	-3.974301507721273
5549							S01019030			55.954519552880136	-3.975838479025974
5550							S01019031			55.95504304377204	-3.9684006058763313
5551							S01019032			55.95245986531267	-3.969214448442952
5552							S01019033			55.95227086946113	-3.9602191848134334
5553							S01019034			55.95434145634515	-3.9577289672107323
5554							S01019035			55.95888667060271	-3.9504932631382106
5555							S01019036			55.95544489956683	-3.9499196072291096
5556							S01019037			55.957691981053074	-3.9459156579090635
5557							S01019038			55.96129805852443	-3.946897768288357
5558							S01019039			55.961332837795496	-3.951513550056782
5559							S01019040			55.961247230773544	-3.9569082914695293
5560							S01019041			55.96409090928982	-3.948159631202328
5561							S01019042			55.96385301554653	-3.9433090325727025
5562							S01019043			55.96777198719488	-3.9472390910456574
5563							S01019044			55.978900911217245	-3.949850382777352
5564							S01019045			55.96247513119964	-3.977926389305173
5565							S01019046			55.95949676395597	-3.983749938853706
5566							S01019047			55.95374482601851	-3.9815493922173717
5567							S01019048			55.95204292858086	-3.9873406711558306
5568							S01019049			55.96110439777909	-3.988270017410477
5569							S01019050			55.9639527992193	-3.9888487739390364
5570							S01019051			55.95945718995983	-3.993440125127036
5571							S01019052			55.96060258952689	-3.997071654103452
5572							S01019053			55.9610792918876	-4.002030643002804
5573							S01019054			55.96288267261807	-4.006081106890719
5574							S01019055			55.9591263030955	-4.019840024057309
5575							S01019056			55.95773315415866	-4.024236819361264
5576							S01019057			55.9534918785015	-4.020923937130201
5577							S01019058			55.95122700446177	-4.011596262206101
5578							S01019059			55.95249098595128	-4.0024039163442025
5579							S01019060			55.94854282398964	-4.01637376930533
5580							S01019061			55.947764902542545	-4.018879737784682
5581							S01019062			55.94586858847606	-4.024914540140738
5582							S01019063			55.949771191907466	-4.027504792796681
5583							S01019064			55.97277755065045	-4.04596828523233
5584							S01019065			55.976004442411394	-4.042131983672684
5585							S01019066			55.974895704978366	-4.048836717886694
5586							S01019067			55.97767440890871	-4.054128580222309
5587							S01019068			55.979404281435656	-4.0533227353388295
5588							S01019069			55.98120542302415	-4.040098029461278
5589							S01019070			55.95111156133203	-4.043207151712934
5590							S01019071			55.958809220727424	-4.041274014897525
5591							S01019072			55.9681407866036	-4.012089793698717
5592							S01019073			55.95179478066665	-4.037220791579751
5593							S01019074			55.96438974574416	-3.9985005557496813
5594							S01019075			55.989302986606596	-4.002800283255745
5595							S01019076			55.973381204192656	-4.050743828154892
5596							S01019077			55.97167089879717	-4.056310186023377
5597							S01019078			55.974196921231034	-4.05734174283075
5598							S01019079			55.9757942623062	-4.071434122146021
5599							S01019080			55.97943593525529	-4.061659190013183
5600							S01019081			55.98351816060304	-4.06474591035786
5601							S01019082			55.98081394119813	-4.06684580008017
5602							S01019083			55.981776835473624	-4.0737257301535745
5603							S01019084			55.9791837096638	-4.072416814541459
5604							S01019085			55.97207186472322	-4.09335015672789
5605							S01019086			58.9576769142592	-3.303746120938461
5606							S01019087			58.96257130662675	-3.299340453666636
5607							S01019088			58.97313757253375	-3.298955442695112
5608							S01019089			58.967257382576484	-3.2860911748808403
5609							S01019090			58.98326937228856	-3.2147613619336237
5610							S01019091			59.00388695260531	-3.1154210354412735
5611							S01019092			58.938098290792766	-3.1278906446703565
5612							S01019093			59.05015576463195	-3.193325721645963
5613							S01019094			59.10115544697162	-3.301225400405191
5614							S01019095			59.10370631126358	-3.087652622838122
5615							S01019096			58.89745614674446	-2.9080306346177056
5616							S01019097			58.926078781940944	-2.7667548777205035
5617							S01019098			58.96186360482122	-2.868272484402249
5618							S01019099			58.9834001579364	-2.943904632782605
5619							S01019100			58.96882005079244	-2.977070164230563
5620							S01019101			58.98401843931042	-2.9779530082155556
5621							S01019102			58.97264199848959	-2.9547590667985117
5622							S01019103			58.970557794078445	-2.9487360523490866
5623							S01019104			58.975882493495156	-2.9598409279135556
5624							S01019105			58.97564902113	-2.967070456703501
5625							S01019106			58.97989281337616	-2.9688420836474685
5626							S01019107			58.980393298995885	-2.959531521710203
5627							S01019108			58.97831891315779	-2.9509847663472204
5628							S01019109			58.97707796088276	-2.9450710603064016
5629							S01019110			58.982555862044684	-2.952493400709064
5630							S01019111			58.986277749158646	-2.9532051862686184
5631							S01019112			58.79898513741071	-3.2061286276380563
5632							S01019113			58.82463324506843	-2.9569203666639874
5633							S01019114			58.84504979029105	-2.914525535535113
5634							S01019115			59.03757032046878	-2.901495309796185
5635							S01019116			59.233380685673936	-2.5991694417530047
5636							S01019117			59.31588316406794	-2.9786006317428035
5637							S01019118			56.16450701213732	-3.5806911116693905
5638							S01019119			56.21870600268292	-3.429494991435821
5639							S01019120			56.162755316040254	-3.4003625513022167
5640							S01019121			56.21014561353026	-3.326877868200064
5641							S01019122			56.22250119011701	-3.3467388823300888
5642							S01019123			56.21223524994378	-3.42649696640312
5643							S01019124			56.212569091569286	-3.4302662234207397
5644							S01019125			56.20937314582227	-3.4292443405275765
5645							S01019126			56.20802418078107	-3.432450774718385
5646							S01019127			56.20191506384352	-3.4230349324796783
5647							S01019128			56.20394577353251	-3.424593218890427
5648							S01019129			56.18395285544867	-3.555824339197615
5649							S01019130			56.19594702201306	-3.5552303639400407
5650							S01019131			56.229176420569864	-3.413641204384305
5651							S01019132			56.22649999380606	-3.4237204587998704
5652							S01019133			56.24189215612688	-3.436135330571941
5653							S01019134			56.2438455625251	-3.8838497893667956
5654							S01019135			56.264999868501526	-3.879641799115729
5655							S01019136			56.25978211919636	-3.7829039037580956
5656							S01019137			56.295013472992295	-3.6960879225337147
5657							S01019138			56.32907200875505	-3.8309366166493772
5658							S01019139			56.29567034027518	-3.7038736306647135
5659							S01019140			56.29657275397834	-3.6944279093948658
5660							S01019141			56.295147665108765	-3.7163415735617176
5661							S01019142			56.292501069889816	-3.710195860392157
5662							S01019143			56.29060387296925	-3.730970447490692
5663							S01019144			56.30054310905264	-3.699112806219487
5664							S01019145			56.3838356477501	-3.7794653692506834
5665							S01019146			56.369527151564355	-3.986114484312928
5666							S01019147			56.371941524202704	-3.9801192165630486
5667							S01019148			56.3912465294961	-3.8556294440174357
5668							S01019149			56.374799625679	-3.9907451060686436
5669							S01019150			56.37940050006631	-3.854000469837407
5670							S01019151			56.37653750439267	-3.8423147724905116
5671							S01019152			56.37483134042677	-3.828888888261163
5672							S01019153			56.371587018841204	-3.8470953764402696
5673							S01019154			56.37099465322437	-3.82765255705301
5674							S01019155			56.36845841629261	-3.833278865689905
5675							S01019156			56.37312916556924	-3.835835006431266
5676							S01019157			56.37177166365989	-3.8407245448715113
5677							S01019158			56.36767973780473	-3.8493996394677503
5678							S01019159			56.32648242603165	-3.689429881273001
5679							S01019160			56.38544072912464	-3.632141704743443
5680							S01019161			56.41040568959619	-3.5032243258415234
5681							S01019162			56.41531965344899	-3.5180555689944217
5682							S01019163			56.42076327934421	-3.5144949079344796
5683							S01019164			56.30182241509648	-3.584338552958244
5684							S01019165			56.31338139379327	-3.586159116721887
5685							S01019166			56.37421637530943	-3.4214532275148706
5686							S01019167			56.3453222461406	-3.478091463882345
5687							S01019168			56.276871521887784	-3.398506764879377
5688							S01019169			56.281154283020065	-3.3995838261267513
5689							S01019170			56.34933749531017	-3.4032294803077434
5690							S01019171			56.342946751226904	-3.402638858468827
5691							S01019172			56.338884950972265	-3.405854585290415
5692							S01019173			56.32654651392971	-3.419405615548423
5693							S01019174			56.32942480452458	-3.3458773478233734
5694							S01019175			56.33492419634038	-3.310631400663409
5695							S01019176			56.33263705925164	-3.31364222800657
5696							S01019177			56.38139474698658	-3.4401993035992713
5697							S01019178			56.37919131558319	-3.4365048046766447
5698							S01019179			56.38619227163453	-3.4464220764849567
5699							S01019180			56.384717682640755	-3.4380087115817197
5700							S01019181			56.382822005450585	-3.431005436397934
5701							S01019182			56.38908968311315	-3.4406520108697447
5702							S01019183			56.39763760531334	-3.4481039845217745
5703							S01019184			56.39851218341216	-3.4547639672325015
5704							S01019185			56.3936137151629	-3.451061587357699
5705							S01019186			56.38951120915794	-3.4461268576156048
5706							S01019187			56.389448652171154	-3.4514862028519864
5707							S01019188			56.39631125995837	-3.4608527250991217
5708							S01019189			56.38604226867923	-3.4714086091347185
5709							S01019190			56.3903251764283	-3.4807263836591535
5710							S01019191			56.390491908619204	-3.4750307491303265
5711							S01019192			56.388641491790885	-3.4636041389209624
5712							S01019193			56.395930504611286	-3.4672376471706357
5713							S01019194			56.39530219826579	-3.4740017501938545
5714							S01019195			56.393973693013784	-3.4836869760996803
5715							S01019196			56.396322585250694	-3.481866577050145
5716							S01019197			56.39964581356233	-3.485722430732642
5717							S01019198			56.40125183728387	-3.4799030427344095
5718							S01019199			56.40495305672536	-3.485961517370804
5719							S01019200			56.41178874644837	-3.4718025874178635
5720							S01019201			56.401975187970876	-3.475750487442619
5721							S01019202			56.40856508209412	-3.466313933203505
5722							S01019203			56.399980712965096	-3.475738138723495
5723							S01019204			56.40586587197168	-3.474215664771859
5724							S01019205			56.40380249833581	-3.4754646872021433
5725							S01019206			56.400964464058326	-3.4700725594874675
5726							S01019207			56.40128655563268	-3.463344280142226
5727							S01019208			56.400123472487664	-3.4583415174679173
5728							S01019209			56.40396161220288	-3.46735227888056
5729							S01019210			56.40606026781652	-3.4539337429902073
5730							S01019211			56.40473296997312	-3.456022209071084
5731							S01019212			56.406081384601904	-3.468163115925017
5732							S01019213			56.409724798325634	-3.4670229594745012
5733							S01019214			56.41010567362297	-3.4598739347277276
5734							S01019215			56.4129266012649	-3.464487773005184
5735							S01019216			56.41484293352023	-3.4688405439893613
5736							S01019217			56.41479841986245	-3.448172054382767
5737							S01019218			56.415918834289315	-3.4522507476335447
5738							S01019219			56.41779192697108	-3.4526625301730034
5739							S01019220			56.413527126512214	-3.454688304911615
5740							S01019221			56.412578892948225	-3.44818507815792
5741							S01019222			56.407359324507254	-3.4457991988802803
5742							S01019223			56.408458119852575	-3.4401685840336036
5743							S01019224			56.40751983611413	-3.4505212595568784
5744							S01019225			56.40623848603797	-3.439420338166474
5745							S01019226			56.40337217364609	-3.444837837465576
5746							S01019227			56.40260406690118	-3.442896666530228
5747							S01019228			56.40005911231306	-3.4353308445536648
5748							S01019229			56.398283426317484	-3.438147960434241
5749							S01019230			56.39232097129741	-3.4347316568452246
5750							S01019231			56.39321200286596	-3.4314927560233435
5751							S01019232			56.39466600307666	-3.4316283732851414
5752							S01019233			56.39597695879538	-3.4270278356331874
5753							S01019234			56.39854039862602	-3.433021516733546
5754							S01019235			56.393869236844466	-3.43759259877434
5755							S01019236			56.39617982694534	-3.436691471127436
5756							S01019237			56.38921205919875	-3.4167801017102817
5757							S01019238			56.39679350422917	-3.409852241680906
5758							S01019239			56.398954314594675	-3.420480088855139
5759							S01019240			56.406024055623554	-3.4143262141736694
5760							S01019241			56.40295258768381	-3.4220550743756837
5761							S01019242			56.42482458124459	-3.4069011073121165
5762							S01019243			56.422151712920346	-3.412022742722057
5763							S01019244			56.42046442049885	-3.4007581284533424
5764							S01019245			56.42046725450453	-3.394127690613475
5765							S01019246			56.41718717336132	-3.396568901183318
5766							S01019247			56.41832953494103	-3.4075853659000055
5767							S01019248			56.41488020886172	-3.4019468657681196
5768							S01019249			56.372929117188335	-3.3031281511590156
5769							S01019250			56.37356929916359	-3.2969163380979865
5770							S01019251			56.45085545359377	-3.3485306025348724
5771							S01019252			56.42593538621943	-3.3563873321541937
5772							S01019253			56.47164985454319	-3.4073183776929725
5773							S01019254			56.43130725273721	-3.1645674878694425
5774							S01019255			56.44437331312137	-3.1624042680719673
5775							S01019256			56.44358904042852	-3.169371501636247
5776							S01019257			56.417493400497435	-3.1868226473534613
5777							S01019258			56.39588166084002	-3.2094948906127017
5778							S01019259			56.39332940051932	-3.2150675931080404
5779							S01019260			56.457057241973224	-3.0604026344991797
5780							S01019261			56.45572040342468	-3.1174966278671414
5781							S01019262			56.45514291976774	-3.14825981879552
5782							S01019263			56.46062673312254	-3.059041651334708
5783							S01019264			56.54660647977905	-3.2718441173107555
5784							S01019265			56.545214317454246	-3.269162568697069
5785							S01019266			56.52109962207514	-3.2969959578750494
5786							S01019267			56.52625245025017	-3.262529655463261
5787							S01019268			56.58579551870372	-3.1589928688774056
5788							S01019269			56.55050931709876	-3.2609136685128255
5789							S01019270			56.61196673247674	-3.234661112876721
5790							S01019271			56.6238110459598	-3.2334833809962436
5791							S01019272			56.62489649449783	-3.228205463916066
5792							S01019273			56.62013755997315	-3.2251826457457273
5793							S01019274			56.56582828326257	-3.3474122602469207
5794							S01019275			56.76649421948558	-3.8362337085793707
5795							S01019276			56.59633338097511	-3.457196741743951
5796							S01019277			56.74886727297299	-3.7910043423947064
5797							S01019278			56.59660909004615	-3.3215046915314748
5798							S01019279			56.58016112701314	-3.340547558702562
5799							S01019280			56.58682348864118	-3.342607130522105
5800							S01019281			56.57759432405487	-3.3268803767692967
5801							S01019282			56.59114331826907	-3.331068170886291
5802							S01019283			56.5953244778024	-3.334114177053886
5803							S01019284			56.598383854880886	-3.3336845604380017
5804							S01019285			56.596853572484115	-3.3247054439407533
5805							S01019286			56.5845836654265	-3.336177877211146
5806							S01019287			56.58379475628689	-3.332665852151549
5807							S01019288			56.59203682074888	-3.343231758228487
5808							S01019289			56.58944990312625	-3.339003895619193
5809							S01019290			56.49789822061393	-3.511022439247933
5810							S01019291			56.49392863236262	-3.432800353710041
5811							S01019292			56.482527204368566	-3.447471944346138
5812							S01019293			56.48098963923676	-3.4483389238572517
5813							S01019294			56.530706035552896	-3.4657473058009534
5814							S01019295			56.544565872126064	-3.4827429928974825
5815							S01019296			56.50138762331104	-3.51592145630507
5816							S01019297			56.50067557441637	-3.5190447747033216
5817							S01019298			56.449567885821864	-3.469824030433571
5818							S01019299			56.45236230642198	-3.466021679360981
5819							S01019300			56.423755108426725	-3.4915259375150467
5820							S01019301			56.41661978041913	-3.5780206832336225
5821							S01019302			56.41581144228044	-3.5815210064789613
5822							S01019303			56.45400866332428	-3.5849907022384824
5823							S01019304			56.55830644864861	-3.5731769934670767
5824							S01019305			56.56288759142824	-3.58741079192532
5825							S01019306			56.655612650128354	-3.6678485699740335
5826							S01019307			56.70785057179652	-3.732481941625946
5827							S01019308			56.703476445245514	-3.7252407968349983
5828							S01019309			56.69686796921025	-3.71840579030253
5829							S01019310			56.651626425149956	-3.780468042302944
5830							S01019311			56.61943873047324	-3.867613794361386
5831							S01019312			56.6182742495284	-3.8607763904882466
5832							S01019313			56.70300982405176	-4.1361015202644476
5833							S01019314			56.60233286880596	-4.129093370613462
5834							S01019315			56.58779591824433	-4.002405743561868
5835							S01019316			55.79459958989421	-4.632543657987382
5836							S01019317			55.79603343086099	-4.626864594404153
5837							S01019318			55.79948928087183	-4.622453999610214
5838							S01019319			55.79915198465637	-4.630664972385361
5839							S01019320			55.794394621431664	-4.6412571043512925
5840							S01019321			55.80949829459309	-4.56041705852012
5841							S01019322			55.81330683354612	-4.554920833868358
5842							S01019323			55.82819038368005	-4.487473638073106
5843							S01019324			55.816888544812585	-4.432429248967778
5844							S01019325			55.898483411442946	-4.498163550075488
5845							S01019326			55.902366615802315	-4.510508275632786
5846							S01019327			55.90489636509002	-4.5182236739697785
5847							S01019328			55.90414007762352	-4.509486972830175
5848							S01019329			55.906827575619644	-4.514764809400699
5849							S01019330			55.9064462940243	-4.510548034870896
5850							S01019331			55.9232989405432	-4.589930221036577
5851							S01019332			55.91525744468245	-4.478021965040871
5852							S01019333			55.88774405716056	-4.466927482385801
5853							S01019334			55.90145233345106	-4.509505276992786
5854							S01019335			55.84508774799456	-4.523202929030625
5855							S01019336			55.84689031831813	-4.534758503341265
5856							S01019337			55.83805122428879	-4.573874740754032
5857							S01019338			55.83975541428257	-4.551193512333053
5858							S01019339			55.83717553701236	-4.5494751604180355
5859							S01019340			55.83364604609203	-4.544133454389981
5860							S01019341			55.82932357558378	-4.541487692382307
5861							S01019342			55.82118077930264	-4.537986914237512
5862							S01019343			55.82359900360766	-4.533609994214666
5863							S01019344			55.82628962899125	-4.529090586963065
5864							S01019345			55.82523909570021	-4.516775795532796
5865							S01019346			55.82473110453884	-4.524454869243658
5866							S01019347			55.81919419670634	-4.527528489590032
5867							S01019348			55.81898687716547	-4.535848453512206
5868							S01019349			55.81617977620631	-4.528131138454876
5869							S01019350			55.82773217593618	-4.531930734559084
5870							S01019351			55.831869169283586	-4.5261312048411115
5871							S01019352			55.83610388502296	-4.5173022371177485
5872							S01019353			55.8326157350785	-4.518657778181237
5873							S01019354			55.83489682039599	-4.509079100048866
5874							S01019355			55.837468288425804	-4.509915616475462
5875							S01019356			55.83554748402122	-4.502732613018759
5876							S01019357			55.837515338363254	-4.49833906176466
5877							S01019358			55.836639307004184	-4.491015855854637
5878							S01019359			55.83240135601025	-4.499655902859666
5879							S01019360			55.827164693686115	-4.501699081594842
5880							S01019361			55.82452227239549	-4.5069899402511115
5881							S01019362			55.82783725688388	-4.506628418452132
5882							S01019363			55.83136068913998	-4.513226894956259
5883							S01019364			55.82777397070808	-4.495159477363943
5884							S01019365			55.832231257577455	-4.496083762516986
5885							S01019366			55.83120446922175	-4.488209045632176
5886							S01019367			55.83403139592648	-4.488421568806748
5887							S01019368			55.83563876485427	-4.480043682657115
5888							S01019369			55.84072622501067	-4.4715505684269266
5889							S01019370			55.84309231745534	-4.4642728634817646
5890							S01019371			55.84433061415543	-4.462130793794422
5891							S01019372			55.84666353421717	-4.455584645403658
5892							S01019373			55.844238384557435	-4.456406110164856
5893							S01019374			55.8447070480845	-4.453640124913454
5894							S01019375			55.84772449838	-4.451961155601831
5895							S01019376			55.8512520170599	-4.452646732693333
5896							S01019377			55.84791787748888	-4.436348941149474
5897							S01019378			55.84605977500286	-4.437590516219544
5898							S01019379			55.84280154041728	-4.439638791677253
5899							S01019380			55.84376927566683	-4.437974230935158
5900							S01019381			55.84162243754631	-4.4451555610005045
5901							S01019382			55.84102567358924	-4.447593914426212
5902							S01019383			55.84018549048253	-4.4563740420442866
5903							S01019384			55.83866384257371	-4.444330891230733
5904							S01019385			55.83728655049777	-4.448956063990297
5905							S01019386			55.83644907200184	-4.4544454284818915
5906							S01019387			55.835009704593595	-4.461254053252108
5907							S01019388			55.833526881748796	-4.464833478257781
5908							S01019389			55.83191853034463	-4.454926487624622
5909							S01019390			55.8300557643233	-4.463575896339438
5910							S01019391			55.82737199258317	-4.469218390521863
5911							S01019392			55.82591850494195	-4.463266404614956
5912							S01019393			55.82478351641137	-4.468319903448135
5913							S01019394			55.82299975305288	-4.474337751954132
5914							S01019395			55.81934243688888	-4.474744121855398
5915							S01019396			55.81991759090694	-4.468937653731405
5916							S01019397			55.82053965893626	-4.459877152825687
5917							S01019398			55.82151044371779	-4.45042320599415
5918							S01019399			55.82736970667394	-4.455422280319752
5919							S01019400			55.82865113975261	-4.449307419595666
5920							S01019401			55.83220794686508	-4.452134092309536
5921							S01019402			55.8318264328452	-4.445115464380877
5922							S01019403			55.83495520414312	-4.444161998441328
5923							S01019404			55.83041046456414	-4.4412898745421
5924							S01019405			55.81995431466296	-4.445520002429864
5925							S01019406			55.81815076468046	-4.443108036261766
5926							S01019407			55.81721873973517	-4.4366322880961935
5927							S01019408			55.82095365419294	-4.435476845522468
5928							S01019409			55.82368923789033	-4.437579719170605
5929							S01019410			55.81969127562364	-4.428868495638362
5930							S01019411			55.82099637376005	-4.426954221273744
5931							S01019412			55.82439661563658	-4.423621499122004
5932							S01019413			55.823526580707124	-4.429905860155909
5933							S01019414			55.8265423175217	-4.429662842839717
5934							S01019415			55.82612838868202	-4.4378600563479615
5935							S01019416			55.830204847172794	-4.428070884172893
5936							S01019417			55.83352971769476	-4.429012796439283
5937							S01019418			55.8380984866384	-4.43613375843025
5938							S01019419			55.83486880565706	-4.4262855291286165
5939							S01019420			55.83510084808813	-4.4204388029892625
5940							S01019421			55.83256900830872	-4.421670771253119
5941							S01019422			55.83433720831654	-4.41676610024032
5942							S01019423			55.82884601257341	-4.415834518955932
5943							S01019424			55.82905100997147	-4.409507957591925
5944							S01019425			55.827039055123365	-4.419969720444563
5945							S01019426			55.828974341962244	-4.402860570070107
5946							S01019427			55.82998070853535	-4.400112230185773
5947							S01019428			55.83376347021507	-4.391402201947924
5948							S01019429			55.82857871716816	-4.397343206444067
5949							S01019430			55.82666577259469	-4.396347252971307
5950							S01019431			55.83247026632821	-4.386260450620513
5951							S01019432			55.83732371094382	-4.398728198905997
5952							S01019433			55.83701520991564	-4.408994650544313
5953							S01019434			55.831740706913976	-4.40571406503329
5954							S01019435			55.837242468997175	-4.419853235951292
5955							S01019436			55.841546495249915	-4.408460450318087
5956							S01019437			55.843084504104624	-4.407485377485199
5957							S01019438			55.84156155164027	-4.412278943426457
5958							S01019439			55.84447546856747	-4.4258939129848125
5959							S01019440			55.844628397464106	-4.4144658021439085
5960							S01019441			55.84050469650899	-4.423522099433487
5961							S01019442			55.83788211834397	-4.424796289965005
5962							S01019443			55.840227300271074	-4.430293187886008
5963							S01019444			55.842608016346354	-4.426704000423438
5964							S01019445			55.8429200231213	-4.434566543676589
5965							S01019446			55.846856572590305	-4.433662546424959
5966							S01019447			55.848111460554044	-4.411470761956858
5967							S01019448			55.84474631713404	-4.411661627190841
5968							S01019449			55.84537389255845	-4.409448091556587
5969							S01019450			55.84529703960823	-4.407057920528586
5970							S01019451			55.848441019007545	-4.402896171024745
5971							S01019452			55.851178787001345	-4.406292562557331
5972							S01019453			55.850425618058814	-4.399759465086518
5973							S01019454			55.84788092094093	-4.3762138713232925
5974							S01019455			55.84462260371815	-4.373203349164314
5975							S01019456			55.8436679381763	-4.382138764011695
5976							S01019457			55.84793572996887	-4.382208300778573
5977							S01019458			55.844911406069286	-4.395393894533256
5978							S01019459			55.85159269163484	-4.415441113883683
5979							S01019460			55.854041833051504	-4.40603818372472
5980							S01019461			55.855180864012475	-4.408457466511294
5981							S01019462			55.85631984480168	-4.410876889945499
5982							S01019463			55.857897299468824	-4.409264796908521
5983							S01019464			55.85824694980662	-4.402415105054442
5984							S01019465			55.85984285733532	-4.407211914047268
5985							S01019466			55.851424494210576	-4.42490511571102
5986							S01019467			55.85175006225814	-4.4279930413264
5987							S01019468			55.852429085083024	-4.4318380698381405
5988							S01019469			55.85557487993472	-4.429557931425034
5989							S01019470			55.85498092888585	-4.432780491680241
5990							S01019471			55.85800468516228	-4.43076432016779
5991							S01019472			55.85891486364314	-4.4360946740342735
5992							S01019473			55.87355476611631	-4.399092297821626
5993							S01019474			55.874787143948666	-4.403180987836375
5994							S01019475			55.878539668392285	-4.4038605478234105
5995							S01019476			55.878664013472395	-4.397488856468218
5996							S01019477			55.876988201654925	-4.396778027769319
5997							S01019478			55.86355279581817	-4.41327489966397
5998							S01019479			55.86552250420763	-4.4099927303809645
5999							S01019480			55.866892763843374	-4.403348596044782
6000							S01019481			55.87075814133509	-4.40055027904916
6001							S01019482			55.871254814100986	-4.392588302514557
6002							S01019483			55.86743466715177	-4.399530018274016
6003							S01019484			55.86721893715778	-4.392611821316984
6004							S01019485			55.865380049028055	-4.390117295415728
6005							S01019486			55.865592822902386	-4.3935027506213125
6006							S01019487			55.864073993348626	-4.403637952317947
6007							S01019488			55.866710916440255	-4.38406147577883
6008							S01019489			55.86847674203791	-4.378735021258062
6009							S01019490			55.86908026573686	-4.373081434475499
6010							S01019491			55.87263704717274	-4.3783179798678
6011							S01019492			55.87084479625972	-4.378975712970145
6012							S01019493			55.87491950044102	-4.384836326177273
6013							S01019494			55.87195521125969	-4.388459158644125
6014							S01019495			55.87529890679457	-4.389367895980934
6015							S01019496			55.8801876590072	-4.381977359657089
6016							S01019497			55.8828227961433	-4.380491678167453
6017							S01019498			55.8794332493648	-4.388438638551796
6018							S01019499			55.88083373467381	-4.392681872116221
6019							S01019500			55.882215464144295	-4.38817772751772
6020							S01019501			55.87297780517352	-4.373239232340893
6021							S01019502			55.87811193562451	-4.3768459490474365
6022							S01019503			55.87810491195982	-4.3786042367454066
6023							S01019504			55.874803463646984	-4.3764360770491955
6024							S01019505			55.878739598503614	-4.382032616772262
6025							S01019506			55.89015685015051	-4.432407103541945
6026							S01019507			55.890798474773774	-4.441307690642262
6027							S01019508			55.89210126557866	-4.447211405093601
6028							S01019509			55.89462542113043	-4.4355020220060695
6029							S01019510			55.891951679927104	-4.4261698458744965
6030							S01019511			55.895849769652386	-4.42630131872603
6031							S01019512			55.89852388470721	-4.431523323851234
6032							S01019513			55.89874601898467	-4.4371041269838845
6033							S01019514			55.89602954965355	-4.439029130319154
6034							S01019515			55.89928323715064	-4.443552643897899
6035							S01019516			55.90178496444786	-4.447917551329672
6036							S01019517			55.89942684020784	-4.448536780068355
6037							S01019518			55.89804422637207	-4.448913525179005
6038							S01019519			55.89529795751879	-4.4446455701587455
6039							S01019520			55.89288165169824	-4.449547767758664
6040							S01019521			55.89248951391471	-4.453441646899297
6041							S01019522			55.89947143751406	-4.463864884586684
6042							S01019523			55.90071282610269	-4.4723264593401995
6043							S01019524			55.90535011644146	-4.470109778288236
6044							S01019525			55.907196362992586	-4.4681311837218
6045							S01019526			55.907211644849966	-4.458835922971141
6046							S01019527			55.908151080734314	-4.460399492666298
6047							S01019528			55.90968567671059	-4.466353270716071
6048							S01019529			55.911224365063106	-4.51292132486062
6049							S01019530			55.910703890673496	-4.504502562453298
6050							S01019531			55.9101544252551	-4.498370434568182
6051							S01019532			55.90806059336046	-4.5001237964316845
6052							S01019533			55.906688248663514	-4.494227310794706
6053							S01019534			55.90426865161766	-4.496535789801074
6054							S01019535			55.84419253076321	-4.504566354589415
6055							S01019536			55.84628312842027	-4.504301496514655
6056							S01019537			55.847278692390375	-4.499988163768839
6057							S01019538			55.84666325577415	-4.493391478821137
6058							S01019539			55.84847502067017	-4.492859677651082
6059							S01019540			55.85146547166669	-4.4943134763189505
6060							S01019541			55.85106729177661	-4.4988734727464
6061							S01019542			55.850075096020674	-4.5039064328961915
6062							S01019543			55.84768469675332	-4.508737174787402
6063							S01019544			55.85049878949813	-4.515293518919809
6064							S01019545			55.85033015409889	-4.511671772301913
6065							S01019546			55.853978446236134	-4.5095104756555715
6066							S01019547			55.85727597614338	-4.526678035540154
6067							S01019548			55.86150729639541	-4.522398064410509
6068							S01019549			55.860136290163176	-4.5291970917648685
6069							S01019550			55.861866124001835	-4.535542561492752
6070							S01019551			55.86553289794396	-4.532504989038459
6071							S01019552			55.861117904795734	-4.546089721504303
6072							S01019553			55.86640032881793	-4.546211752992657
6073							S01019554			55.86933283690564	-4.555195662249934
6074							S01019555			55.852544206602055	-4.572388608134316
6075							S01019556			55.8562391793772	-4.572776709451602
6076							S01019557			55.859672910153584	-4.575768598685752
6077							S01019558			55.86156895131255	-4.577076838283327
6078							S01019559			55.85702196050925	-4.5851654319985
6079							S01019560			55.84986882083417	-4.587662087679865
6080							S01019561			55.84947565919738	-4.57041229573989
6081							S01019562			55.74445275642097	-3.343472975067281
6082							S01019563			55.75146527597164	-3.3554246869146076
6083							S01019564			55.75415559338729	-3.349383386728492
6084							S01019565			55.74524363582515	-3.2084296449329384
6085							S01019566			55.68663234718019	-3.3868240294185568
6086							S01019567			55.60929399850945	-3.4132078174779537
6087							S01019568			55.6287662824643	-3.2413880962469084
6088							S01019569			55.656441363144786	-3.199048448323134
6089							S01019570			55.65909619212887	-3.1967930589586335
6090							S01019571			55.66023482256719	-3.1933626057932285
6091							S01019572			55.65306182554813	-3.192683502217141
6092							S01019573			55.653907531983336	-3.195347424123844
6093							S01019574			55.65201833025472	-3.186310854625455
6094							S01019575			55.643173954082535	-3.1734598819855844
6095							S01019576			55.64369383309337	-3.1829608932642772
6096							S01019577			55.64745919184275	-3.198678562181169
6097							S01019578			55.64771882326644	-3.191392854693138
6098							S01019579			55.644265752792435	-3.187013897579777
6099							S01019580			55.64228156377393	-3.1699855083298374
6100							S01019581			55.62305469524708	-3.0619834766774088
6101							S01019582			55.61990661558227	-3.0540065796371367
6102							S01019583			55.61642589336879	-3.0647891616771386
6103							S01019584			55.61836366513136	-3.056839112326269
6104							S01019585			55.61895647754972	-3.0641432521193424
6105							S01019586			55.63764305973656	-3.107208541188407
6106							S01019587			55.59915963386079	-3.0684316946987256
6107							S01019588			55.62365013629144	-3.0139140428972273
6108							S01019589			55.6187599388985	-2.874108111123126
6109							S01019590			55.63435720828187	-2.6832093668089367
6110							S01019591			55.63882133245485	-2.678632516184997
6111							S01019592			55.63994400178591	-2.672186153163742
6112							S01019593			55.722619752872546	-2.895675105039946
6113							S01019594			55.75899521355184	-2.9800410194352667
6114							S01019595			55.69516384924262	-2.865137945478082
6115							S01019596			55.61992171089071	-2.8095881624535632
6116							S01019597			55.61829888283493	-2.8104120969421102
6117							S01019598			55.61957644700878	-2.8223154025069697
6118							S01019599			55.623707530228	-2.8253238461866115
6119							S01019600			55.62602520452905	-2.8320584248370437
6120							S01019601			55.61447099146316	-2.809063000822685
6121							S01019602			55.61735494261234	-2.817251630458273
6122							S01019603			55.615585805899485	-2.8211363408181485
6123							S01019604			55.61542977087687	-2.8148935813669334
6124							S01019605			55.60456340042344	-2.7892409367263884
6125							S01019606			55.61009395662225	-2.801019752712633
6126							S01019607			55.6112537868896	-2.7995352963411313
6127							S01019608			55.61288281760395	-2.7949804366860227
6128							S01019609			55.61346152072618	-2.776179399503846
6129							S01019610			55.610305201961076	-2.776561503169932
6130							S01019611			55.61112393606128	-2.784864332676909
6131							S01019612			55.61317363734465	-2.760456864556627
6132							S01019613			55.61330704292181	-2.7621263907814626
6133							S01019614			55.60448930126801	-2.7683676271884177
6134							S01019615			55.6056000156964	-2.764611689664759
6135							S01019616			55.60322310964061	-2.763930562068268
6136							S01019617			55.600829664665994	-2.742522206188427
6137							S01019618			55.598149661151716	-2.7126210753501403
6138							S01019619			55.59038664570144	-2.7293620835284766
6139							S01019620			55.593708334643445	-2.723790709145575
6140							S01019621			55.5985044016463	-2.727195811854769
6141							S01019622			55.717539375227965	-2.747123689618342
6142							S01019623			55.68510363900333	-2.722918062850142
6143							S01019624			55.720309200514706	-2.7526208847481635
6144							S01019625			55.771286659613764	-2.800259495803731
6145							S01019626			55.70668063839009	-2.461303242247936
6146							S01019627			55.705519304823326	-2.299742825833508
6147							S01019628			55.79759552238794	-2.465137056269234
6148							S01019629			55.729186479690775	-2.5224396443241335
6149							S01019630			55.670452782238286	-2.4466316537415826
6150							S01019631			55.680743326808404	-2.5639357565206082
6151							S01019632			55.77362853940507	-2.3401493065710772
6152							S01019633			55.77650553272382	-2.3459452599969546
6153							S01019634			55.77939773226017	-2.3430852994821434
6154							S01019635			55.775770144722486	-2.332420548644206
6155							S01019636			55.843488015024285	-2.1261996429001853
6156							S01019637			55.84228984408221	-2.075304734515295
6157							S01019638			55.87589109029711	-2.147321275730533
6158							S01019639			55.88565604599013	-2.1559429085789295
6159							S01019640			55.85217459216881	-2.196171756403357
6160							S01019641			55.88512859163901	-2.29247863479702
6161							S01019642			55.93082232261329	-2.364126416103386
6162							S01019643			55.869299980930265	-2.08647798890931
6163							S01019644			55.872773599083516	-2.091343911962394
6164							S01019645			55.87177235790176	-2.096503259144773
6165							S01019646			55.870525725704105	-2.1047458689260607
6166							S01019647			55.8733485388028	-2.1028836525175825
6167							S01019648			55.77619147253707	-2.3086714370966996
6168							S01019649			55.80121164303452	-2.21258552111207
6169							S01019650			55.79884281984794	-2.210722351060481
6170							S01019651			55.781366708448445	-2.2160807244595997
6171							S01019652			55.770045553312016	-2.106741914313643
6172							S01019653			55.796063777896904	-2.1189817825769195
6173							S01019654			55.67636853311901	-2.29737317412424
6174							S01019655			55.65412589134784	-2.2598909426765026
6175							S01019656			55.650268965352986	-2.252412943170089
6176							S01019657			55.65541231766677	-2.2548775286153426
6177							S01019658			55.54613603724189	-2.2866581858788115
6178							S01019659			55.51806481369508	-2.3647836970183924
6179							S01019660			55.628541063801066	-2.510140753397758
6180							S01019661			55.628117507063216	-2.4178484626809067
6181							S01019662			55.60840027631528	-2.3917491176322296
6182							S01019663			55.60692722771063	-2.4393208938580355
6183							S01019664			55.609120463629914	-2.4289323219477743
6184							S01019665			55.60645012903237	-2.431982418753712
6185							S01019666			55.60369166903988	-2.434523242385112
6186							S01019667			55.60682445986278	-2.4225422790614366
6187							S01019668			55.60417282155284	-2.422831170989943
6188							S01019669			55.592531343037834	-2.427037511452001
6189							S01019670			55.589912460987385	-2.4384007904015
6190							S01019671			55.60071014701877	-2.4340776223359093
6191							S01019672			55.59775928017737	-2.430030135520168
6192							S01019673			55.45547745700577	-2.5488102019819134
6193							S01019674			55.512197670620075	-2.5885524080811972
6194							S01019675			55.56444769552097	-2.4700346226143726
6195							S01019676			55.57596947331237	-2.6752324035923563
6196							S01019677			55.57816977658925	-2.6803140982291978
6197							S01019678			55.56580145330178	-2.6183870790316686
6198							S01019679			55.57186193282977	-2.6402882719797085
6199							S01019680			55.56877931130388	-2.643837788027626
6200							S01019681			55.47121412754317	-2.548143088752611
6201							S01019682			55.473774828150184	-2.5481786250486342
6202							S01019683			55.48073931811247	-2.5480063047828883
6203							S01019684			55.482937875985264	-2.550647589152665
6204							S01019685			55.47727766273488	-2.556469798558195
6205							S01019686			55.179267679038794	-2.8135046288206182
6206							S01019687			55.35879320725612	-2.8878815167448364
6207							S01019688			55.45738614558438	-2.681980115385589
6208							S01019689			55.44330811963626	-2.7342652214509795
6209							S01019690			55.399722461168416	-2.6561806898690405
6210							S01019691			55.43584521709818	-2.7658310360965506
6211							S01019692			55.43511248047558	-2.7709058485237206
6212							S01019693			55.43540267028715	-2.7761743092635087
6213							S01019694			55.43764275827902	-2.771492479696009
6214							S01019695			55.41823515174191	-2.7881594483396666
6215							S01019696			55.42179280174991	-2.786871703764499
6216							S01019697			55.42711115456148	-2.778634687243281
6217							S01019698			55.423624447069415	-2.7800827962092423
6218							S01019699			55.424966124851416	-2.7852601024439076
6219							S01019700			55.429581530863786	-2.7673691268866185
6220							S01019701			55.42387678603378	-2.8035659494973637
6221							S01019702			55.4166770918493	-2.7997706634782866
6222							S01019703			55.41586500007389	-2.794778308557614
6223							S01019704			55.4197858992406	-2.7929139815802486
6224							S01019705			55.42869998796835	-2.785918840545774
6225							S01019706			55.430654580552485	-2.78658974620942
6226							S01019707			55.43476774931177	-2.78834671284166
6227							S01019708			55.43404619799977	-2.7845710863060447
6228							S01019709			55.512449108530696	-2.7671426336053018
6229							S01019710			55.56667332414834	-2.708007258185688
6230							S01019711			55.50836660181102	-2.96913166805489
6231							S01019712			55.55074390666045	-2.9644996608884635
6232							S01019713			55.55451742264968	-2.833510338939085
6233							S01019714			55.547654946719675	-2.8397205960758285
6234							S01019715			55.546046768132655	-2.8344245489955533
6235							S01019716			55.55143585237621	-2.8373919319376557
6236							S01019717			55.54915778307799	-2.84331887896049
6237							S01019718			55.54809561158669	-2.8474962339340584
6238							S01019719			55.55167858426259	-2.8542941668697166
6239							S01019720			59.891790665208234	-1.311577157258332
6240							S01019721			59.97734024200117	-1.311883104852873
6241							S01019722			60.00155025746635	-1.2337634970122848
6242							S01019723			60.0525245241875	-1.210514653970719
6243							S01019724			60.12391947967026	-1.2165094028017616
6244							S01019725			60.143566253658754	-1.176499338596121
6245							S01019726			60.14665478860119	-1.1692366834658765
6246							S01019727			60.145747085461046	-1.1662521992874215
6247							S01019728			60.151170648973675	-1.1506793602660104
6248							S01019729			60.15150443347219	-1.14254760964012
6249							S01019730			60.13981251729626	-1.113791649734322
6250							S01019731			60.1556864782552	-1.1505449057315187
6251							S01019732			60.15256443957532	-1.1580283292614484
6252							S01019733			60.156801272925236	-1.1577939254496397
6253							S01019734			60.1613368642713	-1.169334764584531
6254							S01019735			60.13765018983558	-1.2653510976500344
6255							S01019736			60.194621074410776	-1.219208509935396
6256							S01019737			60.10450214406622	-1.3304047244552495
6257							S01019738			60.138786252517285	-1.277640662779065
6258							S01019739			60.20866210585639	-1.2941845969256216
6259							S01019740			60.318999622399396	-1.134904985763944
6260							S01019741			60.242934122833546	-1.3521289713706002
6261							S01019742			60.23729671953455	-1.3982343012547356
6262							S01019743			60.23520893049223	-1.5651536282174046
6263							S01019744			60.39322290956467	-1.3630483282191797
6264							S01019745			60.44721282257007	-1.2010757615382743
6265							S01019746			60.48774837287568	-1.4491632302309498
6266							S01019747			60.59757549098605	-1.0759439600233651
6267							S01019748			60.76392938669386	-0.8622740965783927
6268							S01019749			60.34469412898678	-1.019212156817182
6269							S01019750			60.341644210571545	-0.9859319030119912
6270							S01019751			55.10096876737089	-5.005843341651631
6271							S01019752			55.13358176062091	-4.906364242042629
6272							S01019753			55.20753756151215	-4.717111185728947
6273							S01019754			55.27601591513013	-4.72525122770757
6274							S01019755			55.323842290580046	-4.819659378740315
6275							S01019756			55.33409302506544	-4.814473910868923
6276							S01019757			55.325098455780505	-4.640079549885859
6277							S01019758			55.23662195738751	-4.847335139551356
6278							S01019759			55.23695514383836	-4.853462823959506
6279							S01019760			55.23393741184755	-4.8521926844931755
6280							S01019761			55.23253649593907	-4.851746311804234
6281							S01019762			55.2306575589292	-4.853672312116749
6282							S01019763			55.23323455833802	-4.857254654403627
6283							S01019764			55.24107781221643	-4.856684638726637
6284							S01019765			55.24207543306273	-4.844389578709755
6285							S01019766			55.24576946129472	-4.850192242210572
6286							S01019767			55.35594892011324	-4.6751874124212724
6287							S01019768			55.35258703300787	-4.682564932362134
6288							S01019769			55.34910013414073	-4.685389502132075
6289							S01019770			55.35293186781024	-4.691407460557485
6290							S01019771			55.355203082299425	-4.6939913649717875
6291							S01019772			55.356000031939736	-4.685967166468283
6292							S01019773			55.35733794279617	-4.683170326848274
6293							S01019774			55.3403903303504	-4.607787720712482
6294							S01019775			55.40520983191596	-4.7563997829264855
6295							S01019776			55.39240519134973	-4.643096342983326
6296							S01019777			55.44770342604815	-4.5213573648352225
6297							S01019778			55.44274965414478	-4.518796065249991
6298							S01019779			55.44193691782879	-4.512862389117784
6299							S01019780			55.445606526137524	-4.4965079294896215
6300							S01019781			55.460765778460726	-4.553750351267581
6301							S01019782			55.43343869141608	-4.666264524016837
6302							S01019783			55.434330475461714	-4.662878262845573
6303							S01019784			55.44530768669596	-4.641652994599321
6304							S01019785			55.43623021419676	-4.6598442681616445
6305							S01019786			55.43522262959399	-4.652851848110825
6306							S01019787			55.43064371842357	-4.654678558093646
6307							S01019788			55.43162847275621	-4.615256017951068
6308							S01019789			55.42657341340227	-4.6204537428526695
6309							S01019790			55.43521262586472	-4.6162045360578725
6310							S01019791			55.43235271634718	-4.641767091990089
6311							S01019792			55.431747775963146	-4.621017984303077
6312							S01019793			55.43108227972831	-4.628150588561989
6313							S01019794			55.44247895401086	-4.621492571841187
6314							S01019795			55.44809640918898	-4.610589603386039
6315							S01019796			55.446119598575144	-4.602125193838629
6316							S01019797			55.44062771988581	-4.606759949628362
6317							S01019798			55.44020014256169	-4.611633217527576
6318							S01019799			55.43818882430801	-4.60816433258567
6319							S01019800			55.44620669801118	-4.611951208597169
6320							S01019801			55.44419239264138	-4.611991974846672
6321							S01019802			55.45203808971549	-4.622965383706814
6322							S01019803			55.447469455805795	-4.6226619569696155
6323							S01019804			55.44447207362903	-4.620343959339007
6324							S01019805			55.45088318262927	-4.616040405659156
6325							S01019806			55.45852035115533	-4.595096460229715
6326							S01019807			55.45348873151322	-4.617351850300509
6327							S01019808			55.453967960643524	-4.602484137081461
6328							S01019809			55.453408624091026	-4.611431111714621
6329							S01019810			55.452241458712415	-4.599982140265318
6330							S01019811			55.45107572536106	-4.606184179390623
6331							S01019812			55.44938720110497	-4.602324612973225
6332							S01019813			55.44744157226901	-4.626471414803465
6333							S01019814			55.466726625307004	-4.640443998796885
6334							S01019815			55.4629544342753	-4.635303134978209
6335							S01019816			55.459937732569	-4.636810265239398
6336							S01019817			55.459550236508136	-4.627672467372135
6337							S01019818			55.45568011696949	-4.632919492106436
6338							S01019819			55.453434168659605	-4.632864635721892
6339							S01019820			55.45256022393018	-4.640461566090027
6340							S01019821			55.47485030525585	-4.625510367679436
6341							S01019822			55.473824252741245	-4.619286236771193
6342							S01019823			55.470199117670724	-4.62611871217304
6343							S01019824			55.467348589950696	-4.630770693402113
6344							S01019825			55.46479490478917	-4.624540926158144
6345							S01019826			55.46222044474566	-4.619686929806314
6346							S01019827			55.46132101444461	-4.606259431980756
6347							S01019828			55.46285051049265	-4.602816649226663
6348							S01019829			55.469186311721536	-4.598218693880619
6349							S01019830			55.471457061264125	-4.595836411066405
6350							S01019831			55.46988840148109	-4.590970482908632
6351							S01019832			55.47291154844324	-4.587007188710792
6352							S01019833			55.47352270869816	-4.60521388212245
6353							S01019834			55.47190682739866	-4.609332218976857
6354							S01019835			55.47292220612409	-4.593717391226105
6355							S01019836			55.47287019213424	-4.599553142059026
6356							S01019837			55.47104189271777	-4.603103779507177
6357							S01019838			55.469291742858665	-4.616453741349012
6358							S01019839			55.48170690936899	-4.620980813934372
6359							S01019840			55.480356902842466	-4.616443620518929
6360							S01019841			55.47743335650008	-4.624099602284588
6361							S01019842			55.47764487786286	-4.613383393206068
6362							S01019843			55.47522483095256	-4.621040869853324
6363							S01019844			55.48598657094742	-4.602412007340877
6364							S01019845			55.48517553705383	-4.597435584254384
6365							S01019846			55.48480390940685	-4.614031763287798
6366							S01019847			55.48266067360022	-4.608745536635611
6367							S01019848			55.477380642364885	-4.6068138330629935
6368							S01019849			55.48533533215903	-4.619021594621685
6369							S01019850			55.48838542694141	-4.613841691425139
6370							S01019851			55.50273632973611	-4.612338489699254
6371							S01019852			55.49761645915888	-4.610906701751453
6372							S01019853			55.49804132001484	-4.6166827709419636
6373							S01019854			55.497004570946544	-4.613462979153824
6374							S01019855			55.49243092832834	-4.616753808276692
6375							S01019856			55.49044046641056	-4.612315580695031
6376							S01019857			55.50214142562304	-4.605251978753926
6377							S01019858			55.49940882726074	-4.604833886053284
6378							S01019859			55.49630978786034	-4.603473294974763
6379							S01019860			55.496286824591806	-4.599481665850546
6380							S01019861			55.49444084638601	-4.595829212760551
6381							S01019862			55.49212399998724	-4.599112281515961
6382							S01019863			55.48839855442821	-4.6081751887147195
6383							S01019864			55.519901939111165	-4.601910995002664
6384							S01019865			55.515687272395056	-4.600175254399859
6385							S01019866			55.50249467257028	-4.599210029674258
6386							S01019867			55.5009553221529	-4.599741967756237
6387							S01019868			55.551313373870016	-4.6248064162852485
6388							S01019869			55.474564605296635	-4.522914408008806
6389							S01019870			55.48908798837583	-4.523874659420681
6390							S01019871			55.49157972742273	-4.532915560615039
6391							S01019872			55.492846339117094	-4.5229435546843755
6392							S01019873			55.51090571990994	-4.483297367893271
6393							S01019874			55.51255909724567	-4.480661233003296
6394							S01019875			55.51500463194073	-4.489036520476471
6395							S01019876			55.55511986005277	-4.4475379715219
6396							S01019877			55.550667319271824	-4.5696648225229906
6397							S01019878			55.5508010468764	-4.562855567165565
6398							S01019879			55.552710109495294	-4.549771371108798
6399							S01019880			55.5758663367359	-4.59163536167287
6400							S01019881			55.57875139416897	-4.592920358753397
6401							S01019882			55.58124464678184	-4.596575808900375
6402							S01019883			55.57884467295416	-4.598273794959743
6403							S01019884			55.54954722618005	-4.6392279152243905
6404							S01019885			55.55130637945917	-4.636428389984314
6405							S01019886			55.55397960801156	-4.638764075070675
6406							S01019887			55.55748686304148	-4.642852939277389
6407							S01019888			55.56262952148345	-4.637377624520264
6408							S01019889			55.559820276064045	-4.636348725906729
6409							S01019890			55.55995605058751	-4.640893648658732
6410							S01019891			55.565659695096564	-4.6398332002749
6411							S01019892			55.56332388102269	-4.645608404570512
6412							S01019893			55.564971832089114	-4.653776946949344
6413							S01019894			55.557313096455864	-4.654211813599551
6414							S01019895			55.55141609716203	-4.6558911991995195
6415							S01019896			55.55151578385385	-4.652536411829721
6416							S01019897			55.55002684409605	-4.649899155122006
6417							S01019898			55.54807941345523	-4.653906132078519
6418							S01019899			55.542606588159664	-4.6347042949020665
6419							S01019900			55.54327991413071	-4.653471556969774
6420							S01019901			55.544268087643694	-4.658056363660627
6421							S01019902			55.54357165107853	-4.666934600837763
6422							S01019903			55.54254222069713	-4.673744921296133
6423							S01019904			55.53870908065777	-4.654098684757891
6424							S01019905			55.53708477331228	-4.645255635187325
6425							S01019906			55.46705944658734	-3.6521264750925315
6426							S01019907			55.47769870442471	-3.7889980698661265
6427							S01019908			55.49297371959469	-3.6918502631437957
6428							S01019909			55.630696060918076	-3.6707121604515875
6429							S01019910			55.59901197523853	-3.5949758390208975
6430							S01019911			55.60047667677373	-3.558656762255156
6431							S01019912			55.62342359600176	-3.525407169807246
6432							S01019913			55.62423134788417	-3.530536450395673
6433							S01019914			55.62787905733017	-3.5204818442336974
6434							S01019915			55.62694086650203	-3.5178725719682133
6435							S01019916			55.63807887046567	-3.6309584017225425
6436							S01019917			55.69324812201548	-3.5012231496825024
6437							S01019918			55.68954628987811	-3.6668900414520498
6438							S01019919			55.68020614950866	-3.7160353130878283
6439							S01019920			55.69488106080527	-3.6933854636193506
6440							S01019921			55.698478036583545	-3.6281114666517036
6441							S01019922			55.69894132925762	-3.618901835711481
6442							S01019923			55.70103758480738	-3.6497638645897164
6443							S01019924			55.741132828300486	-3.6895590338302613
6444							S01019925			55.75856382692148	-3.603236762771848
6445							S01019926			55.76300203094082	-3.6963383531996246
6446							S01019927			55.764982592399114	-3.692168651592055
6447							S01019928			55.76811598521519	-3.684525558546009
6448							S01019929			55.75548559788404	-3.879350990703196
6449							S01019930			55.74580346719111	-3.8801596661410436
6450							S01019931			55.74855756177193	-3.884578235385851
6451							S01019932			55.75068949614839	-3.882099818225888
6452							S01019933			55.75330593519105	-3.881429175847515
6453							S01019934			55.75380405616283	-3.8758918049124507
6454							S01019935			55.73241188053019	-3.850083341101106
6455							S01019936			55.73653291440323	-3.844369177397532
6456							S01019937			55.73610231804162	-3.855052351119398
6457							S01019938			55.739211948766034	-3.8466938600008795
6458							S01019939			55.73680508604065	-3.8388071962088604
6459							S01019940			55.7400762422056	-3.839407180743475
6460							S01019941			55.74065459622995	-3.8349900428624024
6461							S01019942			55.74196813208985	-3.828265473477807
6462							S01019943			55.72567685421693	-3.8160544624893866
6463							S01019944			55.730097606054215	-3.8161006139028353
6464							S01019945			55.73271203359058	-3.8228156208463595
6465							S01019946			55.73126362182397	-3.829564303588944
6466							S01019947			55.73520808111798	-3.830816115368344
6467							S01019948			55.72513820041466	-3.830535555120948
6468							S01019949			55.72766355337855	-3.8263064749072018
6469							S01019950			55.72912496028535	-3.843366672251982
6470							S01019951			55.72949950302261	-3.832157140136864
6471							S01019952			55.73019601452507	-3.838464388813926
6472							S01019953			55.70058149527309	-3.8702207871248895
6473							S01019954			55.71205723674297	-3.8393150987839113
6474							S01019955			55.72788012218075	-3.8098666970151447
6475							S01019956			55.72966783057081	-3.806860005615544
6476							S01019957			55.675794763419084	-3.7802966863399656
6477							S01019958			55.67561013423018	-3.78804894903682
6478							S01019959			55.67811505299357	-3.785125635274552
6479							S01019960			55.67979899606092	-3.7737351255912155
6480							S01019961			55.675983730632176	-3.768473370850244
6481							S01019962			55.67657305904103	-3.773716269018469
6482							S01019963			55.678426967734175	-3.7685518776496276
6483							S01019964			55.68053255513053	-3.7652433052610816
6484							S01019965			55.666596364610356	-3.7744411760397156
6485							S01019966			55.672368671872526	-3.753617095903963
6486							S01019967			55.66786090539638	-3.765276565563604
6487							S01019968			55.67114450886343	-3.77313656321972
6488							S01019969			55.67273534060597	-3.778710584748668
6489							S01019970			55.67392634579998	-3.7628147031181993
6490							S01019971			55.65653602677477	-3.8702962076012963
6491							S01019972			55.67310449059033	-3.800226821032767
6492							S01019973			55.67325804496	-3.818457825341201
6493							S01019974			55.68626227030369	-3.7579933972759103
6494							S01019975			55.693523661650275	-3.8050322154449643
6495							S01019976			55.68730157337403	-3.9016415664829966
6496							S01019977			55.552833891712005	-3.8438070916591265
6497							S01019978			55.55725784987286	-3.846630390567645
6498							S01019979			55.593332854973895	-3.886063305952297
6499							S01019980			55.59732119363899	-3.780423394417938
6500							S01019981			55.61585611654593	-3.898148809339033
6501							S01019982			55.62911670169024	-3.87739291111207
6502							S01019983			55.63265286384076	-3.880628018009004
6503							S01019984			55.63540345475685	-3.8811728415461584
6504							S01019985			55.63864057053121	-3.888652624381795
6505							S01019986			55.64661920654264	-3.8963309628215153
6506							S01019987			55.676687907245736	-3.9264132337647992
6507							S01019988			55.6643715691384	-3.9186531644801605
6508							S01019989			55.666288123397344	-3.9162029777965626
6509							S01019990			55.66654338843241	-3.922289246554051
6510							S01019991			55.667298669520086	-3.9211178752430715
6511							S01019992			55.67403975327616	-3.922784317360207
6512							S01019993			55.70798592238375	-3.9116712473672797
6513							S01019994			55.74908452906321	-3.9689877492729466
6514							S01019995			55.72762726588068	-3.9274255747903553
6515							S01019996			55.72783307670531	-3.93262722661378
6516							S01019997			55.70089739822801	-4.029088520038385
6517							S01019998			55.7062430498453	-4.038406226829742
6518							S01019999			55.73918734066255	-4.0314917613431875
6519							S01020000			55.74173713430215	-3.9659409402702788
6520							S01020001			55.745880771981405	-3.9793257946943412
6521							S01020002			55.745470453691844	-3.9746686413467622
6522							S01020003			55.74935764045274	-3.9810636944211453
6523							S01020004			55.733312456940055	-3.968431718719184
6524							S01020005			55.736550974162164	-3.9771804002589914
6525							S01020006			55.73681037430821	-3.980044772111018
6526							S01020007			55.7391547366024	-3.9672605710316313
6527							S01020008			55.741351583792984	-3.9731699465560517
6528							S01020009			55.730424868461036	-3.9618680721759763
6529							S01020010			55.73170151750971	-3.9545104075372506
6530							S01020011			55.73295417212803	-3.959367102080014
6531							S01020012			55.733785605549755	-3.9641392292013258
6532							S01020013			55.736156294470234	-3.9563738779583497
6533							S01020014			55.73670801606536	-3.9657197217664444
6534							S01020015			55.72380483707951	-3.968398747685221
6535							S01020016			55.7258796519676	-3.9718313942099917
6536							S01020017			55.72735481783266	-3.976221445647109
6537							S01020018			55.728888853934315	-3.971919522783427
6538							S01020019			55.730478980670895	-3.9713945712467473
6539							S01020020			55.68778117975402	-3.9948093782115097
6540							S01020021			55.68852258647768	-3.9901062081058063
6541							S01020022			55.69007536034895	-3.998521824781162
6542							S01020023			55.69245838940105	-3.98791963293216
6543							S01020024			55.69360561877318	-3.992544409588022
6544							S01020025			55.69693206903363	-3.980811293288355
6545							S01020026			55.698793063626	-3.9852179666065513
6546							S01020027			55.70118052217146	-3.973148860438938
6547							S01020028			55.673205353833296	-4.058935951828536
6548							S01020029			55.67330088573882	-4.062344220396259
6549							S01020030			55.675342300969575	-4.06867006046055
6550							S01020031			55.67553340440662	-4.077570483898534
6551							S01020032			55.67865225377301	-4.063707397429445
6552							S01020033			55.680061406598426	-4.0755360198750825
6553							S01020034			55.681617313063846	-4.076000194767755
6554							S01020035			55.680717772783744	-4.055767717572323
6555							S01020036			55.68249739553414	-4.06538924974565
6556							S01020037			55.68378318203643	-4.050885947554655
6557							S01020038			55.68758783346132	-4.06142587364711
6558							S01020039			55.685587581674284	-4.066538462912763
6559							S01020040			55.627534174567494	-3.8992181936742902
6560							S01020041			55.65425513146365	-4.1157527105631475
6561							S01020042			55.67466441290008	-4.084824205825752
6562							S01020043			55.652670475668316	-4.041152697255484
6563							S01020044			55.712793965069594	-4.096057049780367
6564							S01020045			55.74906774143713	-4.0502015639998925
6565							S01020046			55.75156257030078	-4.044484739935126
6566							S01020047			55.75286262222942	-4.0516756486315755
6567							S01020048			55.752742955750875	-4.041056874898243
6568							S01020049			55.7551502270352	-4.0362586470444315
6569							S01020050			55.75687769449655	-4.045336842479285
6570							S01020051			55.75976661801487	-4.037519496821579
6571							S01020052			55.761272291171615	-4.048037566514321
6572							S01020053			55.76225264754958	-4.043674047493332
6573							S01020054			55.76605177432615	-4.0340699047005835
6574							S01020055			55.76746021076294	-4.0396428404042855
6575							S01020056			55.769126088071424	-4.033480949168648
6576							S01020057			55.76896761602619	-4.041411414855026
6577							S01020058			55.76458728622328	-4.004521264450902
6578							S01020059			55.76662542691205	-4.0029841702303335
6579							S01020060			55.76688810286534	-4.010011550153183
6580							S01020061			55.77127766186786	-4.025095943477761
6581							S01020062			55.773150120048726	-4.034153063205038
6582							S01020063			55.77544231479393	-4.043870767999958
6583							S01020064			55.77972342916858	-4.0415116996603935
6584							S01020065			55.78031639917724	-4.0388159606903535
6585							S01020066			55.766244117673075	-4.044680112318643
6586							S01020067			55.76633712629152	-4.050423454277004
6587							S01020068			55.76845376756971	-4.048526112640102
6588							S01020069			55.77105942291797	-4.050177427688445
6589							S01020070			55.77192466418367	-4.041932828014529
6590							S01020071			55.75830392504099	-4.052503552881391
6591							S01020072			55.76418213560082	-4.057833781632296
6592							S01020073			55.764226821095384	-4.0540902743429985
6593							S01020074			55.75665175764695	-4.056177766982831
6594							S01020075			55.759404746171306	-4.062968922820698
6595							S01020076			55.76015130991096	-4.057573437585246
6596							S01020077			55.76117806051647	-4.063333606423989
6597							S01020078			55.7604615189908	-4.0786446710765665
6598							S01020079			55.75164527854473	-4.066925094288138
6599							S01020080			55.753513465115546	-4.068059808456452
6600							S01020081			55.7561027111691	-4.07439646402277
6601							S01020082			55.756341881635386	-4.067141862953288
6602							S01020083			55.75746407377859	-4.063471976736357
6603							S01020084			55.76402824363382	-4.067532999600272
6604							S01020085			55.76479163444939	-4.0718295526597235
6605							S01020086			55.76676617261918	-4.065047800287686
6606							S01020087			55.769822639283305	-4.094719139343412
6607							S01020088			55.77242373164016	-4.091861230666621
6608							S01020089			55.76457730693251	-4.0897831291435365
6609							S01020090			55.76633512064441	-4.082592088193643
6610							S01020091			55.76680520147532	-4.0781854612522155
6611							S01020092			55.767506720800505	-4.091390652545059
6612							S01020093			55.768733827913415	-4.072548956115175
6613							S01020094			55.76954715559489	-4.0876736976956565
6614							S01020095			55.77103837491526	-4.079765947568427
6615							S01020096			55.77173059566658	-4.076566339253789
6616							S01020097			55.773735513260114	-4.0881846186216615
6617							S01020098			55.77409199711715	-4.085716373308218
6618							S01020099			55.77737458350334	-4.089814307297819
6619							S01020100			55.783291747454975	-4.102251371490682
6620							S01020101			55.78387433153066	-4.0997150855395965
6621							S01020102			55.785144385700214	-4.09586003586721
6622							S01020103			55.78732265628596	-4.094605341475472
6623							S01020104			55.78762017954451	-4.105594706931303
6624							S01020105			55.78838002674931	-4.09636872941421
6625							S01020106			55.78905937396765	-4.102896976622534
6626							S01020107			55.790296611855545	-4.097811537536252
6627							S01020108			55.79092243257121	-4.091145775042088
6628							S01020109			55.79358854682081	-4.099232785794679
6629							S01020110			55.79333317366105	-4.104706561197238
6630							S01020111			55.79508712581282	-4.101993481499671
6631							S01020112			55.7972434049742	-4.100450490733533
6632							S01020113			55.80036683573896	-4.102788568592167
6633							S01020114			55.80224069346977	-4.101996080025375
6634							S01020115			55.80269140496565	-4.105067972853222
6635							S01020116			55.80669726596235	-4.105204449340655
6636							S01020117			55.81092211734775	-4.106198671787673
6637							S01020118			55.796226210357695	-4.092116044272296
6638							S01020119			55.79724778343803	-4.087001887525703
6639							S01020120			55.79829960684504	-4.0954339938545505
6640							S01020121			55.80013259376178	-4.089118664895349
6641							S01020122			55.78008898985373	-4.080264046948071
6642							S01020123			55.78310965019565	-4.076485928616791
6643							S01020124			55.78466672572661	-4.081129973345873
6644							S01020125			55.78518822493343	-4.071540831695429
6645							S01020126			55.78777933044325	-4.087835287115613
6646							S01020127			55.7881228526312	-4.081888451836034
6647							S01020128			55.78860876454221	-4.079729233604879
6648							S01020129			55.77495960907525	-4.071619936646119
6649							S01020130			55.775944298375755	-4.077173166744014
6650							S01020131			55.77732110531907	-4.074408127974601
6651							S01020132			55.777515355737506	-4.069284006965872
6652							S01020133			55.77970130820369	-4.072892130574451
6653							S01020134			55.7804125252908	-4.068018347365194
6654							S01020135			55.78238336545916	-4.067325416243378
6655							S01020136			55.76746573039147	-4.058708354387063
6656							S01020137			55.7702826757008	-4.059542482786363
6657							S01020138			55.77204978057744	-4.065630288367577
6658							S01020139			55.774787188368634	-4.058887391915888
6659							S01020140			55.77882593799168	-4.0618908940997525
6660							S01020141			55.77863466647017	-4.048072026775614
6661							S01020142			55.78391614012238	-4.049864131355962
6662							S01020143			55.7854402292286	-4.060294592893607
6663							S01020144			55.787149488129245	-4.066078641149362
6664							S01020145			55.789359532598304	-4.065589526958675
6665							S01020146			55.80023066378666	-4.0764399268166605
6666							S01020147			55.79998906820318	-4.063041202091401
6667							S01020148			55.80382003653067	-4.065030932599928
6668							S01020149			55.80437885716817	-4.0718738772205585
6669							S01020150			55.80513398519477	-4.085142086073747
6670							S01020151			55.8158522996416	-4.090088825865021
6671							S01020152			55.807992915801634	-4.061645453489986
6672							S01020153			55.80796184865276	-4.068840771691516
6673							S01020154			55.81059541982918	-4.073081962973243
6674							S01020155			55.81005123817403	-4.069111233635286
6675							S01020156			55.81976054726395	-4.0731704335198025
6676							S01020157			55.817083620385546	-4.070968984867235
6677							S01020158			55.81795031228518	-4.07925140461181
6678							S01020159			55.819605927049096	-4.083378305225801
6679							S01020160			55.82020546449453	-4.078222416540347
6680							S01020161			55.8216769360367	-4.087910974655701
6681							S01020162			55.823260661797256	-4.079838127426455
6682							S01020163			55.82477465675245	-4.092834566531063
6683							S01020164			55.82500320127208	-4.118854055565094
6684							S01020165			55.82544801946449	-4.123284717924318
6685							S01020166			55.82819976849025	-4.1273465496162
6686							S01020167			55.83028696981685	-4.128258936103227
6687							S01020168			55.82324324378335	-4.133318011143523
6688							S01020169			55.82544306661069	-4.130325221094873
6689							S01020170			55.80932787463869	-4.12676322368416
6690							S01020171			55.80910920530149	-4.132640079497231
6691							S01020172			55.811455722231564	-4.135178405134849
6692							S01020173			55.812347038320404	-4.1262736141260055
6693							S01020174			55.8146195798035	-4.13670845209093
6694							S01020175			55.81667651602007	-4.136773361122869
6695							S01020176			55.81489869180202	-4.142358066776509
6696							S01020177			55.81450635607266	-4.127173518543263
6697							S01020178			55.822881862451155	-4.143244107529267
6698							S01020179			55.81398612458424	-4.145212771981855
6699							S01020180			55.81573002658871	-4.150847454752951
6700							S01020181			55.81784775742252	-4.141769987362501
6701							S01020182			55.81688345138518	-4.158365464818062
6702							S01020183			55.81901512250783	-4.155195173299715
6703							S01020184			55.81993371056675	-4.146354392924881
6704							S01020185			55.82094960011527	-4.129281314937127
6705							S01020186			55.821168648100794	-4.139957086840519
6706							S01020187			55.80777513319185	-4.138040773953845
6707							S01020188			55.810093276213124	-4.142716318844562
6708							S01020189			55.8092040393692	-4.153998268191843
6709							S01020190			55.81273216624652	-4.15216630586743
6710							S01020191			55.813734014498664	-4.160122280392699
6711							S01020192			55.81588805283118	-4.162332696087779
6712							S01020193			55.805927860310746	-4.174689935442287
6713							S01020194			55.80763740061982	-4.177625925563022
6714							S01020195			55.80789477005303	-4.181358661622126
6715							S01020196			55.80898132056286	-4.165141264639242
6716							S01020197			55.80824256456762	-4.162179788605964
6717							S01020198			55.81008636787707	-4.176869033260748
6718							S01020199			55.81388147985602	-4.169611284215783
6719							S01020200			55.815690369236286	-4.1811566179910535
6720							S01020201			55.81887009599345	-4.177200189117266
6721							S01020202			55.82039289182106	-4.168840497904797
6722							S01020203			55.822206355573606	-4.16640312593145
6723							S01020204			55.817344847174574	-4.186676483897327
6724							S01020205			55.819775297448764	-4.182917808941671
6725							S01020206			55.82168656467054	-4.18763856349648
6726							S01020207			55.82165828533702	-4.191244883702932
6727							S01020208			55.82423847069734	-4.202262353832982
6728							S01020209			55.825056747715124	-4.197215584001505
6729							S01020210			55.824817995683794	-4.207531797731359
6730							S01020211			55.8260501009568	-4.207984796789845
6731							S01020212			55.82529481111215	-4.187394159657617
6732							S01020213			55.82375767486121	-4.177792667667377
6733							S01020214			55.82742566241858	-4.203448419186956
6734							S01020215			55.82933961211216	-4.2099755620216195
6735							S01020216			55.83321022851032	-4.206634102141888
6736							S01020217			55.823508671568966	-4.214370454736711
6737							S01020218			55.82488684209329	-4.213698402545061
6738							S01020219			55.82648263144758	-4.2159125867463505
6739							S01020220			55.82792193413982	-4.213343966077792
6740							S01020221			55.82924039932167	-4.216484612781272
6741							S01020222			55.823248398579494	-4.2198316281411845
6742							S01020223			55.82359515548957	-4.2245131869614605
6743							S01020224			55.8264384207047	-4.227309967025268
6744							S01020225			55.82787169145555	-4.222106889697704
6745							S01020226			55.82887428179049	-4.225804612965055
6746							S01020227			55.81925708928526	-4.218391052021541
6747							S01020228			55.81954420175048	-4.22736287579298
6748							S01020229			55.821100964548016	-4.232209159618177
6749							S01020230			55.82305553683106	-4.229990261559907
6750							S01020231			55.81278862357138	-4.209276442749388
6751							S01020232			55.81487417162435	-4.212746586253795
6752							S01020233			55.814629397043014	-4.225805091005429
6753							S01020234			55.81578758106435	-4.221896719057187
6754							S01020235			55.81700321797055	-4.1902169109534615
6755							S01020236			55.81298013185822	-4.185489866063628
6756							S01020237			55.81784593919923	-4.199394939042778
6757							S01020238			55.81758143257544	-4.207632657588237
6758							S01020239			55.82050607792901	-4.202913443360449
6759							S01020240			55.80835841947428	-4.188645876464867
6760							S01020241			55.809348177408886	-4.194127606202269
6761							S01020242			55.81058182420185	-4.189457014099848
6762							S01020243			55.81106420318142	-4.200193247897891
6763							S01020244			55.81356317841056	-4.19664735140811
6764							S01020245			55.814905233064714	-4.205517792725939
6765							S01020246			55.80996441158484	-4.20839818342695
6766							S01020247			55.80474220424961	-4.195384307975355
6767							S01020248			55.80494881589254	-4.188837425231998
6768							S01020249			55.805944111868946	-4.186946452533637
6769							S01020250			55.80643769164677	-4.208102639828427
6770							S01020251			55.80759873766022	-4.204003225323405
6771							S01020252			55.739509280077165	-4.223436821107378
6772							S01020253			55.74154024031346	-4.222453094697106
6773							S01020254			55.741627395975044	-4.217630753895606
6774							S01020255			55.7393269831158	-4.212131551078722
6775							S01020256			55.73655739505911	-4.196698333036059
6776							S01020257			55.742592086509106	-4.1712122416659785
6777							S01020258			55.7551749558463	-4.1543659328492195
6778							S01020259			55.78423931065667	-4.113546062462426
6779							S01020260			55.77361831678901	-4.102432412508448
6780							S01020261			55.77998704809612	-4.1457520397278795
6781							S01020262			55.777303474638664	-4.171117997688045
6782							S01020263			55.77812463876781	-4.166858225502376
6783							S01020264			55.80728750267102	-4.1489931986324216
6784							S01020265			55.80419420631885	-4.177178272260748
6785							S01020266			55.77392070618149	-4.139567179044289
6786							S01020267			55.7762340441108	-4.1378123194956755
6787							S01020268			55.77735900070556	-4.139787396582566
6788							S01020269			55.77759815505264	-4.147709735917547
6789							S01020270			55.77913909015302	-4.141814459655402
6790							S01020271			55.77282101340518	-4.147989202890169
6791							S01020272			55.77225528120222	-4.152581815016448
6792							S01020273			55.77504286863033	-4.15659410652728
6793							S01020274			55.77516712884999	-4.149505432628621
6794							S01020275			55.77782885959771	-4.154037094162856
6795							S01020276			55.7685077618298	-4.162291462996019
6796							S01020277			55.77135097541369	-4.156485964624878
6797							S01020278			55.77169796645112	-4.161798397689111
6798							S01020279			55.77288565072903	-4.166312528619642
6799							S01020280			55.77416478167601	-4.175806528839259
6800							S01020281			55.77298931473355	-4.170112924453774
6801							S01020282			55.761944139260656	-4.152220958976164
6802							S01020283			55.762847494005364	-4.146309154023235
6803							S01020284			55.76523006457651	-4.1524179468984945
6804							S01020285			55.76452194040223	-4.15743212074534
6805							S01020286			55.76659497277463	-4.142720999434793
6806							S01020287			55.76720765948785	-4.157006551757196
6807							S01020288			55.767533686514156	-4.1476347622215854
6808							S01020289			55.76851755709002	-4.151499060287999
6809							S01020290			55.756264424661964	-4.150664869507524
6810							S01020291			55.75811763101895	-4.157731923035025
6811							S01020292			55.758206650243665	-4.159824736436368
6812							S01020293			55.75993311602329	-4.161306862458497
6813							S01020294			55.7600473552911	-4.155320173594706
6814							S01020295			55.761136829641856	-4.161851635502884
6815							S01020296			55.76289397235487	-4.156991530206145
6816							S01020297			55.76482378481794	-4.173947342761969
6817							S01020298			55.76847713535045	-4.172173868196856
6818							S01020299			55.769962304760426	-4.179653732917796
6819							S01020300			55.771733888937625	-4.175033401934984
6820							S01020301			55.76365844319163	-4.181374214087209
6821							S01020302			55.76304347224325	-4.188656205701124
6822							S01020303			55.765358475502744	-4.183318249715789
6823							S01020304			55.766276285410044	-4.193842891953913
6824							S01020305			55.770368259550416	-4.190676931196588
6825							S01020306			55.77112835877961	-4.191899377048805
6826							S01020307			55.77216593730026	-4.182088489264103
6827							S01020308			55.77419058348363	-4.191034880616438
6828							S01020309			55.76399861214623	-4.19757249436079
6829							S01020310			55.76597643843369	-4.199548901486335
6830							S01020311			55.772168815977	-4.19905276901123
6831							S01020312			55.773724593240814	-4.217492800324448
6832							S01020313			55.77438379923635	-4.199831285395906
6833							S01020314			55.77540764914627	-4.211879937138582
6834							S01020315			55.752257571152974	-4.23015454473785
6835							S01020316			55.755616974174515	-4.233725165691454
6836							S01020317			55.75837275677506	-4.226487220637561
6837							S01020318			55.75640814171073	-4.239141508236003
6838							S01020319			55.75892647937074	-4.235093972973539
6839							S01020320			55.761540671652526	-4.250912699072495
6840							S01020321			55.77105309219796	-4.245322713997161
6841							S01020322			55.75933348857869	-4.218094240492985
6842							S01020323			55.759713736446805	-4.208966786454082
6843							S01020324			55.761965423798515	-4.211198226864738
6844							S01020325			55.75233828781968	-4.224214944705859
6845							S01020326			55.754791841717385	-4.226203388636762
6846							S01020327			55.746199253673545	-4.221762152368525
6847							S01020328			55.74760791805379	-4.216918623480889
6848							S01020329			55.74967693434235	-4.214821113749922
6849							S01020330			55.75022361867193	-4.22286751948429
6850							S01020331			55.754262590847276	-4.22167898190748
6851							S01020332			55.7374435386141	-4.2049201766040865
6852							S01020333			55.73683631612751	-4.212197659329726
6853							S01020334			55.739822335919236	-4.197057118024608
6854							S01020335			55.739712728324925	-4.205175662509711
6855							S01020336			55.741657846188055	-4.2054606852337715
6856							S01020337			55.74226026003591	-4.212441005316084
6857							S01020338			55.74433351510845	-4.217083324742479
6858							S01020339			55.74513753492821	-4.210373342339806
6859							S01020340			55.743400822225794	-4.187412316514344
6860							S01020341			55.74384016057642	-4.194016980057493
6861							S01020342			55.74539445290786	-4.191029261072118
6862							S01020343			55.74837929333035	-4.188456124687445
6863							S01020344			55.75259004003615	-4.189711968247239
6864							S01020345			55.74846598060956	-4.184095050533167
6865							S01020346			55.74464338671843	-4.20135926706376
6866							S01020347			55.74826418822887	-4.203427677751709
6867							S01020348			55.7476219433511	-4.209159549024867
6868							S01020349			55.74807072355998	-4.201185980676833
6869							S01020350			55.748833951437945	-4.197213570455533
6870							S01020351			55.75132962139322	-4.201385554713967
6871							S01020352			55.75266517369777	-4.193556676347646
6872							S01020353			55.75299429504623	-4.196762315991698
6873							S01020354			55.752812209148274	-4.2074132471419405
6874							S01020355			55.7560468670502	-4.196439897389947
6875							S01020356			55.7551662488391	-4.203450394056391
6876							S01020357			55.75860313649187	-4.200743423432028
6877							S01020358			55.75844357654748	-4.196606520020597
6878							S01020359			55.76065715244722	-4.190929272818126
6879							S01020360			55.76162822950141	-4.203958378063038
6880							S01020361			55.75408452333836	-4.183516880584346
6881							S01020362			55.75658933838198	-4.1776008444685955
6882							S01020363			55.75713623136255	-4.1903015045859275
6883							S01020364			55.75779564316171	-4.184569072540098
6884							S01020365			55.75682843298694	-4.174761433822986
6885							S01020366			55.74225998622196	-4.176260002960429
6886							S01020367			55.74473255566709	-4.178230094820422
6887							S01020368			55.748841467256284	-4.180164370383859
6888							S01020369			55.75077226140834	-4.171635449953988
6889							S01020370			55.751169201995545	-4.168502387612731
6890							S01020371			55.753813380710014	-4.173477938315678
6891							S01020372			56.0457162913897	-4.466793735968812
6892							S01020373			56.04137284056627	-4.3790926680356295
6893							S01020374			56.04232339715905	-4.370802085776808
6894							S01020375			56.042194174506534	-4.369108284561041
6895							S01020376			55.98962717744215	-4.319438964671532
6896							S01020377			55.986430786555694	-4.312096824144733
6897							S01020378			55.98317106633107	-4.306675884609162
6898							S01020379			56.06822619115222	-4.450317510761275
6899							S01020380			56.06446455401309	-4.450560710995138
6900							S01020381			56.069759531610686	-4.3398703292756835
6901							S01020382			56.069539639407125	-4.335824138583586
6902							S01020383			56.07098632454852	-4.332039363533943
6903							S01020384			56.11638004320302	-4.293234459513485
6904							S01020385			56.05574294152834	-4.224070972703706
6905							S01020386			56.12787964992549	-4.1752638862602005
6906							S01020387			56.124484590811846	-4.175152591614495
6907							S01020388			56.125607183744904	-4.08455093862694
6908							S01020389			56.10800428227001	-3.9745009281500345
6909							S01020390			56.11187671035149	-3.9677994438483033
6910							S01020391			56.10693259099572	-3.966759316071557
6911							S01020392			56.10770841964941	-3.9626177089282026
6912							S01020393			56.10874885052207	-3.9559484141608645
6913							S01020394			56.11241930817673	-3.9625035053664166
6914							S01020395			56.095818043317415	-3.9485241498500065
6915							S01020396			56.064491905558505	-3.8772425401929222
6916							S01020397			56.064866589094585	-3.87150995927697
6917							S01020398			56.099049006662966	-3.848939159661437
6918							S01020399			56.08077676106728	-3.8670586971291123
6919							S01020400			56.08251011393978	-3.8641533455113874
6920							S01020401			56.08505207174014	-3.8654172891954666
6921							S01020402			56.0862156748441	-3.8692827712740874
6922							S01020403			56.10302922006692	-3.868071837213318
6923							S01020404			56.10577503817429	-3.8724823906768564
6924							S01020405			56.10633401881353	-3.87709264611441
6925							S01020406			56.104517739514975	-3.87893384963786
6926							S01020407			56.09134527705838	-3.9063749463517015
6927							S01020408			56.08930728432891	-3.9074154738530495
6928							S01020409			56.08594199626381	-3.9071204877957935
6929							S01020410			56.08886254147145	-3.912344229635863
6930							S01020411			56.08966050114839	-3.915357526672521
6931							S01020412			56.08823468482834	-3.9255576699463997
6932							S01020413			56.091484911762045	-3.9257360848073612
6933							S01020414			56.09231143343991	-3.9292013906271075
6934							S01020415			56.09500161755508	-3.924963210983891
6935							S01020416			56.09398402696738	-3.918176585633112
6936							S01020417			56.10052202288311	-3.914964504625675
6937							S01020418			56.102222533027714	-3.920033598089642
6938							S01020419			56.10389625394357	-3.9268063003252616
6939							S01020420			56.09842045330564	-3.928156551732189
6940							S01020421			56.09713849520698	-3.9296840944048816
6941							S01020422			56.095384823217735	-3.9314933596396164
6942							S01020423			56.09981745711808	-3.934207633861844
6943							S01020424			56.09619228717676	-3.939025620539361
6944							S01020425			56.101008912070995	-3.939026746184749
6945							S01020426			56.101436434781185	-3.94383980624777
6946							S01020427			56.0972708628081	-3.94244002580235
6947							S01020428			56.10061776215442	-3.9461781887193927
6948							S01020429			56.10040034549866	-3.9497045186533284
6949							S01020430			56.106841829121564	-3.9446912809773296
6950							S01020431			56.105662781323694	-3.9373793402968493
6951							S01020432			56.10689088483567	-3.948987488526784
6952							S01020433			56.11198046679507	-3.9396589304153764
6953							S01020434			56.11597274280472	-3.9440900911223027
6954							S01020435			56.106585175935535	-3.9284040835324814
6955							S01020436			56.110470140643436	-3.929949338774065
6956							S01020437			56.110892426648505	-3.9276545061122246
6957							S01020438			56.11773629215643	-3.9376642323803948
6958							S01020439			56.12109226323562	-3.9414202713483086
6959							S01020440			56.121796582187564	-3.9406352643481934
6960							S01020441			56.12403189370131	-3.941359106119819
6961							S01020442			56.12561972167738	-3.9392509326764924
6962							S01020443			56.127363620004864	-3.9557501152575463
6963							S01020444			56.13519632036845	-3.961651272430521
6964							S01020445			56.13042212362259	-3.952719273479698
6965							S01020446			56.130609130690765	-3.9494139984116776
6966							S01020447			56.130175613231934	-3.9432775298270255
6967							S01020448			56.13195963250601	-3.9349676183665694
6968							S01020449			56.134215740786104	-3.939522429556774
6969							S01020450			56.137693719583936	-3.9400837676804104
6970							S01020451			56.13759044614197	-3.9477875890882332
6971							S01020452			56.13662093704025	-3.925368422005845
6972							S01020453			56.13621998339858	-3.9332020383218596
6973							S01020454			56.137524185007244	-3.935424081698923
6974							S01020455			56.14494309029209	-3.9436845222425085
6975							S01020456			56.14722810001046	-3.9435262503638495
6976							S01020457			56.15031260752182	-3.9450987646612266
6977							S01020458			56.15447425507895	-3.945035411662275
6978							S01020459			56.153546351862445	-3.933734141950334
6979							S01020460			56.15812685482953	-3.948762640769407
6980							S01020461			56.15317777396273	-3.953165051025684
6981							S01020462			56.1243610801025	-3.932977460141615
6982							S01020463			56.12179482350796	-3.9332992868278023
6983							S01020464			56.12398831092867	-3.927504775474734
6984							S01020465			56.14073219915544	-3.9018815359205212
6985							S01020466			56.19039299818923	-3.948416361547302
6986							S01020467			56.19453693346716	-3.9500448799772334
6987							S01020468			56.197788943555246	-3.952386050912902
6988							S01020469			56.20172227131817	-3.957099825517983
6989							S01020470			56.1968549903171	-3.9614296233700643
6990							S01020471			56.19232197666359	-3.9628099192735755
6991							S01020472			56.187659740935146	-3.9553361563122205
6992							S01020473			56.185122294333134	-3.9696935129953728
6993							S01020474			56.18205583004534	-3.971518240825271
6994							S01020475			56.18371846789459	-3.977694394946299
6995							S01020476			56.18824117895417	-3.97921636609139
6996							S01020477			56.19205413328886	-3.9756736376439616
6997							S01020478			56.18976176032794	-4.050753278036678
6998							S01020479			56.192834373739686	-4.05296420537677
6999							S01020480			56.18766295497834	-4.058618347711999
7000							S01020481			56.191116369531	-4.076725271257945
7001							S01020482			56.17416955806798	-4.153266107908632
7002							S01020483			56.153099652063425	-4.047333655657032
7003							S01020484			56.18000546679321	-4.313158428787168
7004							S01020485			56.24016543485496	-4.20288257881968
7005							S01020486			56.23932370053258	-4.194119918805765
7006							S01020487			56.23563629154636	-4.21047508931694
7007							S01020488			56.24378126702859	-4.212774012269076
7008							S01020489			56.24129184839889	-4.217794682964751
7009							S01020490			56.17900815530506	-4.383125147710266
7010							S01020491			56.18840433913496	-4.490001256341003
7011							S01020492			56.355943583083004	-4.336174271807126
7012							S01020493			56.46544629282162	-4.318595651965199
7013							S01020494			56.39953790939312	-4.572657088991414
7014							S01020495			55.89776252775526	-4.398427006040124
7015							S01020496			55.896818864028525	-4.389187035430911
7016							S01020497			55.89594141293176	-4.383918503458655
7017							S01020498			55.898375754135735	-4.383987900837671
7018							S01020499			55.899148015285384	-4.387730586580664
7019							S01020500			55.89642859009507	-4.396313179703399
7020							S01020501			55.900230536219844	-4.396307751369261
7021							S01020502			55.90937114849982	-4.405976502544616
7022							S01020503			55.907158949954365	-4.4202397815933745
7023							S01020504			55.908894508777465	-4.4224761056071
7024							S01020505			55.91017548727417	-4.4267964697875914
7025							S01020506			55.907845813639184	-4.399401744765758
7026							S01020507			55.905743431683064	-4.392439979292645
7027							S01020508			55.90250978176546	-4.387713265766074
7028							S01020509			55.90233806158633	-4.382663259742831
7029							S01020510			55.907263573261616	-4.388677554589398
7030							S01020511			55.90994561415565	-4.392650875987307
7031							S01020512			55.91183188720438	-4.397327741473045
7032							S01020513			55.911983248929644	-4.407066501191598
7033							S01020514			55.91137075159925	-4.40805266497794
7034							S01020515			55.910727279543046	-4.414285486749448
7035							S01020516			55.916350225225834	-4.416747737079433
7036							S01020517			55.917696687289165	-4.413630612905569
7037							S01020518			55.916439779820735	-4.408975254454269
7038							S01020519			55.9149761536217	-4.402931094789909
7039							S01020520			55.920548751143215	-4.406141128360598
7040							S01020521			55.91994260869557	-4.4187160310656814
7041							S01020522			55.922246507149794	-4.405269976811455
7042							S01020523			55.924813948613746	-4.410935743293137
7043							S01020524			55.92632328726495	-4.3999357720802434
7044							S01020525			55.92735101524368	-4.397469968789833
7045							S01020526			55.92693181813966	-4.3857419101415465
7046							S01020527			55.930641051547006	-4.389123930964561
7047							S01020528			55.93019283893255	-4.393226855451089
7048							S01020529			55.92970952749501	-4.399584875618817
7049							S01020530			55.929787754878426	-4.4070822568547126
7050							S01020531			55.92712327947572	-4.4118796542294
7051							S01020532			55.92817715846925	-4.419085221486855
7052							S01020533			55.92632493822088	-4.418665594685982
7053							S01020534			55.92542529344888	-4.423732076195325
7054							S01020535			55.92724209298643	-4.428680200369882
7055							S01020536			55.91516499763276	-4.421715122433911
7056							S01020537			55.91245298925177	-4.418857519362205
7057							S01020538			55.911234465733976	-4.4300630779122185
7058							S01020539			55.91289378011308	-4.4320552762410985
7059							S01020540			55.91234734178695	-4.437413885055939
7060							S01020541			55.9147066215486	-4.44036262526454
7061							S01020542			55.91625433540231	-4.432553909706455
7062							S01020543			55.92023742397967	-4.4352044208313215
7063							S01020544			55.91715187151221	-4.443957324619736
7064							S01020545			55.9175330867409	-4.449646969164458
7065							S01020546			55.92006279829198	-4.449438522454295
7066							S01020547			55.92206102203836	-4.447483804464981
7067							S01020548			55.92383439875577	-4.456367632917261
7068							S01020549			55.92652595445504	-4.465598765240173
7069							S01020550			55.931114481483725	-4.486367599965173
7070							S01020551			55.936639567512174	-4.521404981748258
7071							S01020552			55.94372945105064	-4.53767327744236
7072							S01020553			55.94173155728407	-4.542154807496101
7073							S01020554			55.94463981043203	-4.548864026282473
7074							S01020555			55.947846512319444	-4.540697748857886
7075							S01020556			55.958427283064445	-4.555811027402541
7076							S01020557			55.956182934974535	-4.553516210202469
7077							S01020558			55.95462319148598	-4.548975833992944
7078							S01020559			55.95079636092052	-4.54713834422144
7079							S01020560			55.949613706039116	-4.553900403057449
7080							S01020561			55.947711387744604	-4.551580692150197
7081							S01020562			55.94270355835453	-4.567650923903733
7082							S01020563			55.94374434380522	-4.5608330298595545
7083							S01020564			55.94768599562445	-4.562326744002572
7084							S01020565			55.94886383718007	-4.55755115034951
7085							S01020566			55.95365885090744	-4.562096807498872
7086							S01020567			55.953985335252405	-4.55849784853059
7087							S01020568			55.936951275220274	-4.546004924848974
7088							S01020569			55.940056663627175	-4.544046817126245
7089							S01020570			55.94116432150763	-4.550461261704229
7090							S01020571			55.93949780183339	-4.55714164208538
7091							S01020572			55.942230765694106	-4.557978452241926
7092							S01020573			55.9436632116856	-4.577644388684568
7093							S01020574			55.9460266766561	-4.582382411063992
7094							S01020575			55.944435291038474	-4.585832030288804
7095							S01020576			55.94965127687498	-4.593388349626437
7096							S01020577			55.948445241738504	-4.5998590319414046
7097							S01020578			55.95121268913686	-4.602880081947115
7098							S01020579			55.95044617758948	-4.596613273909305
7099							S01020580			55.951064996265316	-4.5872835484498635
7100							S01020581			55.96611817987515	-4.582663847509991
7101							S01020582			55.97601200964953	-4.582762495190597
7102							S01020583			55.98254243360297	-4.582091856402552
7103							S01020584			55.98711642289509	-4.583423096980224
7104							S01020585			55.98008516179729	-4.573239183680484
7105							S01020586			55.973522047909654	-4.569020446985479
7106							S01020587			55.97129067135602	-4.569994375433577
7107							S01020588			55.97238285056318	-4.584379761853892
7108							S01020589			55.97238516563335	-4.554536181241119
7109							S01020590			55.956655882049226	-4.566652701482889
7110							S01020591			55.97464744411765	-4.558997074086234
7111							S01020592			55.97626172876554	-4.560466223369013
7112							S01020593			55.97651098114511	-4.56317563309741
7113							S01020594			55.979702423750616	-4.556653999025418
7114							S01020595			55.98172463036559	-4.557957820305767
7115							S01020596			55.98078367640831	-4.564740952862893
7116							S01020597			55.98166833130226	-4.563693376884823
7117							S01020598			55.987716255872066	-4.579246130340198
7118							S01020599			55.98534934023094	-4.569067704372962
7119							S01020600			55.99039876841578	-4.567863428731545
7120							S01020601			55.989279159371804	-4.5711243987421
7121							S01020602			55.99252028656027	-4.580752928155947
7122							S01020603			55.989718329183496	-4.581929099041697
7123							S01020604			55.994491917821065	-4.592158578015965
7124							S01020605			55.996129075520436	-4.588675712232747
7125							S01020606			55.99830749277749	-4.592366031833439
7126							S01020607			55.998789299625486	-4.5839777935405825
7127							S01020608			56.00191284564017	-4.586752845853564
7128							S01020609			56.000777685481786	-4.576154914427716
7129							S01020610			56.00502161574897	-4.573068835173474
7130							S01020611			55.99823935364487	-4.572890487908289
7131							S01020612			56.000743299606725	-4.56530986390372
7132							S01020613			56.002856775915234	-4.561359694942638
7133							S01020614			56.00429879055188	-4.568080113587024
7134							S01020615			56.008954148687025	-4.576282349958653
7135							S01020616			56.04217259538261	-4.52596003085752
7136							S01020617			55.825462662015404	-3.712769538101994
7137							S01020618			55.82634858887383	-3.7085141697237964
7138							S01020619			55.82656577248714	-3.69867385171511
7139							S01020620			55.8285347236408	-3.6914318469223373
7140							S01020621			55.82970778424137	-3.7008544530670955
7141							S01020622			55.83040446044867	-3.703758696287644
7142							S01020623			55.832998298745125	-3.700742698993077
7143							S01020624			55.835748956833164	-3.6492069481603626
7144							S01020625			55.84262184806875	-3.6250148064982657
7145							S01020626			55.84270882097288	-3.6448382794257697
7146							S01020627			55.84486318777022	-3.6369274648114938
7147							S01020628			55.84885913366249	-3.6269843564349276
7148							S01020629			55.84393289253526	-3.615534637420929
7149							S01020630			55.84937360188677	-3.5799318601895087
7150							S01020631			55.85007456166814	-3.572915893281609
7151							S01020632			55.85023310551791	-3.5689448261575683
7152							S01020633			55.85194474567438	-3.562959500494008
7153							S01020634			55.85915082070798	-3.552368333580987
7154							S01020635			55.8617226688553	-3.5529342975226537
7155							S01020636			55.863989551026755	-3.5477515625594496
7156							S01020637			55.85717168109849	-3.5730589863100675
7157							S01020638			55.86311376850635	-3.538049426432577
7158							S01020639			55.86762703916401	-3.5154072605800333
7159							S01020640			55.871497107389956	-3.530165848767612
7160							S01020641			55.87434308024369	-3.5281999482233317
7161							S01020642			55.87437153195202	-3.5237257319360626
7162							S01020643			55.875465531883165	-3.518813634720826
7163							S01020644			55.86964995194603	-3.538499538639493
7164							S01020645			55.86595197384547	-3.5127852056828606
7165							S01020646			55.86677298318771	-3.5081189180701045
7166							S01020647			55.87075156241003	-3.512684239663913
7167							S01020648			55.873025375853494	-3.507514345757663
7168							S01020649			55.87538691605609	-3.498814773052334
7169							S01020650			55.87896727720582	-3.4940452362231618
7170							S01020651			55.865625269583575	-3.502034045538506
7171							S01020652			55.87759315420812	-3.5087304908017662
7172							S01020653			55.87902529299318	-3.5084503880729616
7173							S01020654			55.88155332626773	-3.5096675423439843
7174							S01020655			55.88037629219757	-3.5015649860248184
7175							S01020656			55.88219093807485	-3.496439320103195
7176							S01020657			55.883883725352156	-3.5020522170435493
7177							S01020658			55.885046500396506	-3.503232257420715
7178							S01020659			55.88314179190541	-3.4891696794832145
7179							S01020660			55.88453474313663	-3.484698414456298
7180							S01020661			55.886420790996645	-3.495163133362279
7181							S01020662			55.88762256638136	-3.490172709527254
7182							S01020663			55.89358674629673	-3.4821974986445854
7183							S01020664			55.88808959444329	-3.4288401115956786
7184							S01020665			55.88848748623493	-3.417742452536165
7185							S01020666			55.89028193543411	-3.416416764297131
7186							S01020667			55.890667444713294	-3.4588041023387635
7187							S01020668			55.887742418080904	-3.4569196275717418
7188							S01020669			55.88735605632975	-3.461462019546483
7189							S01020670			55.887456381140794	-3.4643598034966216
7190							S01020671			55.89114573577946	-3.4676968107349855
7191							S01020672			55.8937956913239	-3.461735988365527
7192							S01020673			55.89638155050573	-3.4619131733256205
7193							S01020674			55.90184363340006	-3.4445243409775435
7194							S01020675			55.90059444850934	-3.4574972134901603
7195							S01020676			55.90296546650116	-3.4400394588817336
7196							S01020677			55.902186280895904	-3.4513028603226443
7197							S01020678			55.90594391575925	-3.4924909587916657
7198							S01020679			55.90726110239089	-3.495021174240268
7199							S01020680			55.90955212894358	-3.492837668276127
7200							S01020681			55.91688644008312	-3.5052488214482675
7201							S01020682			55.91783729932189	-3.498757138665448
7202							S01020683			55.89313221686567	-3.4945097027520657
7203							S01020684			55.89628133577261	-3.491959920172509
7204							S01020685			55.89856788641123	-3.5026995404186847
7205							S01020686			55.89762959412021	-3.4993206809845554
7206							S01020687			55.89970004485209	-3.4938504870263065
7207							S01020688			55.90119720109456	-3.490437154658987
7208							S01020689			55.893611572983595	-3.4986860014227426
7209							S01020690			55.889425483917826	-3.5220612613552564
7210							S01020691			55.89107904478828	-3.5110768390810696
7211							S01020692			55.8918841316464	-3.506966583587727
7212							S01020693			55.89506092707636	-3.5095204660831816
7213							S01020694			55.89364952472314	-3.51250401447618
7214							S01020695			55.883025312782216	-3.5324098995551085
7215							S01020696			55.88577003932342	-3.5535904604557977
7216							S01020697			55.88694363652447	-3.539583287495768
7217							S01020698			55.888580732035074	-3.5372976792382347
7218							S01020699			55.88857465147023	-3.5492414731661737
7219							S01020700			55.891762788694024	-3.5436758425951855
7220							S01020701			55.89357554837337	-3.5438598074086793
7221							S01020702			55.892287004962334	-3.533366619496154
7222							S01020703			55.894829442371865	-3.533402987923936
7223							S01020704			55.89524292534922	-3.5420230115676588
7224							S01020705			55.89831972569796	-3.5388505203216596
7225							S01020706			55.89821521698524	-3.5500416978397036
7226							S01020707			55.89644911576971	-3.527421829419336
7227							S01020708			55.89596606792051	-3.519966538318942
7228							S01020709			55.89971969296171	-3.5274384366893887
7229							S01020710			55.898762512967345	-3.51177532338498
7230							S01020711			55.89857041485296	-3.5193646782138583
7231							S01020712			55.901535283062145	-3.515753892296564
7232							S01020713			55.90344923025007	-3.5172201835567507
7233							S01020714			55.90049043137271	-3.531947081586382
7234							S01020715			55.902345490866	-3.538114356075821
7235							S01020716			55.90273383315939	-3.533635111972422
7236							S01020717			55.9049973167737	-3.525022718587687
7237							S01020718			55.90669706275595	-3.519090713588582
7238							S01020719			55.909093806096585	-3.5243837702065974
7239							S01020720			55.91088204543456	-3.5251099721571575
7240							S01020721			55.89958275207388	-3.5420353546384185
7241							S01020722			55.90419576181408	-3.5695074755590372
7242							S01020723			55.907836495020916	-3.565159460855903
7243							S01020724			55.8997364674086	-3.5633294372313835
7244							S01020725			55.899901275763646	-3.555994792939822
7245							S01020726			55.90220568015388	-3.56630798315819
7246							S01020727			55.90325286190983	-3.560975767890825
7247							S01020728			55.905438010504405	-3.555880841888509
7248							S01020729			55.90779235585908	-3.5437373062713555
7249							S01020730			55.91224527783161	-3.537610842551836
7250							S01020731			55.90105530197394	-3.5514186340527485
7251							S01020732			55.90328459738844	-3.552067582463907
7252							S01020733			55.90467840876348	-3.539102579733961
7253							S01020734			55.90488610185026	-3.5454772536461108
7254							S01020735			55.87978427269173	-3.5881527395685655
7255							S01020736			55.87743792507036	-3.5896235388391364
7256							S01020737			55.877546548839	-3.615779583750538
7257							S01020738			55.87183515535285	-3.6100124829892875
7258							S01020739			55.87224718674232	-3.619699217257539
7259							S01020740			55.87247727233026	-3.6288191528346805
7260							S01020741			55.87425436688553	-3.62830211449536
7261							S01020742			55.87571368519586	-3.6171261143879536
7262							S01020743			55.877018755026924	-3.627874268758037
7263							S01020744			55.87762652476639	-3.623359885479269
7264							S01020745			55.84340452367252	-3.678486633331931
7265							S01020746			55.8609013989607	-3.673153839838092
7266							S01020747			55.86381818264238	-3.6694602661109754
7267							S01020748			55.867141251713335	-3.6596308559786928
7268							S01020749			55.869850993451195	-3.66193589371899
7269							S01020750			55.86856496740319	-3.6726204479697566
7270							S01020751			55.86518844443505	-3.673769711054313
7271							S01020752			55.86478124301113	-3.6785940225970464
7272							S01020753			55.86295852839391	-3.6935675284845177
7273							S01020754			55.85945046612061	-3.6944693426248962
7274							S01020755			55.8622989902112	-3.7016400216486702
7275							S01020756			55.863502121851724	-3.687359315448727
7276							S01020757			55.86597598025831	-3.695664466711868
7277							S01020758			55.86721845153917	-3.68961397333177
7278							S01020759			55.86869173001888	-3.6830936113197232
7279							S01020760			55.85971500251925	-3.685022104341116
7280							S01020761			55.858129577093194	-3.6872701023226493
7281							S01020762			55.86158394073163	-3.708495455654059
7282							S01020763			55.85783474702792	-3.7086343970394156
7283							S01020764			55.862689927953504	-3.7411410995462306
7284							S01020765			55.86082932827587	-3.7456116548519343
7285							S01020766			55.89841660041957	-3.6949670862143127
7286							S01020767			55.89589560790826	-3.7083231201466096
7287							S01020768			55.89782608652337	-3.7116707231726225
7288							S01020769			55.900245548666526	-3.712161203809197
7289							S01020770			55.899951179053986	-3.7042309002861527
7290							S01020771			55.9021454192456	-3.6976090762079186
7291							S01020772			55.90138561151611	-3.707716806160606
7292							S01020773			55.90276763749646	-3.702658928869919
7293							S01020774			55.89783461327214	-3.6863051426576714
7294							S01020775			55.8854538265736	-3.7005257247689283
7295							S01020776			55.889431137972	-3.696222347801867
7296							S01020777			55.88918222853841	-3.6940688517564513
7297							S01020778			55.890240518681715	-3.7007349350783203
7298							S01020779			55.89261878612368	-3.701606542816919
7299							S01020780			55.89446552994562	-3.697369509958684
7300							S01020781			55.894921256667786	-3.6916801290610253
7301							S01020782			55.89616177546748	-3.6883756147584763
7302							S01020783			55.89436467790889	-3.6831161173330025
7303							S01020784			55.89135931145736	-3.654250961165776
7304							S01020785			55.88541738936903	-3.649729778787053
7305							S01020786			55.88704377066587	-3.6450339754972347
7306							S01020787			55.888553636081824	-3.645689362349169
7307							S01020788			55.88978179208639	-3.6425432653554988
7308							S01020789			55.88786226585626	-3.6307901608407294
7309							S01020790			55.88904127986102	-3.632006799538954
7310							S01020791			55.88960975556932	-3.625714577334478
7311							S01020792			55.89131829617188	-3.6194856237689423
7312							S01020793			55.89785793010718	-3.6073152165998796
7313							S01020794			55.90020782815001	-3.6049013272355634
7314							S01020795			55.899626866582686	-3.6019024772267603
7315							S01020796			55.90029468172272	-3.612006304888473
7316							S01020797			55.902234913438676	-3.614805922977731
7317							S01020798			55.89525848421449	-3.6136845796570123
7318							S01020799			55.90219855799945	-3.6079745997270214
7319							S01020800			55.89596557999279	-3.6289067404599815
7320							S01020801			55.899879298911976	-3.627183311973831
7321							S01020802			55.89921040981856	-3.6356159914458446
7322							S01020803			55.90233691717626	-3.6444328221827726
7323							S01020804			55.90468075117014	-3.644547990897193
7324							S01020805			55.90662529485708	-3.6422627452052283
7325							S01020806			55.904442948334506	-3.638795385883222
7326							S01020807			55.907921543422844	-3.63534266128262
7327							S01020808			55.90639797354772	-3.629615763062281
7328							S01020809			55.89554594597348	-3.6529735653641873
7329							S01020810			55.897388010427264	-3.654315246889696
7330							S01020811			55.89616910837178	-3.662083849656017
7331							S01020812			55.900368554340965	-3.659864096704887
7332							S01020813			55.901632928283455	-3.6600620599935283
7333							S01020814			55.90349545589129	-3.6545430966181605
7334							S01020815			55.90837588588913	-3.658478436021552
7335							S01020816			55.908910158741804	-3.649478361324285
7336							S01020817			55.88513169017705	-3.772411933052283
7337							S01020818			55.882267545831276	-3.765358728606195
7338							S01020819			55.88685721105848	-3.7548383349997367
7339							S01020820			55.929584128388505	-3.702538949815524
7340							S01020821			55.93416572998858	-3.656523267724843
7341							S01020822			55.92330432743244	-3.594349454449298
7342							S01020823			55.9693284315103	-3.622087469315806
7343							S01020824			55.97040591442055	-3.6159957074424263
7344							S01020825			55.97285199056607	-3.615168361979304
7345							S01020826			55.973397789963144	-3.6064097484659365
7346							S01020827			55.970663292936784	-3.604549803799997
7347							S01020828			55.968999683575184	-3.5998023041352543
7348							S01020829			55.97454032016901	-3.5952397431674172
7349							S01020830			55.97476715729129	-3.627379162369839
7350							S01020831			55.97582337193073	-3.6195069738995937
7351							S01020832			55.97580099347361	-3.6061087978669617
7352							S01020833			55.97759787239696	-3.6143887061862805
7353							S01020834			55.97766965075675	-3.626699824855736
7354							S01020835			55.97973604153871	-3.6246870855366033
7355							S01020836			55.979292091819296	-3.590515267876225
7356							S01020837			55.9792842457429	-3.583447138152349
7357							S01020838			55.98049697332336	-3.5778711622722073
7358							S01020839			55.98082560775272	-3.5718422321580783
7359							S01020840			55.98347721174035	-3.5767103405489546
7360							S01020841			55.963657571147984	-3.535885475119668
7361							S01020842			55.975686874320886	-3.5274363564738223
7362							S01020843			55.9621208145995	-3.4733480093627978
7363							S01020844			55.96186398006302	-3.4579112294405148
7364							S01020845			55.96783999135045	-3.4616608174911265
7365							S01020846			55.95811006667407	-3.4600126647490823
7366							S01020847			55.956109448854555	-3.465046876108122
7367							S01020848			55.95804680272348	-3.4713832024490707
7368							S01020849			55.95968234418283	-3.47588247459351
7369							S01020850			55.93388356316825	-3.4871473470486287
7370							S01020851			55.93417030620359	-3.4938978037231454
7371							S01020852			55.935204425903386	-3.490127584050054
7372							S01020853			55.93732451065061	-3.4901770392825138
7373							S01020854			55.93663162229584	-3.4783193322645656
7374							S01020855			55.93507009419469	-3.4982387743289385
7375							S01020856			55.93762109598633	-3.498321312576341
7376							S01020857			55.92009215430622	-3.5374578125025478
7377							S01020858			55.92631344427553	-3.5103522175569393
7378							S01020859			55.927455648653115	-3.4992410144306785
7379							S01020860			55.92982359222571	-3.5054949971440514
7380							S01020861			55.93118763879111	-3.510782156822694
7381							S01020862			55.93251056647585	-3.501069279927146
7382							S01020863			55.935519264397364	-3.503410907919467
7383							S01020864			55.9287657309575	-3.491256645705823
7384							S01020865			55.92998763987788	-3.486069518888239
7385							S01020866			55.931463338717116	-3.4799311612805353
7386							S01020867			55.93160495632563	-3.4756144715082447
7387							S01020868			55.93312942336497	-3.4706138235446597
7388							S01020869			55.93360758944792	-3.4659254311929883
7389							S01020870			55.935114913992756	-3.4804067461442783
7390							S01020871			55.93581938068663	-3.4711000722822107
7391							S01020872			55.93644550936323	-3.4615179728686076
7392							S01020873			55.93415367005204	-3.4600388359350407
