location_id	address_1	address_2	city	state	zip	county	location_source_value	country_concept_id	country_source_value	latitude	longitude
1							W01000003			53.41141392762353	-4.338028852089873
2							W01000004			53.402399774562106	-4.367671620140704
3							W01000005			53.272901276097336	-4.105741691502543
4							W01000006			53.26903162984295	-4.3893091316212125
5							W01000007			53.20625746340804	-4.383636788548152
6							W01000008			53.226150921962535	-4.200699700433781
7							W01000009			53.25957857010273	-4.441027058159434
8							W01000010			53.32085663482284	-4.246642753715969
9							W01000011			53.226375984350405	-4.169366987541621
10							W01000012			53.250381702502125	-4.306406890469461
11							W01000013			53.25788250806692	-4.1634279516672965
12							W01000014			53.26746783565909	-4.312949286203706
13							W01000015			53.22189961789503	-4.192101059997719
14							W01000016			53.30984375463089	-4.633771829641907
15							W01000017			53.29831774731561	-4.629844046616389
16							W01000018			53.412259446247965	-4.436232579970087
17							W01000019			53.306324122515264	-4.233821393767999
18							W01000021			53.37179525345232	-4.338179641382469
19							W01000022			53.345872491112345	-4.535210444305384
20							W01000023			53.29292944789135	-4.498983403636552
21							W01000024			53.25882056508922	-4.528561587838437
22							W01000025			53.228513170820634	-4.268196526935603
23							W01000026			53.30256316442752	-4.076549442901277
24							W01000027			53.193689525063405	-4.259254180580299
25							W01000028			53.331497958290555	-4.426912299326007
26							W01000029			53.30309047546556	-4.622706231854717
27							W01000030			53.30461502611803	-4.642833151527262
28							W01000031			53.38975967678562	-4.480434834979022
29							W01000033			53.307842156448125	-4.621559915468919
30							W01000034			53.314734688804215	-4.653837364498496
31							W01000035			53.287997077799865	-4.167566442109513
32							W01000036			53.31506552808562	-4.628640583090826
33							W01000037			53.315457503152174	-4.639152867251749
34							W01000038			53.16468487951963	-4.348599091868496
35							W01000040			53.296007000997335	-4.645103008866913
36							W01000041			53.258742916407584	-4.287758965408603
37							W01000042			53.23550048992553	-4.175302232511394
38							W01000044			53.29528398849181	-4.54165798011115
39							W01000047			52.92028629523603	-4.392242939098695
40							W01000050			53.197752951759796	-4.020881734756348
41							W01000051			52.910204965705915	-3.6027789954435416
42							W01000052			53.16865527466737	-4.206271568370952
43							W01000053			53.14845920859644	-4.195433655392952
44							W01000054			53.11780638589283	-4.278015494114229
45							W01000056			52.99336039642353	-3.9558226016989657
46							W01000057			52.787790937718434	-3.858024180024157
47							W01000059			53.14710169885299	-4.249068073983432
48							W01000060			52.715379091801516	-3.72428236537387
49							W01000061			52.9250549994077	-4.226763656163026
50							W01000062			53.225254057146586	-4.127207704320277
51							W01000063			53.139546740363905	-4.110185782872983
52							W01000064			53.212283839336315	-4.1484643263608145
53							W01000065			52.99709993210587	-3.917513615410313
54							W01000066			52.97950003036341	-4.201513007191305
55							W01000067			52.73166081290821	-3.8839279101590702
56							W01000068			52.73808787201565	-3.8844044711949945
57							W01000070			52.9030040404107	-4.49271669662113
58							W01000071			53.180075152214776	-4.052148974632998
59							W01000072			53.21912014209683	-4.1521285267208174
60							W01000073			53.083681321856695	-4.305694844571764
61							W01000074			52.89427074161769	-4.058228299787516
62							W01000075			53.21846813328113	-4.131507204437793
63							W01000076			53.23236147029459	-4.126817063131429
64							W01000077			53.2311138221883	-4.118439157086306
65							W01000078			52.969907654304876	-4.417222799764027
66							W01000080			52.85050998878997	-4.4957289753833924
67							W01000081			53.101432791035215	-4.0927557429659
68							W01000082			52.95396475054667	-3.5839457968982154
69							W01000083			52.87615995005839	-3.6665014922813017
70							W01000084			52.82414062653504	-4.530178624855303
71							W01000085			52.675026722633014	-4.030141832084502
72							W01000086			53.02604382185971	-4.281228949354357
73							W01000087			53.14981191041567	-4.191951436868505
74							W01000088			53.09731085986499	-4.2616601530745655
75							W01000089			52.939483073513756	-4.312369520459709
76							W01000090			53.222358516654076	-4.1187895442545015
77							W01000091			53.2270419753332	-4.113065528698116
78							W01000092			53.22664665959269	-4.14105128692005
79							W01000093			53.152822728711634	-4.25423254504705
80							W01000094			52.92640595037592	-4.5689890080609254
81							W01000095			52.93298006820092	-4.5113773578205265
82							W01000096			53.17900990000535	-4.056560306254454
83							W01000097			53.184271807779055	-4.068729997917576
84							W01000098			53.138357679218906	-4.255239899197011
85							W01000099			53.16362995589307	-4.153220923728378
86							W01000100			52.96872781225692	-4.045219110183983
87							W01000101			52.92628258040068	-4.077482866992625
88							W01000102			53.20376917114202	-4.158821572633616
89							W01000103			53.197983177648645	-4.15706537768202
90							W01000104			53.054033129210694	-4.296369003522161
91							W01000105			52.93265887264983	-4.1149030476472905
92							W01000106			52.9189890643753	-4.159235119079746
93							W01000107			53.01831653467666	-4.07058011253589
94							W01000108			52.892814041844055	-4.420286759316846
95							W01000109			52.88095561191763	-4.425005925614669
96							W01000110			53.13209742924823	-4.263329887348862
97							W01000111			53.12992710451534	-4.2782168671234135
98							W01000112			53.068112459050454	-4.233055168133895
99							W01000113			52.97079372029008	-3.899453842925219
100							W01000114			52.900126363955366	-3.9011771956018793
101							W01000115			53.15847214569346	-4.072687612768288
102							W01000116			52.57633669851531	-4.038408358268808
103							W01000117			52.594137761020406	-4.098888573980276
104							W01000118			53.0800676991939	-4.159450206049744
105							W01000119			53.17497798983772	-4.218949693057499
106							W01000121			53.082842071368056	-3.9186063694002295
107							W01000122			53.23914428488778	-3.6431917318944156
108							W01000123			53.23894818025865	-3.9662202796918717
109							W01000124			53.2134208080971	-3.8863189940118543
110							W01000125			53.27627662924956	-3.8856656430593257
111							W01000126			53.2848789416571	-3.691305554466906
112							W01000127			53.29133372985629	-3.6801351413666956
113							W01000128			53.290947193028735	-3.692778829928241
114							W01000129			53.286557823314965	-3.8530071508747477
115							W01000130			53.278630616928325	-3.832253442918512
116							W01000131			53.27166324020054	-3.8357670103275896
117							W01000132			53.3200870730834	-3.810228106237505
118							W01000133			53.31738090031502	-3.7986309326916636
119							W01000134			53.13188320405464	-3.7856489916812053
120							W01000135			53.30279378696724	-3.8241336086999973
121							W01000136			53.295585695448636	-3.825925234220081
122							W01000137			53.19494561861352	-3.7824185375951678
123							W01000138			53.28079417014522	-3.7035480048553144
124							W01000139			53.28962423906584	-3.7052152592109864
125							W01000140			53.270522882973424	-3.547182120150114
126							W01000141			53.28160577867549	-3.5908388167848493
127							W01000142			53.2774158898651	-3.596660572401741
128							W01000143			53.291536485335534	-3.7265244751672646
129							W01000144			53.29271366161677	-3.7170063793640713
130							W01000145			53.279532842590164	-3.72152729028441
131							W01000146			53.32949156075996	-3.8361392446674367
132							W01000147			53.332351818838546	-3.8565307368427137
133							W01000148			53.14532928456358	-3.798186508867981
134							W01000149			53.30842286300478	-3.529207115705164
135							W01000150			53.29807400711134	-3.511517632818722
136							W01000151			53.30291053748598	-3.522567781621179
137							W01000152			53.312526973195624	-3.514170707349491
138							W01000153			53.28343422084217	-3.6270860002709298
139							W01000154			53.30167026993005	-3.758531545243342
140							W01000155			53.30514542772629	-3.7432036638842754
141							W01000156			53.313227373134985	-3.7440893839280083
142							W01000157			53.311705525442626	-3.7491177204494286
143							W01000158			53.30827135931865	-3.755790158463781
144							W01000159			53.12411184588504	-3.6777087517087423
145							W01000162			53.167805466566946	-3.5612393614014124
146							W01000163			53.28422134824639	-3.669841685427037
147							W01000164			53.27771236586378	-3.650415739247327
148							W01000165			53.288724017634024	-3.8165823596082276
149							W01000166			53.29354196611591	-3.807115213430966
150							W01000167			53.28703364648087	-3.7595548322234316
151							W01000168			53.312604363899275	-3.839232748145468
152							W01000169			53.3208067602712	-3.83061597341846
153							W01000170			53.24779894977283	-3.942087297903467
154							W01000171			53.25535528153809	-3.9081283319213833
155							W01000172			53.26336973065907	-3.93810087205076
156							W01000173			53.3038877686482	-3.783991754302714
157							W01000174			53.31642611003652	-3.771955633372821
158							W01000175			53.318295297955856	-3.770481393148939
159							W01000176			53.2820867997075	-3.8046679857876295
160							W01000177			53.28821356456903	-3.7904548517315324
161							W01000178			53.28772845259791	-3.5795751803101727
162							W01000179			53.28930052867623	-3.5941198821149607
163							W01000180			53.28215544253739	-3.740707876043816
164							W01000181			53.28812805484416	-3.738810180489811
165							W01000182			53.298838373855276	-3.7332532046854525
166							W01000183			53.29643063951416	-3.7405059304372528
167							W01000184			53.2935210479437	-3.5407444137890525
168							W01000185			53.1478158185494	-3.862217035819367
169							W01000186			53.31983735538616	-3.820781356362
170							W01000187			53.311509180684574	-3.8297436953504014
171							W01000188			53.31110138031013	-3.8187284733936497
172							W01000189			53.03974487434947	-3.774466658113566
173							W01000190			53.02601577646756	-3.550939394254736
174							W01000191			53.27279761276394	-3.4938171961683233
175							W01000192			52.97525793558529	-3.301420137280113
176							W01000193			52.986473440521856	-3.414737523265025
177							W01000194			53.18500537176822	-3.4182149776760458
178							W01000195			53.18195357155393	-3.397066144622395
179							W01000196			53.195870418217055	-3.4074898241866283
180							W01000197			53.193788957003605	-3.3928869590375608
181							W01000198			53.18467434136935	-3.4264039296950894
182							W01000199			53.18560857751179	-3.444811085229256
183							W01000200			53.302261358829824	-3.4024735581424226
184							W01000201			53.3100404233318	-3.4230875122182716
185							W01000202			53.05697800101361	-3.4012134966861667
186							W01000203			53.08490920306451	-3.195975747441638
187							W01000204			53.14025256129105	-3.2833304055493375
188							W01000205			52.92162462161515	-3.4142233030800755
189							W01000206			53.174549181052676	-3.3377182232478764
190							W01000207			53.04103896395257	-3.30344333475519
191							W01000208			52.98912047655757	-3.1930823009074016
192							W01000209			52.97597887919589	-3.1649541447111083
193							W01000210			52.965342736675474	-3.138580223149651
194							W01000211			53.11986485224321	-3.4572966883753495
195							W01000212			53.3274111793952	-3.4041515618865974
196							W01000213			53.33229176977876	-3.409480907909769
197							W01000214			53.34501600687881	-3.3864213566923924
198							W01000215			53.33288045403128	-3.3922990449719044
199							W01000216			53.33550620526518	-3.3830949588647945
200							W01000217			53.31887036694446	-3.408796377545535
201							W01000218			53.338354898877654	-3.4139413703929398
202							W01000219			53.3361760411711	-3.4234246109162485
203							W01000220			53.332800320820965	-3.4370324212909082
204							W01000221			53.32568956059965	-3.4209707419114697
205							W01000222			53.328301551211275	-3.4273196926029517
206							W01000223			53.30049251423523	-3.4548335172382125
207							W01000224			53.29437555566747	-3.455451942582723
208							W01000225			53.28860892751054	-3.473542435386932
209							W01000226			53.3284269526382	-3.4599944271048866
210							W01000227			53.32510305559178	-3.475086235109759
211							W01000228			53.32583837578351	-3.478026450604443
212							W01000229			53.30988199134278	-3.4638897491562224
213							W01000230			53.310419580700184	-3.4737064196092255
214							W01000231			53.321353144990844	-3.4734603566416427
215							W01000232			53.31924330534867	-3.462559609301315
216							W01000233			53.31464248221109	-3.468965884767224
217							W01000234			53.315583122945924	-3.4579413196968187
218							W01000235			53.32322105106378	-3.4631487478890985
219							W01000236			53.3147973403456	-3.483098790508936
220							W01000237			53.31036462270616	-3.4937907197430436
221							W01000238			53.31774421287214	-3.4772129055773493
222							W01000239			53.3190960633684	-3.4961282381619303
223							W01000240			53.32012856305517	-3.4904610011025285
224							W01000241			53.31377313830823	-3.502388038054365
225							W01000242			53.10927717319512	-3.3238191466060347
226							W01000243			53.120401303011384	-3.310948102085291
227							W01000244			53.10467811272135	-3.301068688699899
228							W01000245			53.2574866654949	-3.4392523387231546
229							W01000246			53.256041320229535	-3.4580833124524193
230							W01000247			53.2328274722953	-3.454017024798593
231							W01000248			53.26053430751955	-3.3857004377926327
232							W01000249			53.17189647669528	-3.104442207421347
233							W01000250			53.16008069762985	-3.107231127382231
234							W01000251			53.19304538148498	-3.04827549601087
235							W01000252			53.19949108662054	-3.047623280062582
236							W01000253			53.25817934932442	-3.166288986741853
237							W01000254			53.26864994600513	-3.1891876822579563
238							W01000255			53.17344185308093	-2.9773958265137668
239							W01000256			53.15876257830638	-2.998062557949253
240							W01000257			53.16381461791184	-2.983016811954237
241							W01000258			53.25425510647921	-3.221367102301607
242							W01000259			53.157780301022775	-3.068087258322932
243							W01000260			53.16263485015464	-3.073001839874014
244							W01000261			53.165901865174014	-3.094422174862585
245							W01000262			53.16340948325429	-3.08296760887442
246							W01000263			53.16091838239747	-3.088158421316577
247							W01000264			53.17384691011224	-3.0850065200766386
248							W01000265			53.181503976182825	-3.0893563988489148
249							W01000266			53.16924771806677	-3.07249936205874
250							W01000267			53.1701110109756	-3.058686858816156
251							W01000268			53.17565758505713	-3.068384172310272
252							W01000269			53.10885876198547	-3.039190905051339
253							W01000270			53.23627783918229	-3.2725814047736113
254							W01000271			53.255479820547116	-3.3179759589889066
255							W01000272			53.19013015601569	-3.245690552570905
256							W01000273			53.21810106498322	-3.0636584009218835
257							W01000274			53.23434799608359	-3.0496164396892422
258							W01000275			53.23366702785298	-3.07308375732736
259							W01000276			53.21927144743054	-3.0756319715196874
260							W01000277			53.21461464828046	-3.087560467162473
261							W01000278			53.22035414877736	-3.0695571561975683
262							W01000279			53.20874090611169	-3.0616704687391114
263							W01000280			53.20401157077455	-3.0713014848607214
264							W01000281			53.21314549920481	-3.0686312562357916
265							W01000282			53.20711978651152	-3.079927127646994
266							W01000283			53.23298064371208	-3.036847973456501
267							W01000284			53.1802038535533	-3.051927271264392
268							W01000285			53.18015328605548	-3.043225414030689
269							W01000286			53.18934999864993	-3.068922516964899
270							W01000287			53.340380934209136	-3.3232217280735634
271							W01000288			53.25627836311971	-3.119633014570104
272							W01000289			53.247596641330276	-3.1560363674602203
273							W01000290			53.248868894168154	-3.1410113905086754
274							W01000291			53.23725042761143	-3.1514508218393336
275							W01000292			53.243078768563265	-3.12531242827061
276							W01000293			53.23841403142467	-3.1021513316771334
277							W01000294			53.22805097768403	-3.136029423103343
278							W01000295			53.24170780410725	-3.1350641185601176
279							W01000296			53.28937196088616	-3.2185280781461287
280							W01000297			53.284306973855855	-3.218613777564868
281							W01000298			53.33519453812929	-3.3514032691667848
282							W01000299			53.174268684776266	-3.1914911160737196
283							W01000300			53.14026886319322	-3.160611469994697
284							W01000301			53.21405685118173	-3.183892750394019
285							W01000302			53.1804274991158	-3.023594599345142
286							W01000303			53.142351856637156	-3.0023881540960846
287							W01000304			53.27464907106155	-3.219238776905273
288							W01000305			53.27880635346417	-3.2037099309112964
289							W01000306			53.27206715121876	-3.2274748488730056
290							W01000307			53.12310400648157	-3.0418518476431142
291							W01000308			53.11127680858244	-3.024709197880042
292							W01000309			53.141484879146084	-3.0966522595977133
293							W01000310			53.095485614824305	-3.087803988041281
294							W01000311			53.18822761923276	-3.00906711765985
295							W01000312			53.199834678617265	-3.0184033027267634
296							W01000313			53.15929110963056	-3.1360328140146514
297							W01000314			53.16516842540163	-3.1451112912622072
298							W01000315			53.173332498433375	-3.135194199527406
299							W01000316			53.16509870676524	-3.157928906885544
300							W01000317			53.159060531801686	-3.151624852323043
301							W01000318			53.169031345418304	-3.154291206699024
302							W01000319			53.1724999863304	-3.151510452751973
303							W01000320			53.30646175116469	-3.2656624591384187
304							W01000321			53.17683322653811	-3.1085895150417686
305							W01000322			53.173976231828014	-3.1214231957844705
306							W01000323			53.201621061963934	-3.126738131620677
307							W01000324			53.187520581263264	-3.1332810993932996
308							W01000325			53.202601892374275	-3.0990968498522027
309							W01000326			53.14046450333458	-3.044725824920542
310							W01000327			53.15983067406443	-3.036981427871237
311							W01000328			53.19868403018639	-2.998441599214314
312							W01000329			53.18334175714937	-2.9493139255218614
313							W01000330			53.1760362662065	-2.9263908680997077
314							W01000331			53.172760444200186	-2.937022760516951
315							W01000332			53.21064823276228	-2.975703575211124
316							W01000333			53.22185331034316	-3.0214260675770563
317							W01000334			53.21095365539018	-3.0343284245337614
318							W01000335			53.20324805967628	-3.038913027929451
319							W01000336			53.20575906732996	-3.0330743899262176
320							W01000337			53.21262605415073	-3.0434723727504007
321							W01000338			53.31246114088276	-3.3516890268532444
322							W01000339			53.110871773852836	-3.1248034245102088
323							W01000340			53.28657081376321	-3.2997606264941948
324							W01000341			53.060184598820925	-2.9801255376567966
325							W01000342			53.05828879613311	-2.9870829678029365
326							W01000343			53.06231257190406	-2.9720703357131177
327							W01000344			53.06644108970324	-2.9776343668539256
328							W01000345			53.00116669131959	-2.8818031395822747
329							W01000346			52.96286352992808	-2.778276043524486
330							W01000347			53.073892064525054	-3.063509632869803
331							W01000348			53.07827504948951	-3.0592756537693577
332							W01000349			53.044220459403846	-3.017083237900627
333							W01000350			53.04666431198706	-3.0043149579356374
334							W01000351			53.07444080842445	-3.0413040361437798
335							W01000354			52.98702531611046	-3.09213069694888
336							W01000355			52.97644446118758	-3.070494788905365
337							W01000356			52.96849097074116	-3.06662772750188
338							W01000359			52.95626931535366	-3.050107391454474
339							W01000360			52.94210978524608	-3.0528352379210912
340							W01000361			52.94220270486791	-3.0685916535557967
341							W01000362			53.054783973588165	-3.055410707533653
342							W01000363			53.05679286745634	-3.0699508678163165
343							W01000364			53.04656003123393	-3.0486116002520127
344							W01000365			53.03426374693707	-2.9946562412876037
345							W01000366			53.03133836165851	-3.027069444751161
346							W01000367			53.03196032938596	-3.022217428235744
347							W01000368			53.06415017475734	-2.9932532291461404
348							W01000369			53.090726419433146	-2.972392475694108
349							W01000370			53.07739107704626	-2.9725589955626406
350							W01000371			53.053530269601474	-2.9959727319205958
351							W01000372			53.052557455852735	-3.0009905066053686
352							W01000373			53.05764303240596	-3.0401289677022887
353							W01000374			53.07547360035696	-3.012592438547574
354							W01000375			53.06689952968685	-3.0063964031387695
355							W01000376			53.08097489182706	-3.013012450563289
356							W01000377			53.08605874576537	-3.031846609996762
357							W01000378			53.076063895125785	-3.0243797427047325
358							W01000379			53.07024900043613	-3.026420862424213
359							W01000380			53.06160749679615	-3.0196615721904365
360							W01000381			53.03734102631527	-2.9898803877980744
361							W01000382			53.035588031129954	-2.984066631687895
362							W01000384			53.079561279617266	-2.88444984013541
363							W01000385			53.00995979724716	-3.0386200790109057
364							W01000386			53.00375725158283	-3.0412887828845117
365							W01000387			53.06909903973811	-2.98549224515863
366							W01000388			53.06470632131833	-2.9876911606516647
367							W01000389			52.97257516330525	-3.099406885221531
368							W01000390			53.09964037743922	-3.002791595823653
369							W01000391			53.08586800033916	-2.9998945257060026
370							W01000392			53.09205059710832	-2.9897051896492908
371							W01000393			53.0523194894734	-2.985347772177055
372							W01000394			53.005202075397015	-2.9599946953182
373							W01000395			53.02384017553179	-2.9525688942135613
374							W01000398			53.05195895245703	-3.1049293107104
375							W01000399			53.069491953621615	-3.1004988362937596
376							W01000400			53.053662578156114	-3.024682008202685
377							W01000401			53.063640017519745	-3.031412801655231
378							W01000402			53.03948750468591	-3.00175153388988
379							W01000403			52.94551830081307	-2.82440667623564
380							W01000404			52.964355448981124	-2.9181339068891377
381							W01000405			53.00606168949204	-3.054763985304694
382							W01000406			53.007075742714555	-3.0760445356078683
383							W01000407			52.97070486809432	-3.0231717433624445
384							W01000408			53.010910560722536	-3.111781792576942
385							W01000409			52.98216078106836	-3.062299124464878
386							W01000410			53.018350173040446	-3.031686945858455
387							W01000411			53.01692732908469	-3.0784953702637097
388							W01000412			53.03199055615198	-3.0741470133843203
389							W01000413			53.043089456113464	-2.974148935786621
390							W01000414			53.041809669196255	-2.9670778824431205
391							W01000415			53.05651107436858	-2.971453590904212
392							W01000416			53.059823886508106	-2.9634301404712367
393							W01000417			53.10128748819671	-2.9170427651036808
394							W01000418			53.11480567317921	-2.96821385388633
395							W01000419			52.99610202998113	-3.016290921516864
396							W01000420			52.99374173541176	-3.0436831849411403
397							W01000422			53.059412909489886	-2.998837435469619
398							W01000423			53.03722340747289	-2.9707338154816427
399							W01000424			53.03884803013548	-2.979456894567299
400							W01000425			53.04825542867611	-2.976779082022703
401							W01000426			51.800415508854066	-3.7243579800408657
402							W01000427			52.38961811393544	-3.276664511077817
403							W01000428			52.5969230540527	-3.2312153345792143
404							W01000429			52.45831379526223	-3.6184173367899004
405							W01000430			52.06151269523453	-3.3427490256506087
406							W01000431			52.149518231207324	-3.3954631355579417
407							W01000432			52.1430370665983	-3.4080985454848163
408							W01000433			52.55418882996841	-3.498681824631637
409							W01000434			52.530954029449234	-3.067677734542847
410							W01000438			52.199310520007444	-3.4006568431170976
411							W01000439			52.55021023053965	-3.2481104581737643
412							W01000440			52.00155943234149	-3.348530022215224
413							W01000441			52.61664690368022	-3.122359153899075
414							W01000442			52.590667063463776	-3.7681866205220276
415							W01000443			52.09543035445783	-3.2221297276515326
416							W01000444			52.674365812615356	-3.2068422149868465
417							W01000445			52.02267248865344	-3.1403128271173726
418							W01000446			52.070905483550476	-3.13034276195986
419							W01000447			52.488802329862565	-3.246222426848718
420							W01000448			52.33670268804763	-3.058018561218056
421							W01000449			52.33971771707614	-2.99373141661765
422							W01000450			52.195655811095925	-3.5321739598886084
423							W01000451			52.26038177686643	-3.2971702771707703
424							W01000452			52.65131115407125	-3.562770274451593
425							W01000453			52.459026599449125	-3.431366651011483
426							W01000454			52.2429524461534	-3.3828668544854095
427							W01000455			52.25212094139428	-3.3670774052151766
428							W01000456			52.234141102912645	-3.3620556948426117
429							W01000457			52.73274451824313	-3.063691744339832
430							W01000458			52.76669683924878	-3.0801125210853413
431							W01000459			52.16931288594408	-3.3069445706588567
432							W01000460			52.6491255349423	-3.367120995121736
433							W01000461			52.77188299811852	-3.311594278007614
434							W01000464			52.31082701147531	-3.180081745035395
435							W01000465			51.8353266471377	-3.2715076133351104
436							W01000466			52.442842901433636	-3.5389019290433983
437							W01000467			52.454272484101644	-3.5428165194352044
438							W01000470			52.77227787205675	-3.1788999109561282
439							W01000471			52.135300004084556	-3.63749202502425
440							W01000472			52.24526926823623	-3.4205054934339416
441							W01000473			52.59001625320337	-3.8495138715914017
442							W01000474			51.92805564887881	-3.6250266969964264
443							W01000475			52.72088991934559	-3.305350039277607
444							W01000476			52.56532917343955	-3.155803973122526
445							W01000477			52.3349014389773	-3.4539794359178715
446							W01000478			52.507745304747104	-3.3389007287193246
447							W01000479			52.51059019265099	-3.3260210623194215
448							W01000480			52.511165967985804	-3.2941130000822127
449							W01000481			52.531435920977735	-3.2949973179162173
450							W01000482			52.523201832318094	-3.333995568143557
451							W01000483			52.499986561019526	-3.332231927438292
452							W01000484			52.21588132067383	-3.151097394603592
453							W01000485			52.29356824515259	-3.0279945933333674
454							W01000486			52.26817337800828	-2.9840245991383423
455							W01000487			52.30931610286332	-3.626411345583228
456							W01000488			52.58525997942639	-3.3822996331640987
457							W01000489			51.94162709508841	-3.4009953832248727
458							W01000492			51.94488079275683	-3.387677235310959
459							W01000493			51.94848134890629	-3.3678474639896017
460							W01000494			51.97157909634957	-3.1991126723339103
461							W01000496			51.81235317867908	-3.587401043515567
462							W01000497			52.67900301064697	-3.072720624199357
463							W01000498			52.6383363003615	-3.167838909540453
464							W01000499			52.66157650215929	-3.129612965128558
465							W01000500			52.686963233173245	-3.125842262663199
466							W01000501			52.664648956857576	-3.1727866867933288
467							W01000502			51.764546102263225	-3.76514186991896
468							W01000503			52.01262752025268	-3.492302641987268
469							W01000504			51.78181795668738	-3.7521991732831674
470							W01000505			51.8162944542946	-3.744399895378878
471							W01000506			52.23964488074199	-4.257440670771585
472							W01000507			52.12044450184879	-4.547542388072814
473							W01000508			52.13391856065225	-4.5619013171193314
474							W01000509			52.098673791773344	-4.650111351040126
475							W01000510			52.088379758950836	-4.640580496315104
476							W01000511			52.0741525498453	-4.665681063712706
477							W01000512			52.41459678574477	-4.071616731835593
478							W01000513			52.41373923270276	-4.081382541425992
479							W01000515			52.39980143860846	-4.0810143808007915
480							W01000516			52.3992092991532	-4.069480723896226
481							W01000517			52.41278942315876	-4.088047578400356
482							W01000518			52.40749031768139	-4.0827852851491775
483							W01000519			52.07706320979794	-4.514397966883161
484							W01000522			52.08258249588642	-4.290880332141502
485							W01000523			52.5045124829291	-3.923418382765479
486							W01000524			52.213271089752986	-4.210790462673631
487							W01000525			52.4165711929417	-4.032022832775069
488							W01000527			52.11213889817145	-4.07406630071924
489							W01000528			52.11708098333085	-4.085303016400801
490							W01000531			52.05086805743976	-4.40121796785935
491							W01000533			52.05220472008823	-4.31809638283376
492							W01000534			52.37657624446162	-4.063317018531743
493							W01000535			52.1842751388341	-4.139319402008133
494							W01000536			52.178654766431535	-3.9133689439987718
495							W01000537			52.15085833768301	-4.037648591401831
496							W01000538			52.304236093784176	-4.086762024242518
497							W01000539			52.24961775839201	-4.156289035556304
498							W01000540			52.266424456215994	-4.187796350798012
499							W01000541			52.105161790512646	-4.187779562011862
500							W01000542			52.29211640165049	-3.8550458870287985
501							W01000543			52.40882545786227	-3.8324606688858407
502							W01000545			52.136043318756506	-4.446753854915854
503							W01000546			52.0793561523161	-4.60203365525714
504							W01000547			52.11745756843516	-4.626690928807259
505							W01000548			52.444729874909	-4.038030585632754
506							W01000549			52.43553227731358	-3.956850517254675
507							W01000550			52.2128434258009	-3.85731375965562
508							W01000551			52.09020903401476	-4.399815639827392
509							W01000552			52.350741731095965	-3.975734940420821
510							W01000553			51.75006339319894	-4.65979109070852
511							W01000554			51.73143085664189	-4.934586751508237
512							W01000555			51.83473793796527	-5.019429110822466
513							W01000556			51.83604060924137	-5.083976221130119
514							W01000557			51.69771489277846	-4.821643148041009
515							W01000558			52.04074897690213	-4.626636985612753
516							W01000559			51.98846216373348	-4.571834343696668
517							W01000560			51.98891701646338	-4.723242429338183
518							W01000561			51.95018841347868	-4.62515776150076
519							W01000562			51.95702938314674	-4.88646536620444
520							W01000563			51.73116725159415	-4.784617516150773
521							W01000564			51.71982855248024	-4.730457877579419
522							W01000565			51.99504843627227	-4.966987549019769
523							W01000566			51.99090777577034	-4.9844197359606675
524							W01000567			52.006654114327475	-4.997069994993732
525							W01000569			51.81053465172895	-4.981608557901137
526							W01000570			51.80296147625956	-4.985089636157133
527							W01000571			51.798646791577774	-4.988462931108505
528							W01000572			51.80946295789385	-4.961696803185678
529							W01000573			51.793832695920635	-4.981868954557185
530							W01000574			51.647474937206255	-4.989539345432719
531							W01000575			51.762074467240225	-5.020285650209233
532							W01000576			51.74349692189727	-4.73895635607383
533							W01000577			51.798933068530125	-4.680058662624893
534							W01000578			51.681089441164026	-4.8724135099341845
535							W01000579			51.901215286297344	-5.009734704030152
536							W01000580			51.76060957737217	-4.941865174551911
537							W01000581			51.93532251029115	-5.115031337164161
538							W01000582			51.909775104435525	-4.7662147620669675
539							W01000583			51.86053723862544	-4.730572429140522
540							W01000584			51.665358358073284	-4.794076472100617
541							W01000585			51.78552499087035	-4.832502428876456
542							W01000586			51.78351272909786	-4.973965473366803
543							W01000587			51.71197584151066	-5.0304283052204175
544							W01000588			51.71490899578308	-5.007514006578636
545							W01000589			51.713241912435294	-5.047167332826047
546							W01000590			51.70977185310119	-5.046432806576072
547							W01000591			51.71998993889909	-5.059549668552686
548							W01000592			51.712271539429416	-5.05858071334898
549							W01000594			51.71925340807912	-5.03593123321209
550							W01000595			51.799386396069934	-4.743249701628111
551							W01000596			51.78723288614548	-4.7454065320789365
552							W01000597			52.004620514863035	-4.840786014325822
553							W01000598			51.713913539764306	-4.948871712525454
554							W01000599			51.720235881698535	-4.977639771999681
555							W01000600			51.69435275734602	-4.94243386119021
556							W01000601			51.69191149494176	-4.92470090720991
557							W01000602			51.698930602697196	-4.933995344053884
558							W01000603			51.691878279192764	-4.952194960210157
559							W01000604			51.683939405754394	-4.941129924002369
560							W01000605			51.68624716387548	-4.958598840625356
561							W01000606			51.67339415365122	-4.929233236944081
562							W01000607			51.68190702435083	-4.915291470520606
563							W01000608			51.669269511290125	-4.919880887963626
564							W01000609			51.66411704451181	-4.898630955878292
565							W01000610			51.67897327187025	-4.736823351068494
566							W01000611			51.82135433983545	-4.941323177969715
567							W01000612			51.89576304563204	-5.2545334525560925
568							W01000613			52.04882236065958	-4.757696205055688
569							W01000614			51.727602119331856	-5.1712738206602324
570							W01000617			51.97858825306264	-5.018109222808319
571							W01000618			51.88738291351098	-5.13596375922349
572							W01000619			51.68398524579033	-4.703272612310158
573							W01000622			51.764945637074185	-5.0917034403548636
574							W01000623			51.8577311840281	-4.886078336012367
575							W01000624			51.912037268297546	-4.240531865128151
576							W01000625			51.78492126479211	-3.995006134681191
577							W01000626			51.793389111008786	-3.989052433497117
578							W01000627			51.78109691954769	-3.964859403179688
579							W01000628			51.677872395164506	-4.138257491633819
580							W01000629			51.68213577724629	-4.153576342103552
581							W01000630			51.67998106109743	-4.148917797073746
582							W01000631			51.67488045578346	-4.147834637033612
583							W01000632			51.68850425841985	-4.248070340572513
584							W01000633			51.68163727361529	-4.24855031547744
585							W01000634			51.69170443579734	-4.233280184023325
586							W01000635			51.672003618460025	-4.097257716002283
587							W01000636			51.683795676497	-4.109870823657894
588							W01000637			51.87063388643009	-4.313568784281181
589							W01000638			51.8639958342563	-4.296688947393889
590							W01000639			51.86196138066957	-4.3081101123685706
591							W01000640			51.872410100411905	-4.294011997132649
592							W01000641			51.85938486470962	-4.297306359819544
593							W01000642			51.843680178360145	-4.337651630765042
594							W01000643			51.85497854477121	-4.329927996594261
595							W01000644			51.85880745048382	-4.3533149264605555
596							W01000645			51.86095661911467	-4.320967107943976
597							W01000646			52.01013737649992	-4.486155933129908
598							W01000647			52.02774081876491	-3.8609933200893556
599							W01000648			51.947180362944174	-4.363172690439546
600							W01000649			51.887019167201935	-4.357747097389129
601							W01000650			52.05800388630703	-3.963432640209206
602							W01000651			51.693660838742424	-4.125213828783472
603							W01000652			51.69102372845667	-4.1391306403535255
604							W01000653			51.686274562494425	-4.166747868763138
605							W01000654			51.681082666037604	-4.167998537367216
606							W01000655			51.70193455304007	-4.144880581117852
607							W01000656			51.8091415520551	-3.8988808793812053
608							W01000657			51.78650503852693	-3.9256123400888674
609							W01000658			51.813371376843406	-3.927325279616619
610							W01000659			51.66850559607934	-4.158971546185758
611							W01000660			51.67256302781312	-4.166534656871857
612							W01000662			51.73973526212972	-4.186559368416443
613							W01000663			51.80411966691783	-4.125009278967903
614							W01000664			51.8157925611636	-4.091604077098585
615							W01000665			51.73015477561748	-4.059267017163006
616							W01000666			51.71276596636624	-4.05568470384802
617							W01000667			51.691016874376004	-4.17113612832264
618							W01000670			51.740366066948745	-4.30544261578906
619							W01000671			51.74406486445475	-4.295276930571197
620							W01000672			51.776006537702116	-4.566321429729878
621							W01000673			51.75752940325352	-4.472762493455299
622							W01000674			51.87857754837625	-4.615270744957466
623							W01000675			51.83939106240418	-4.155199032994458
624							W01000676			51.86230146785404	-3.9643046578153913
625							W01000677			51.87818050976429	-3.9983669179285264
626							W01000678			52.046556467893005	-3.7379253927639957
627							W01000679			51.988207346674024	-3.7927462741809994
628							W01000680			51.81316163537478	-3.9747045604300033
629							W01000681			51.83042820786227	-4.00733132388811
630							W01000682			51.89394004023611	-4.13345935798775
631							W01000683			51.958969044744464	-4.130412214630028
632							W01000684			51.863903330025316	-4.059898547878627
633							W01000685			51.99857917369956	-4.277259136014733
634							W01000686			52.01792222102139	-4.205168979508567
635							W01000687			51.91357741331478	-3.8128982475156126
636							W01000688			52.01969826740984	-4.343565758635421
637							W01000689			52.00353942700389	-4.392585238231299
638							W01000690			51.71030919147639	-4.097920688551767
639							W01000691			51.68895881463446	-4.100571769346484
640							W01000692			51.694337116990845	-4.079533682371576
641							W01000693			51.85152221119048	-4.291747217632052
642							W01000694			51.84357053736891	-4.25528442110641
643							W01000695			51.75276255615279	-4.236987465468357
644							W01000696			51.795858851248774	-4.227570899003261
645							W01000697			51.792927161474616	-4.095923276766495
646							W01000698			51.78407533653394	-4.120410812541065
647							W01000699			51.757730781260285	-4.1053891389087855
648							W01000700			51.80642488762426	-4.3936557139069405
649							W01000701			52.065021312729755	-4.086719915683942
650							W01000702			52.063437209793605	-4.1542042570147455
651							W01000703			51.68646720552846	-4.159174701111122
652							W01000704			51.69212016096313	-4.154625065031022
653							W01000705			51.688711220875916	-4.147796756854786
654							W01000706			51.68240214878849	-4.129185554132482
655							W01000707			51.683787563763126	-4.120937797231386
656							W01000708			51.66790274295772	-4.122393710829877
657							W01000709			51.9407153852836	-3.9884578474215697
658							W01000710			51.707151969591806	-4.3126875610913
659							W01000711			51.681611197627596	-4.295426005963735
660							W01000712			51.7963968510164	-4.058540750955446
661							W01000713			51.80472004887719	-4.037393421050745
662							W01000714			51.79906040334682	-3.9924014433876476
663							W01000715			51.795803397997076	-3.969542953805056
664							W01000716			51.77685759421125	-4.1629556258718265
665							W01000717			51.78452097025069	-4.18218264496308
666							W01000718			51.810961505983485	-3.875260456242495
667							W01000719			51.82786122721438	-3.8303986953018567
668							W01000720			51.82205167010747	-4.5198387238112865
669							W01000721			51.821330897480195	-4.467835857127529
670							W01000722			51.798330364251996	-4.298684151527161
671							W01000723			51.75939434383602	-4.344354420263994
672							W01000724			51.78193594604404	-4.04991754243626
673							W01000725			51.792923629072604	-4.017770581438801
674							W01000728			51.90047874387086	-4.484965790918041
675							W01000729			51.717628627731145	-4.244411700774572
676							W01000730			51.72279852006846	-4.251826053731914
677							W01000731			51.76739628598472	-4.029132394031237
678							W01000732			51.67709767846301	-4.164938297686595
679							W01000733			51.678238349688954	-4.159277368055371
680							W01000734			51.675445250513434	-4.157040832169576
681							W01000735			51.840808789647944	-4.647677753339249
682							W01000736			51.57381486288214	-4.050233375165502
683							W01000737			51.584714394898974	-4.039360945653936
684							W01000738			51.6375620848637	-3.898692590187924
685							W01000739			51.639546552508705	-3.921923530261383
686							W01000740			51.64869148013939	-3.897950334250684
687							W01000741			51.64692742645044	-3.9172813849181067
688							W01000742			51.6338068450038	-3.9452094238922917
689							W01000744			51.62922627078135	-3.945890820922498
690							W01000745			51.619986542893116	-3.94945075484398
691							W01000746			51.62515691992772	-3.949750875873164
692							W01000747			51.620675589455416	-3.9542216909907113
693							W01000749			51.61435030798472	-3.956299475205422
694							W01000750			51.708441284858075	-3.8884094052102935
695							W01000751			51.696001239569995	-3.8665917397628466
696							W01000752			51.69527589257163	-3.9033485310963414
697							W01000753			51.703012372993214	-3.9019014044781044
698							W01000754			51.695525529448254	-3.8933552109214085
699							W01000755			51.6366727294568	-3.970621617695398
700							W01000756			51.638365870944725	-4.005326148873089
701							W01000757			51.63970203665035	-3.9842688266785538
702							W01000758			51.63292038992407	-3.981076296256109
703							W01000759			51.643854153607535	-4.024927414658568
704							W01000760			51.64700397022148	-4.002100113326028
705							W01000761			51.64589631417356	-3.979813475662248
706							W01000762			51.64225701539549	-3.9675119297302333
707							W01000763			51.63797597970946	-3.9485074877328725
708							W01000764			51.6354401429373	-3.9580667163337395
709							W01000765			51.642043104014576	-3.947175463637382
710							W01000766			51.64312923224839	-3.95245079397033
711							W01000767			51.64029310485673	-3.9575302765291234
712							W01000768			51.62838972408177	-4.032701825521737
713							W01000769			51.62478074497525	-4.04228564119834
714							W01000770			51.623183315727985	-4.023364012964685
715							W01000771			51.607591987335354	-4.041753447865103
716							W01000772			51.62527127913597	-4.074863561931764
717							W01000774			51.66976556116871	-4.044828534465656
718							W01000775			51.573716526330955	-4.232270883469264
719							W01000776			51.60363884850153	-4.169474849405564
720							W01000777			51.64500001784895	-4.033777868947755
721							W01000778			51.65046482098663	-4.046731454079925
722							W01000779			51.64518172800917	-4.0597807364718665
723							W01000781			51.62167024223348	-4.0161585219648135
724							W01000782			51.61931040016203	-4.028216881344157
725							W01000784			51.66375559250198	-4.042183590376385
726							W01000785			51.659185888984524	-4.046769027697999
727							W01000786			51.65687102866756	-4.019679865586207
728							W01000787			51.65087407122818	-3.9354421227252527
729							W01000788			51.641537324691825	-3.9369001435167537
730							W01000789			51.6406700135982	-3.942054536193663
731							W01000790			51.63099467795204	-3.93772432529969
732							W01000791			51.67102316045814	-3.953538870142699
733							W01000792			51.692570860432134	-4.010418238693719
734							W01000793			51.67936731372668	-3.972063895378194
735							W01000794			51.66344817732026	-3.9059041815838
736							W01000795			51.6768946554649	-3.862471911628043
737							W01000797			51.660034491993244	-3.88226948277212
738							W01000798			51.65725386312013	-3.8865205361085797
739							W01000799			51.65309425275218	-3.888373344062926
740							W01000800			51.68243174647066	-3.8808475701521967
741							W01000801			51.66595509255258	-3.873118500270905
742							W01000802			51.661411800377344	-4.07075195123482
743							W01000803			51.72975640874675	-3.9496988248046843
744							W01000804			51.598812538034025	-4.0166026118091045
745							W01000805			51.59876623688062	-4.011773075721092
746							W01000806			51.67703932951155	-3.9183816344531697
747							W01000807			51.6824844607453	-3.922529703917535
748							W01000808			51.67614334933546	-3.930526211250182
749							W01000809			51.669022426767555	-3.9216420425879575
750							W01000810			51.67523921967841	-3.924419281791053
751							W01000811			51.66325656109565	-3.931945609225441
752							W01000812			51.6601305945219	-3.9237223889697157
753							W01000813			51.66768820037987	-3.9322825618254975
754							W01000814			51.65727029280839	-3.928863540194158
755							W01000815			51.683541603469116	-3.910387024085133
756							W01000816			51.68522920131136	-3.9294046512640355
757							W01000817			51.6650934041203	-3.946784662906819
758							W01000818			51.660392082836694	-3.9427155980313517
759							W01000819			51.65634220212981	-3.9422169496610966
760							W01000820			51.65446147519148	-3.9503936166366445
761							W01000821			51.64893383896324	-3.946483806017942
762							W01000822			51.67249735379843	-3.9422285270529653
763							W01000823			51.575784909741614	-4.020284881233323
764							W01000824			51.570234550323185	-4.018848983176931
765							W01000825			51.57346660639733	-3.9964889493122
766							W01000826			51.56773137218185	-3.9917344843185716
767							W01000827			51.57428859868791	-4.0042194552878
768							W01000828			51.629235419483784	-4.120189796264101
769							W01000829			51.64454894190588	-4.100258418898521
770							W01000830			51.653043320046955	-3.97671349118145
771							W01000831			51.6489918996719	-3.977697142869464
772							W01000832			51.650159013159616	-3.9678751757194104
773							W01000833			51.64875030729828	-3.9569312917459594
774							W01000834			51.65710218628961	-3.9583073889896707
775							W01000835			51.645241624431435	-3.963266053603204
776							W01000836			51.655958412467044	-3.97748004235645
777							W01000837			51.66898101694081	-4.000500860297174
778							W01000838			51.670735155610636	-4.017321156984193
779							W01000839			51.584331353146965	-4.068326578604428
780							W01000840			51.57268623938572	-4.090053249921837
781							W01000841			51.67067227810457	-4.054031401780426
782							W01000842			51.69252455655193	-4.041213133506588
783							W01000843			51.675510805309926	-4.0474594288186045
784							W01000844			51.68144507348703	-4.060691811239375
785							W01000845			51.709375478638556	-4.021636904564823
786							W01000846			51.71525693185057	-4.041682053816247
787							W01000847			51.7332579132106	-4.017824490430213
788							W01000848			51.717630316140564	-4.026668866052436
789							W01000849			51.62143753866685	-3.9014724853823197
790							W01000851			51.631044658352806	-3.9266302711435697
791							W01000852			51.623478866762426	-3.918153495130888
792							W01000853			51.62469935394193	-3.9871898464218614
793							W01000854			51.629029612254676	-3.998014667316886
794							W01000855			51.6223245992169	-3.999500829791648
795							W01000856			51.61699973282842	-4.004226952313311
796							W01000857			51.61889425374512	-3.992026454248066
797							W01000858			51.61833016577399	-3.9810456557564855
798							W01000859			51.61192252495333	-4.002081462904744
799							W01000860			51.606084155465396	-3.991453990808539
800							W01000861			51.61098876910377	-3.9864245479672435
801							W01000862			51.63062165594645	-3.9625967059886182
802							W01000863			51.63108692652839	-3.971481418307917
803							W01000864			51.630708838379796	-3.952634351721887
804							W01000865			51.62711642345342	-3.9720663613610867
805							W01000866			51.62685531208273	-3.9574553946405766
806							W01000867			51.625757198555526	-3.964449922852461
807							W01000868			51.62478468048622	-3.97666633442678
808							W01000869			51.621573456521006	-3.961800988340369
809							W01000870			51.62084992573429	-3.9700516595708653
810							W01000871			51.61903777656705	-3.957800699615123
811							W01000872			51.62007066486915	-3.976621965709849
812							W01000873			51.61287423586191	-3.967283877249626
813							W01000874			51.616596070657174	-3.9712050290156036
814							W01000875			51.6151627165682	-3.9620159040676186
815							W01000876			51.613433887677594	-3.9713360070557457
816							W01000877			51.663351265470666	-4.058833037293985
817							W01000878			51.66573486647438	-4.062917840597071
818							W01000879			51.581716983613425	-4.018583024057335
819							W01000880			51.582304168131266	-4.0055755363012215
820							W01000881			51.58817036811404	-4.0034808240208495
821							W01000882			51.58757136632348	-4.017159367506246
822							W01000883			51.60815738481554	-3.810018910714958
823							W01000884			51.597780748240126	-3.7890351210263846
824							W01000885			51.6005716690107	-3.8007023391729278
825							W01000886			51.59453933289737	-3.7933625794665224
826							W01000887			51.69468419738988	-3.7628977953731613
827							W01000888			51.708321922074944	-3.844824301466841
828							W01000889			51.61125129399468	-3.7904763741221976
829							W01000890			51.62005977524879	-3.7971723801581305
830							W01000891			51.62468753446729	-3.814136356985876
831							W01000892			51.6159191371479	-3.825724028378971
832							W01000893			51.72777374446424	-3.619727392986788
833							W01000894			51.635962443440846	-3.7954901878814864
834							W01000895			51.63228270667789	-3.8117285076510115
835							W01000896			51.643794392417966	-3.8296998605466164
836							W01000897			51.62851517222384	-3.826589160308133
837							W01000898			51.61668413320756	-3.7172657869889756
838							W01000899			51.6148459576187	-3.76800523801838
839							W01000900			51.60927041973471	-3.758912818303096
840							W01000901			51.62122004146177	-3.770314033098139
841							W01000904			51.67064028528413	-3.822749730186271
842							W01000905			51.674067512008904	-3.8149304780291837
843							W01000907			51.669815153539034	-3.8158222093844536
844							W01000908			51.68367411964467	-3.794196725132892
845							W01000909			51.6553556647434	-3.785398020802064
846							W01000910			51.64701804084773	-3.7777410534800513
847							W01000911			51.65781590447818	-3.7723772574686407
848							W01000912			51.65785907565258	-3.8383678828534604
849							W01000913			51.65961641735671	-3.8432568523449513
850							W01000914			51.65408452636409	-3.84461300511631
851							W01000915			51.66345120166512	-3.8433677891780866
852							W01000916			51.66430478285269	-3.8584603183264874
853							W01000918			51.729151018604384	-3.7517994811456012
854							W01000919			51.7824900161402	-3.82640701419972
855							W01000921			51.64720087919271	-3.6468025913824347
856							W01000922			51.66207394328948	-3.82755092679523
857							W01000925			51.74332470104914	-3.66674549574014
858							W01000926			51.75425786079825	-3.607643365141128
859							W01000927			51.74674795359665	-3.814620158421604
860							W01000928			51.79529178853793	-3.8807173074092005
861							W01000929			51.77791053255007	-3.8710663649656505
862							W01000930			51.65518321221876	-3.5956612245480564
863							W01000931			51.797193730296975	-3.855484197864834
864							W01000932			51.57755378417728	-3.7809115542696174
865							W01000933			51.55993057892143	-3.713273124410322
866							W01000934			51.657025207638085	-3.8093272808863743
867							W01000935			51.65797200004928	-3.804276233528251
868							W01000936			51.645782686166434	-3.801264630184367
869							W01000937			51.65105648607604	-3.820258371382006
870							W01000938			51.66192588552622	-3.7969592678566055
871							W01000939			51.66283732603074	-3.8042827821076024
872							W01000940			51.66400844154578	-3.787311509881352
873							W01000941			51.652641458277486	-3.8017899310480203
874							W01000942			51.64958292077538	-3.793022443142786
875							W01000943			51.65403809273993	-3.791741056755392
876							W01000944			51.7735769655928	-3.661393211435465
877							W01000945			51.656185815401805	-3.727780671110077
878							W01000946			51.750049322478105	-3.8684756112142744
879							W01000947			51.72952402133546	-3.859151176155791
880							W01000948			51.719217055805395	-3.854556985348479
881							W01000949			51.5991885786772	-3.7602746986769597
882							W01000950			51.59943504716802	-3.779378745270056
883							W01000951			51.593092498989506	-3.778073286896622
884							W01000952			51.58922558621931	-3.7727829593524898
885							W01000953			51.70140301517113	-3.7184550357241437
886							W01000954			51.70108239430217	-3.672499360908719
887							W01000955			51.727643122539995	-3.8032243264417214
888							W01000956			51.71377720502712	-3.830807752608904
889							W01000957			51.594534152934926	-3.8085925536512786
890							W01000958			51.59781121563553	-3.811845553964371
891							W01000959			51.58873630857684	-3.806031954703741
892							W01000960			51.5910912986827	-3.801194205020337
893							W01000961			51.60679845122294	-3.8201029496494963
894							W01000962			51.60199042881829	-3.8147703642343447
895							W01000963			51.599235115677445	-3.820554322441372
896							W01000964			51.60245744410649	-3.827008119456604
897							W01000965			51.75955688858111	-3.7112342714175806
898							W01000966			51.58807644522537	-3.7470590600475173
899							W01000967			51.582556786789894	-3.7670320054726685
900							W01000968			51.57641886113463	-3.7592034198918176
901							W01000969			51.67198737817657	-3.7528825960404557
902							W01000970			51.67886469908957	-3.768433262104304
903							W01000971			51.71240181530714	-3.8699008688821057
904							W01000973			51.76291934317395	-3.783334775967615
905							W01000974			51.552554965203896	-3.6193545350702205
906							W01000975			51.57180485269023	-3.5949682000243217
907							W01000976			51.58783468771863	-3.4983540050564823
908							W01000977			51.575206481072264	-3.5442876360351794
909							W01000978			51.6288242048627	-3.5861924433345425
910							W01000979			51.509585524729225	-3.55186522095905
911							W01000980			51.512092826710976	-3.560551982799118
912							W01000981			51.51045981274891	-3.5684734616635048
913							W01000982			51.50611273038229	-3.5622323173646393
914							W01000983			51.50711720562472	-3.5441765025903176
915							W01000984			51.505213578105284	-3.5526011631655527
916							W01000985			51.51382704091445	-3.549924368868404
917							W01000986			51.54808835294676	-3.5508140515779667
918							W01000987			51.53986593715618	-3.5708718554332255
919							W01000989			51.49868284081204	-3.6338811395972352
920							W01000990			51.508737793339904	-3.60742965128576
921							W01000991			51.63775787562898	-3.660771635321591
922							W01000992			51.63737546168079	-3.64661198227344
923							W01000993			51.631959503219704	-3.655571558845215
924							W01000994			51.62735224880362	-3.6340908062825124
925							W01000995			51.61890845927625	-3.669961072020008
926							W01000996			51.533351173959765	-3.645006362078741
927							W01000997			51.51754674709812	-3.595545449147813
928							W01000999			51.524103304172165	-3.71604997895648
929							W01001000			51.516359828822246	-3.7189643776752614
930							W01001001			51.520644868380224	-3.6964623397064096
931							W01001002			51.52599379709165	-3.7075204857241277
932							W01001003			51.5020326598858	-3.536363489340411
933							W01001004			51.52458609964224	-3.491289807831879
934							W01001005			51.516339275858336	-3.4998988489960805
935							W01001006			51.52881381284067	-3.5145648592256267
936							W01001007			51.5224435294937	-3.5176025914870186
937							W01001008			51.52687831980056	-3.5748628437416023
938							W01001009			51.58329646580992	-3.5780696564398666
939							W01001010			51.51825016427807	-3.6038987546623598
940							W01001011			51.51219845347236	-3.600787448741168
941							W01001012			51.579901913068	-3.6427122346763148
942							W01001013			51.59052332573484	-3.635924059899662
943							W01001014			51.61023845155975	-3.654745743099787
944							W01001015			51.607711925339444	-3.626761677535913
945							W01001016			51.60004855379922	-3.6360076466588374
946							W01001017			51.60890123733444	-3.666075350279469
947							W01001018			51.60530783565295	-3.6550183312888342
948							W01001019			51.596556275871336	-3.674336993513781
949							W01001020			51.60105965652667	-3.6479093302852412
950							W01001021			51.50854854877606	-3.5753749735113756
951							W01001022			51.520494500386576	-3.5833212037403066
952							W01001023			51.51496770805105	-3.579439526485724
953							W01001024			51.6339163439099	-3.546590405252021
954							W01001025			51.61975849332906	-3.533233690530198
955							W01001026			51.511366548782355	-3.5898371393088984
956							W01001027			51.50590092752237	-3.5970227981885055
957							W01001028			51.50725607074003	-3.5849205924821756
958							W01001029			51.492813370012485	-3.670716166159985
959							W01001030			51.482113528580655	-3.680706641024222
960							W01001031			51.49531187359196	-3.711731336472838
961							W01001032			51.499089547006285	-3.6962309100148136
962							W01001033			51.60054471471479	-3.5264205923714598
963							W01001034			51.609675273241095	-3.5490233909538778
964							W01001035			51.503289676438435	-3.5727690611817913
965							W01001036			51.498694408704715	-3.584544909690175
966							W01001037			51.491310161948746	-3.576582351672419
967							W01001038			51.51795308636723	-3.571771479581773
968							W01001039			51.539205287763124	-3.5145663405103114
969							W01001040			51.55368252783864	-3.499828849991032
970							W01001041			51.52652671643773	-3.6027404937253893
971							W01001042			51.60941224841995	-3.587503320767897
972							W01001043			51.604946541916824	-3.578851185356451
973							W01001044			51.48874583577223	-3.6909032466796337
974							W01001045			51.48041752509595	-3.69437280402339
975							W01001046			51.47814586347406	-3.7062098960874246
976							W01001047			51.48301480855381	-3.706747031434498
977							W01001048			51.527748621524346	-3.6738554683956792
978							W01001049			51.52834687848518	-3.695949326031261
979							W01001050			51.527130961763035	-3.6858251189464304
980							W01001051			51.535406271997275	-3.6762694864120418
981							W01001052			51.53338335850424	-3.6892622175480363
982							W01001053			51.48920549878063	-3.715331351158208
983							W01001054			51.490432331376496	-3.721498668429684
984							W01001055			51.53935713702988	-3.5829367372386267
985							W01001056			51.53517053242149	-3.5831548305797805
986							W01001057			51.54957841443565	-3.584057801059115
987							W01001058			51.54893869602615	-3.595569852933021
988							W01001059			51.39268266833809	-3.2902267205465328
989							W01001060			51.394129945523225	-3.30519546895665
990							W01001062			51.39760558474756	-3.2887270104036
991							W01001063			51.40694243553452	-3.269989010340605
992							W01001064			51.40653654970941	-3.278843856743905
993							W01001065			51.40864311610217	-3.2665011301564135
994							W01001066			51.40240504938103	-3.2774870263233655
995							W01001067			51.41677059628372	-3.247042689461664
996							W01001068			51.417443112262625	-3.2409235386619213
997							W01001069			51.41413486762712	-3.255042653258777
998							W01001070			51.41148472112982	-3.252261666930696
999							W01001071			51.409870102507554	-3.2435261160892535
1000							W01001072			51.424726252930014	-3.258646458813058
1001							W01001073			51.4008759497527	-3.2536640212331283
1002							W01001075			51.4389970624064	-3.1835987361935376
1003							W01001076			51.44408256905319	-3.1891438530036798
1004							W01001077			51.4402359887355	-3.196674838752259
1005							W01001078			51.43822679010048	-3.1887243495525315
1006							W01001079			51.41068348680574	-3.258824884889922
1007							W01001080			51.41308880680439	-3.263220980282002
1008							W01001081			51.4178009862224	-3.2602665581426202
1009							W01001082			51.460674329406416	-3.4508918615623405
1010							W01001083			51.443365359381275	-3.4479413296766843
1011							W01001084			51.458471083506225	-3.423088640985358
1012							W01001085			51.48870815586257	-3.455222914042505
1013							W01001086			51.43278255422068	-3.2385607028977645
1014							W01001087			51.43436892362601	-3.211626197255764
1015							W01001088			51.43243421674898	-3.203939955284762
1016							W01001089			51.42160482722461	-3.215577453139618
1017							W01001090			51.45644366279985	-3.2238856689521227
1018							W01001091			51.4202007461579	-3.2940319183141833
1019							W01001092			51.41607811678173	-3.2793637224506234
1020							W01001093			51.41049081688189	-3.277635261928593
1021							W01001094			51.42243016780682	-3.262357291727754
1022							W01001095			51.4195955036166	-3.2678827441820193
1023							W01001096			51.414031689320794	-3.270346305215268
1024							W01001097			51.42433061163845	-3.27281469930783
1025							W01001098			51.405980909649536	-3.299804529228451
1026							W01001099			51.40652342317584	-3.2868688053016406
1027							W01001100			51.40368682885824	-3.296532604248299
1028							W01001101			51.40190104706595	-3.284911851305726
1029							W01001102			51.39997557194878	-3.289326815839743
1030							W01001103			51.41281387056592	-3.2904445769195676
1031							W01001104			51.45120223494083	-3.2004660195617123
1032							W01001105			51.46845535777105	-3.515420641892548
1033							W01001106			51.407560815332374	-3.468770977717152
1034							W01001107			51.4036827333719	-3.486828139223138
1035							W01001108			51.40946024675531	-3.453624122001631
1036							W01001109			51.398472133985805	-3.4778553107280414
1037							W01001110			51.4156872514548	-3.525992783830219
1038							W01001111			51.4101874705938	-3.4733108361586007
1039							W01001112			51.41420009991276	-3.477835405742362
1040							W01001113			51.48469141492186	-3.354597540253489
1041							W01001114			51.42359102162327	-3.1780844379490474
1042							W01001115			51.422477971450135	-3.1903536238574137
1043							W01001116			51.43250034910585	-3.17415267934225
1044							W01001117			51.388995742970046	-3.367006297063161
1045							W01001119			51.42464367288079	-3.362016183119377
1046							W01001120			51.39343874324108	-3.3780952747994393
1047							W01001121			51.39569334285678	-3.412901843489746
1048							W01001122			51.41387933750161	-3.419595928846433
1049							W01001123			51.44043705042365	-3.168143447867524
1050							W01001124			51.44074857810997	-3.1736316356206076
1051							W01001125			51.43909284878126	-3.177394171286238
1052							W01001127			51.45891487647008	-3.6021852915304615
1053							W01001128			51.44973023673576	-3.562802396665767
1054							W01001129			51.43370823045092	-3.1928797724307967
1055							W01001130			51.43496920146346	-3.181952902592525
1056							W01001131			51.43118677822279	-3.189138917523007
1057							W01001132			51.41069537194437	-3.2047168816007012
1058							W01001133			51.4069728143309	-3.2236156681796886
1059							W01001134			51.40835659399334	-3.1856385328140915
1060							W01001135			51.44671559489229	-3.3046040274716697
1061							W01001136			51.45535408730737	-3.265120551351076
1062							W01001137			51.699485225487564	-3.449528617385374
1063							W01001138			51.699499294267895	-3.424596338992268
1064							W01001139			51.697799621455474	-3.4288428480466853
1065							W01001140			51.68062595741037	-3.4337005318151657
1066							W01001141			51.68662520862591	-3.462926287884665
1067							W01001142			51.68654050496335	-3.4161484712354406
1068							W01001143			51.63809333428704	-3.328216436690564
1069							W01001144			51.65479490266596	-3.348024204425588
1070							W01001145			51.652198100723034	-3.3331533673914557
1071							W01001146			51.64978911862169	-3.3203787184829174
1072							W01001147			51.72526802294422	-3.426394013422721
1073							W01001148			51.715243900641745	-3.4499995285338607
1074							W01001149			51.708484758544195	-3.4517230543415933
1075							W01001150			51.711153150376795	-3.4390836292607716
1076							W01001151			51.71774255073471	-3.463050287332356
1077							W01001152			51.73904047756354	-3.452646764394789
1078							W01001153			51.722892512620106	-3.4602590335764325
1079							W01001154			51.70790613741197	-3.4904517575191987
1080							W01001155			51.7217651136604	-3.448732234455905
1081							W01001156			51.71656340545383	-3.4722956488906744
1082							W01001157			51.55255083623122	-3.3559436124089954
1083							W01001158			51.569721737447864	-3.3623382729464675
1084							W01001159			51.54904815441441	-3.35896463990316
1085							W01001160			51.524646532654785	-3.4709881489317977
1086							W01001162			51.56486065913942	-3.3160313193080175
1087							W01001164			51.62713283347699	-3.315831083523281
1088							W01001165			51.61574804860756	-3.3122064383468657
1089							W01001166			51.62432857396712	-3.4955707758045045
1090							W01001167			51.627928899790255	-3.473902134900536
1091							W01001168			51.713737172484855	-3.4099351459274776
1092							W01001169			51.70593268663996	-3.401668958206508
1093							W01001170			51.71103508684919	-3.4231439330929985
1094							W01001171			51.608557871583365	-3.3881691196879262
1095							W01001172			51.607394297436244	-3.412634448565639
1096							W01001173			51.60055411270185	-3.421795775417418
1097							W01001174			51.601385320711415	-3.4085221042871003
1098							W01001175			51.66099138968744	-3.4538073725313745
1099							W01001176			51.65818049756379	-3.4432401787032023
1100							W01001177			51.669405367102094	-3.448216870026672
1101							W01001178			51.595253768467266	-3.464728977444139
1102							W01001179			51.576380384314255	-3.4684279701158016
1103							W01001180			51.61850952541478	-3.331047809116362
1104							W01001181			51.622946498554334	-3.344049102567006
1105							W01001184			51.57643937959811	-3.2841428814432887
1106							W01001185			51.58599329029374	-3.313440850291594
1107							W01001186			51.7381676636153	-3.500546227164852
1108							W01001187			51.74187442644048	-3.517885911894799
1109							W01001188			51.72751058982487	-3.514182874232523
1110							W01001189			51.537857342510854	-3.4428922492682066
1111							W01001190			51.542665181359425	-3.4219666370181896
1112							W01001192			51.51220233224382	-3.4307327415173923
1113							W01001193			51.53780522190435	-3.3736529412211276
1114							W01001194			51.539859677021234	-3.3527565679939677
1115							W01001195			51.555274611615715	-3.38535720524755
1116							W01001196			51.56299290543664	-3.333954157381115
1117							W01001197			51.55104562264187	-3.314599671237511
1118							W01001198			51.55039130635488	-3.3368912809614586
1119							W01001199			51.56644512228395	-3.3404535706408343
1120							W01001202			51.690576330843264	-3.507444187801546
1121							W01001203			51.6670949028634	-3.472912481512861
1122							W01001204			51.677876693725715	-3.3607882696146647
1123							W01001205			51.696656917763534	-3.38377216010367
1124							W01001206			51.6751874108139	-3.385525326189614
1125							W01001207			51.67969059016976	-3.399319231873797
1126							W01001208			51.68295645812407	-3.3846699663651094
1127							W01001209			51.667847355032336	-3.3711903583788496
1128							W01001210			51.66538704147575	-3.362567883227819
1129							W01001211			51.672898015824195	-3.3777624244622864
1130							W01001212			51.67309575369821	-3.371355343141343
1131							W01001214			51.64189867479727	-3.50745346105309
1132							W01001216			51.659559413247194	-3.488276331821758
1133							W01001217			51.61325600355697	-3.43601485918915
1134							W01001218			51.61595674653227	-3.4523115359784717
1135							W01001219			51.60825795439441	-3.461829570715355
1136							W01001220			51.60843388948916	-3.435785141654017
1137							W01001221			51.72790035033263	-3.498674648271517
1138							W01001222			51.729115010845604	-3.485096527865709
1139							W01001223			51.51219255883659	-3.4010785304594453
1140							W01001224			51.52153630814367	-3.3712743347294722
1141							W01001225			51.52068438542854	-3.3591269778353383
1142							W01001226			51.526083052301125	-3.3849973735046697
1143							W01001227			51.60773557960788	-3.3477602010341063
1144							W01001228			51.61288062879789	-3.3454038869037324
1145							W01001229			51.617080975185516	-3.3987053014838047
1146							W01001230			51.61882697901568	-3.41795406315899
1147							W01001231			51.61309926911366	-3.3927380747828426
1148							W01001232			51.61314513833776	-3.4197636198651438
1149							W01001233			51.76474468322584	-3.505678219198782
1150							W01001234			51.60811264769555	-3.366523161210788
1151							W01001235			51.60478428320252	-3.3574201663241734
1152							W01001236			51.59983722415537	-3.3505431391232494
1153							W01001237			51.58953102596871	-3.313577984779034
1154							W01001238			51.59481199090361	-3.299964462907033
1155							W01001239			51.58368630697601	-3.2998551431568215
1156							W01001240			51.55823219653458	-3.2578696437048724
1157							W01001241			51.54426182483691	-3.259722675793357
1158							W01001242			51.53890629923204	-3.389713418685572
1159							W01001243			51.534780817368414	-3.3818186568969977
1160							W01001244			51.562023934753334	-3.290126298840185
1161							W01001245			51.57609858917615	-3.3186755931126943
1162							W01001246			51.57038322305156	-3.315755840283424
1163							W01001247			51.6276795898283	-3.4634812181025993
1164							W01001248			51.61663663922429	-3.475704905702622
1165							W01001249			51.58401734265987	-3.42932493584886
1166							W01001250			51.58174308702453	-3.3984702054199523
1167							W01001251			51.58762753067424	-3.418398609746519
1168							W01001252			51.571291417031944	-3.421951338632984
1169							W01001253			51.59657357721556	-3.441621170155668
1170							W01001255			51.58401334673218	-3.4457767476764007
1171							W01001256			51.61084653472078	-3.3300791733566375
1172							W01001257			51.60650567740711	-3.31951939343403
1173							W01001258			51.60290355108842	-3.334125297051226
1174							W01001259			51.62229433424035	-3.432706764293136
1175							W01001260			51.62853045399241	-3.448308149656675
1176							W01001261			51.62217590212211	-3.4465732865860677
1177							W01001262			51.59835669356082	-3.317704970696451
1178							W01001263			51.593612715673814	-3.3317212803593765
1179							W01001264			51.58623482771297	-3.328129791173827
1180							W01001265			51.673090603798805	-3.532579718845713
1181							W01001266			51.68356775084264	-3.5286090979790785
1182							W01001267			51.687837905410674	-3.5662533087033914
1183							W01001268			51.67060591866912	-3.545329682454711
1184							W01001269			51.65893458934484	-3.515361323357282
1185							W01001270			51.65994670706323	-3.4967266237205137
1186							W01001271			51.65302805299111	-3.5353772533306675
1187							W01001272			51.671570308405755	-3.5064655952967523
1188							W01001273			51.66327987085864	-3.5137433443164845
1189							W01001274			51.64417951846333	-3.440211811991492
1190							W01001275			51.63739381479341	-3.4300836545829543
1191							W01001276			51.65252978483745	-3.4281896873363378
1192							W01001277			51.552824554420596	-3.347414278625671
1193							W01001278			51.56044442101213	-3.353854829812896
1194							W01001279			51.5557109455686	-3.3514151199327604
1195							W01001280			51.6344563198692	-3.414931951071983
1196							W01001281			51.62590776752594	-3.404159637553346
1197							W01001282			51.63465625085321	-3.3519379676353123
1198							W01001283			51.64980561348267	-3.388826345144455
1199							W01001284			51.62747108206862	-3.3339995301657748
1200							W01001285			51.643177130035525	-3.4548467857487326
1201							W01001286			51.64391295459899	-3.4822347434131236
1202							W01001287			51.63656774273886	-3.491459459482991
1203							W01001288			51.651719971086784	-3.4646269795630147
1204							W01001289			51.70341800531994	-3.3026419661253112
1205							W01001290			51.66844229642545	-3.2906586424415343
1206							W01001291			51.75290377842415	-3.4280548380665827
1207							W01001292			51.75424599704374	-3.4075933948509487
1208							W01001293			51.743343142052076	-3.3900601220493245
1209							W01001294			51.74271113753937	-3.4081561273940246
1210							W01001295			51.76859977890996	-3.3548002135116377
1211							W01001296			51.77899755534935	-3.354050703074006
1212							W01001297			51.76146312321511	-3.3415791591883597
1213							W01001298			51.758891807804076	-3.3573140860547324
1214							W01001299			51.76529933481448	-3.382146858570762
1215							W01001300			51.76278092257108	-3.391744566916112
1216							W01001301			51.75878290484274	-3.378759160451567
1217							W01001302			51.688585558665835	-3.3398579696881017
1218							W01001305			51.75304390266421	-3.3756209644279336
1219							W01001306			51.75480615139307	-3.3907944550192965
1220							W01001307			51.74950798984165	-3.383799676434417
1221							W01001308			51.76375122137471	-3.3721511867424554
1222							W01001309			51.76260329205804	-3.367070074056917
1223							W01001310			51.75734073742848	-3.3709808804426995
1224							W01001311			51.75907289386623	-3.3644920907326026
1225							W01001312			51.72212312461207	-3.360647904222061
1226							W01001313			51.71338645087265	-3.3402234704234
1227							W01001314			51.728343555841214	-3.3671707307274126
1228							W01001315			51.746702633308395	-3.3762263354112996
1229							W01001317			51.7447684645459	-3.3374977637387353
1230							W01001318			51.73842803462163	-3.3717717770587368
1231							W01001319			51.65421602232468	-3.306817899799076
1232							W01001320			51.66193758848147	-3.3220054661844673
1233							W01001321			51.67139172586475	-3.31689002715291
1234							W01001322			51.66391917325971	-3.3039250544200165
1235							W01001324			51.76871388054166	-3.4092858452208055
1236							W01001325			51.69611508280712	-3.2148109763772394
1237							W01001326			51.68770762778222	-3.220731881617046
1238							W01001327			51.6483201210175	-3.118015598156684
1239							W01001328			51.65736589010685	-3.1195727161858153
1240							W01001329			51.63450974722745	-3.1295402012224
1241							W01001330			51.592193908775656	-3.2603802387794807
1242							W01001331			51.59541244213253	-3.2768352746797382
1243							W01001332			51.609424815066596	-3.2780947361285477
1244							W01001333			51.60348764714889	-3.268928881748466
1245							W01001334			51.70391317963988	-3.2034653899526595
1246							W01001335			51.715361306687825	-3.195950929106558
1247							W01001336			51.693714670197885	-3.2372522208337644
1248							W01001337			51.686191146612146	-3.2316234614006367
1249							W01001338			51.69057441742509	-3.2319280614958
1250							W01001339			51.68646839599884	-3.242866250701418
1251							W01001340			51.60455561926966	-3.200623541727383
1252							W01001341			51.59324537537023	-3.1865738295299377
1253							W01001342			51.59422958957576	-3.14306676190509
1254							W01001343			51.60109399432393	-3.133869744933635
1255							W01001344			51.59033657298301	-3.197283275393431
1256							W01001345			51.5924434550585	-3.1646169726612454
1257							W01001346			51.59557654547477	-3.1738781761805415
1258							W01001347			51.6733224737109	-3.1994959396345766
1259							W01001348			51.668008758589984	-3.2037721418981846
1260							W01001349			51.66240757438061	-3.2027738327183606
1261							W01001350			51.66463348539784	-3.1947701419266257
1262							W01001351			51.68165179337307	-3.200487674399111
1263							W01001352			51.672217801629444	-3.2119251341117327
1264							W01001353			51.66677548047669	-3.210073194974857
1265							W01001354			51.6279588218643	-3.118209825803177
1266							W01001355			51.62184546127204	-3.1262425141047125
1267							W01001356			51.67384258264903	-3.144963333711922
1268							W01001357			51.691493198510514	-3.1591068965759246
1269							W01001358			51.69767258668577	-3.1431315440205885
1270							W01001359			51.681103933814555	-3.1125852937474088
1271							W01001360			51.71083085592177	-3.270382721635021
1272							W01001361			51.74756099397325	-3.3055082135631704
1273							W01001362			51.67791690469733	-3.230591319406568
1274							W01001363			51.65692106256966	-3.232136351630284
1275							W01001364			51.65222262639469	-3.233620872119968
1276							W01001365			51.64788055981904	-3.229340507018496
1277							W01001366			51.6184794185203	-3.2395307359203533
1278							W01001367			51.60529831765952	-3.2364270023831994
1279							W01001368			51.596669512203036	-3.2306528195752335
1280							W01001369			51.63448742500397	-3.215027698256611
1281							W01001370			51.57761065167161	-3.224772678322796
1282							W01001371			51.58802184835386	-3.2233521208661866
1283							W01001372			51.58724033145049	-3.213160213782211
1284							W01001373			51.58232613040763	-3.2167819886294224
1285							W01001374			51.74282232165886	-3.2607622006838763
1286							W01001375			51.76108056080689	-3.278848207122648
1287							W01001376			51.75294147030786	-3.268763135001718
1288							W01001377			51.635523658269854	-3.2838280175911874
1289							W01001378			51.64271847039326	-3.2901994502585628
1290							W01001379			51.654220803808116	-3.2946363371816965
1291							W01001380			51.65823788763247	-3.158306911491548
1292							W01001381			51.67094073221138	-3.1072408836271688
1293							W01001382			51.66717195293186	-3.1566560574979667
1294							W01001383			51.66429915025648	-3.136025825927458
1295							W01001384			51.72712337354205	-3.2357239215734204
1296							W01001385			51.7188786615517	-3.2411223473216024
1297							W01001386			51.72430131028638	-3.2446182022732115
1298							W01001387			51.67350581038087	-3.218989607760528
1299							W01001388			51.6616826831754	-3.215826188713644
1300							W01001389			51.65979238009552	-3.221989569151104
1301							W01001390			51.68552762252138	-3.1732798372661066
1302							W01001391			51.67802877607988	-3.180937234154884
1303							W01001392			51.66920622168359	-3.1798161048925353
1304							W01001393			51.58814559556782	-3.2361175404815046
1305							W01001394			51.58286778374562	-3.2493950625540164
1306							W01001395			51.58346997817478	-3.2397543346603377
1307							W01001396			51.58181918756183	-3.232234701757957
1308							W01001397			51.590186073668896	-3.2458042295187726
1309							W01001398			51.57376043983723	-3.253887362010798
1310							W01001399			51.57643785225287	-3.2382984823886445
1311							W01001400			51.59492720896164	-3.241459176458632
1312							W01001401			51.65192928402015	-3.1761023233214893
1313							W01001402			51.65634050839972	-3.2026443474800623
1314							W01001403			51.65654626184431	-3.190616666937804
1315							W01001404			51.65073264133892	-3.2031619505792155
1316							W01001405			51.64599770461295	-3.193848804193519
1317							W01001406			51.74497695014364	-3.2813648991984095
1318							W01001407			51.60524266302554	-3.073259792554662
1319							W01001408			51.60507275144531	-3.082459429974827
1320							W01001409			51.61512426374138	-3.090627654970444
1321							W01001410			51.61029440670842	-3.0859864702309325
1322							W01001411			51.61946153849084	-3.1017707159792107
1323							W01001412			51.60548901356162	-3.102179654162644
1324							W01001413			51.59939058460224	-3.092575479870708
1325							W01001414			51.667711547131525	-3.252035258296661
1326							W01001415			51.66800026916856	-3.229237207560559
1327							W01001416			51.673281568551374	-3.241307442343159
1328							W01001417			51.663917219835014	-3.239744028300308
1329							W01001418			51.66766892240037	-3.2652138587256814
1330							W01001419			51.57105476576367	-3.150163172108374
1331							W01001420			51.58532502341795	-3.1992568916110864
1332							W01001421			51.5812286949936	-3.2056387295304307
1333							W01001422			51.577104730741254	-3.211060532893468
1334							W01001423			51.57220185457559	-3.234250498259753
1335							W01001424			51.57258788106929	-3.222107659300725
1336							W01001425			51.56688927086167	-3.209332891217343
1337							W01001426			51.55938075208266	-3.222129628860929
1338							W01001427			51.567163712722184	-3.23792572796511
1339							W01001428			51.76797981220021	-3.2819023564252503
1340							W01001429			51.77633071452521	-3.307455366515162
1341							W01001430			51.61630327111305	-3.16587380856506
1342							W01001431			51.62990502074105	-3.17175632471499
1343							W01001432			51.64622213117579	-3.248228968493069
1344							W01001433			51.64266858097874	-3.233065589128859
1345							W01001434			51.63210158160718	-3.2509738243400124
1346							W01001435			51.73516484480017	-3.155296899552499
1347							W01001436			51.72829959529095	-3.133442918057598
1348							W01001437			51.736784694962445	-3.1196937202881254
1349							W01001438			51.79190129724625	-3.2249106248933797
1350							W01001439			51.78984594520587	-3.202679755849639
1351							W01001440			51.80157648982139	-3.1958975080042706
1352							W01001441			51.80810682871445	-3.2067552794817042
1353							W01001442			51.799021961775814	-3.2060494999895623
1354							W01001443			51.76856543114899	-3.1671678960478684
1355							W01001444			51.77437402199413	-3.1471167707043115
1356							W01001445			51.75518798822082	-3.162929960155402
1357							W01001446			51.807165257528915	-3.167428584415619
1358							W01001447			51.80075121149527	-3.186950186910552
1359							W01001448			51.79727252744525	-3.1714489958183045
1360							W01001449			51.800405375923866	-3.1798234205382303
1361							W01001450			51.74527327079319	-3.180406208894769
1362							W01001451			51.72663770691402	-3.172175560278335
1363							W01001452			51.7520285911562	-3.194443804438556
1364							W01001453			51.74175053318667	-3.1490520329509084
1365							W01001454			51.75509492588435	-3.1309599179952405
1366							W01001455			51.73610494324651	-3.135337065070945
1367							W01001456			51.78307677031853	-3.1997155879315105
1368							W01001457			51.78229027295349	-3.2231769956050202
1369							W01001458			51.78591972610326	-3.217377794227879
1370							W01001459			51.7738726302168	-3.214868073863716
1371							W01001460			51.76689570374361	-3.1976188326059862
1372							W01001461			51.77751328781108	-3.2090313307494696
1373							W01001462			51.76352287584855	-3.225083808338322
1374							W01001463			51.76586783564876	-3.234071666982369
1375							W01001464			51.688650147367255	-3.1267667973049424
1376							W01001465			51.70946560034011	-3.1289095395717026
1377							W01001466			51.70035960372754	-3.1304082352252145
1378							W01001467			51.7898248999824	-3.1676875815037744
1379							W01001468			51.78273070568567	-3.1742684295922525
1380							W01001469			51.776200249868765	-3.1721329058926004
1381							W01001470			51.80457843376692	-3.2349814371012506
1382							W01001471			51.80017329819222	-3.2212651358336646
1383							W01001472			51.78965243009872	-3.2502576120946958
1384							W01001473			51.78664481463394	-3.2402332664591573
1385							W01001474			51.802506689038616	-3.276978286637466
1386							W01001475			51.781260941272436	-3.2370471640460767
1387							W01001478			51.7495553700597	-3.2367889255613065
1388							W01001479			51.76916784784693	-3.2601045389723695
1389							W01001480			51.77997328166785	-3.26089709052119
1390							W01001481			51.77468068009289	-3.245772713129793
1391							W01001482			51.74900960415121	-3.0666096043561306
1392							W01001483			51.73605534403037	-3.0688359149283757
1393							W01001484			51.73766899868044	-3.0575023921600843
1394							W01001485			51.7293339005503	-3.0911930985577625
1395							W01001486			51.726162470182366	-3.0589541464050227
1396							W01001487			51.77222328082642	-3.068230067653559
1397							W01001488			51.77698417119904	-3.0797252773788446
1398							W01001489			51.779830808324405	-3.1091952775521543
1399							W01001490			51.77348738283503	-3.0818115367846683
1400							W01001491			51.70122490444428	-3.044894672527006
1401							W01001492			51.63957069757925	-3.0455284411267414
1402							W01001493			51.66368532097391	-3.0129896013408595
1403							W01001494			51.66407195096694	-3.0021826699695056
1404							W01001495			51.65774490842299	-3.0031897692872462
1405							W01001496			51.686721058772704	-3.0568149607331465
1406							W01001497			51.6451605312888	-3.0497425889117333
1407							W01001498			51.644581176188964	-3.043113982004181
1408							W01001499			51.645950413581545	-3.0560190209347535
1409							W01001500			51.6470675430685	-3.0637384136657975
1410							W01001501			51.65427600556777	-3.0495941523969075
1411							W01001502			51.657916307761816	-3.063989229116942
1412							W01001503			51.65008383924367	-3.0441637590671258
1413							W01001504			51.64032814280901	-3.0185165807163434
1414							W01001505			51.628137521618115	-3.012654421457364
1415							W01001506			51.650167217615895	-3.0174049595115906
1416							W01001507			51.651753905271086	-2.994425393864311
1417							W01001508			51.644015946719996	-2.999753180916503
1418							W01001509			51.6363630143655	-2.981499182715632
1419							W01001510			51.68257901192909	-2.994812091199311
1420							W01001511			51.692067587426	-3.0097904595161147
1421							W01001512			51.6954051081546	-3.005148209769987
1422							W01001513			51.70850956306332	-3.0066515903503537
1423							W01001514			51.68849786092438	-3.0296613209675103
1424							W01001515			51.68744825265447	-3.02100616219514
1425							W01001516			51.6781700539029	-3.0350791311794048
1426							W01001517			51.67876253394356	-3.018156901952461
1427							W01001518			51.68185465445809	-3.030727106407332
1428							W01001519			51.657394640334175	-3.019869278061683
1429							W01001520			51.668622048428425	-3.0230745371294336
1430							W01001521			51.65998853396765	-3.0237759023299198
1431							W01001522			51.66285885718147	-3.0304687301225752
1432							W01001523			51.708425620491425	-3.083010948251399
1433							W01001524			51.69942409883459	-3.033303046092328
1434							W01001525			51.70929392815432	-3.031000166345555
1435							W01001526			51.64764122216818	-3.0381997488508588
1436							W01001527			51.6462182660282	-3.0273674360950955
1437							W01001528			51.6532590469206	-3.0342466262332235
1438							W01001529			51.71570732599982	-3.0606227644290893
1439							W01001530			51.71506487293865	-3.0437349723883926
1440							W01001531			51.72048602736359	-3.0428040832532095
1441							W01001532			51.6432461558649	-3.033241593497341
1442							W01001533			51.63024695465711	-3.069659304796875
1443							W01001534			51.63406509735741	-3.034168182092447
1444							W01001535			51.632034126079844	-3.045650764523739
1445							W01001536			51.658844015800824	-3.0495853227375367
1446							W01001537			51.67013853045596	-3.0504834738477213
1447							W01001538			51.66144995581649	-3.04369922551493
1448							W01001539			51.66165847532926	-3.0372537773799424
1449							W01001540			51.70606837082837	-3.051304639634846
1450							W01001541			51.69608278628025	-3.0888313851514293
1451							W01001542			51.61864700979537	-2.7833046799289067
1452							W01001543			51.59741956180025	-2.7457079466798016
1453							W01001545			51.8467398098763	-3.0381249112990165
1454							W01001546			51.83107561464777	-3.021284373631583
1455							W01001548			51.90250251637526	-2.974329734537277
1456							W01001549			51.69036111021558	-2.7821313185290903
1457							W01001551			51.591843316120034	-2.757826273238231
1458							W01001552			51.83232409494218	-2.7207097768956214
1459							W01001554			51.825283633100575	-2.7032878768258572
1460							W01001555			51.74216028614305	-2.9987710490894073
1461							W01001556			51.72801513777538	-2.9812035983254437
1462							W01001557			51.82206490052829	-3.029376754191879
1463							W01001558			51.83066258206414	-3.013876455617178
1464							W01001559			51.63396067369153	-2.6789430045220635
1465							W01001560			51.714467141562096	-2.9290846569137616
1466							W01001561			51.82788397934506	-3.102077690398444
1467							W01001562			51.812029328894106	-3.1238096982381025
1468							W01001563			51.830177187881425	-3.083470423562733
1469							W01001565			51.665309509027225	-2.912447502245527
1470							W01001568			51.84591539097177	-2.834101823141905
1471							W01001569			51.80954062708761	-3.078083087655856
1472							W01001571			51.846058548017346	-2.9862773347997567
1473							W01001572			51.5824183535427	-2.8359505615792107
1474							W01001573			51.577075090482694	-2.8259228730299544
1475							W01001574			51.586749637528804	-2.8237709147363965
1476							W01001575			51.784946027116085	-2.7823155371474892
1477							W01001576			51.806623523887104	-2.722415562292744
1478							W01001577			51.80207477544652	-2.725377085509958
1479							W01001578			51.59726242560192	-2.719106815306923
1480							W01001579			51.819594279298855	-3.0115469930524714
1481							W01001580			51.825957752938315	-3.0130558327931856
1482							W01001581			51.751023093354405	-2.8363938667005417
1483							W01001582			51.58641513038349	-2.7859655291173566
1484							W01001583			51.68532740290925	-2.703549641061102
1485							W01001584			51.63019129643421	-2.6741907126311926
1486							W01001585			51.64497976491676	-2.6849650630355577
1487							W01001586			51.639341709209674	-2.687842816372084
1488							W01001587			51.64065949493663	-2.6733566231648336
1489							W01001588			51.5838566992992	-2.7459113685773056
1490							W01001589			51.58934542733121	-2.7469361741419314
1491							W01001590			51.64028944273858	-2.758718607756866
1492							W01001591			51.59076881728706	-2.8127527018749614
1493							W01001592			51.62499623609208	-2.6687419219590502
1494							W01001593			51.619056182424295	-2.6699145809036904
1495							W01001594			51.735111673831696	-2.7349238456639418
1496							W01001595			51.765812527907094	-2.6946276279133863
1497							W01001596			51.69698918821517	-2.895993056819025
1498							W01001597			51.70811177160503	-2.8988863308249613
1499							W01001598			51.587672099102676	-2.762256481023062
1500							W01001599			51.81548954357381	-2.6806334793221565
1501							W01001600			51.59334749916489	-3.0114788988018955
1502							W01001601			51.593562591970354	-3.003474272866681
1503							W01001602			51.586886941686025	-3.0194731071412733
1504							W01001603			51.589252344252046	-3.005395293839907
1505							W01001604			51.586298830805156	-3.026348260365294
1506							W01001605			51.583306934777426	-3.0134316900869416
1507							W01001606			51.59227754885168	-2.952524057324405
1508							W01001607			51.58606014886616	-2.958481837401097
1509							W01001608			51.59055048316619	-2.9597684990170894
1510							W01001609			51.58691060701199	-2.945592872149838
1511							W01001610			51.587074185317775	-2.9510470781865528
1512							W01001611			51.58666733338779	-2.9654126070534037
1513							W01001612			51.59048901469066	-2.972507628941319
1514							W01001613			51.588791886330746	-2.96860018853178
1515							W01001614			51.599842927274445	-2.964684983590755
1516							W01001615			51.59908758520887	-2.9685585024168524
1517							W01001616			51.59438940538604	-2.968964774945854
1518							W01001617			51.610046389407785	-3.0280691897497483
1519							W01001618			51.609424713379795	-3.016765479299806
1520							W01001619			51.61064114851538	-3.0379959536918393
1521							W01001620			51.60226505758625	-3.0241294390072224
1522							W01001621			51.61303654554946	-3.033654820028634
1523							W01001622			51.61690715344643	-3.0356640238997454
1524							W01001623			51.609509515947494	-2.958588153767851
1525							W01001624			51.611428572673994	-2.9805577753314747
1526							W01001625			51.61248166903396	-2.9368394292131446
1527							W01001626			51.615340435668394	-2.9709424171088035
1528							W01001627			51.621286718531366	-2.9809355425482584
1529							W01001628			51.6165766819286	-2.9627208884527785
1530							W01001629			51.57741748553381	-3.0103084503830146
1531							W01001630			51.576686741677214	-3.0153778769244206
1532							W01001631			51.57860362987386	-3.022202923191416
1533							W01001632			51.57222670229815	-3.026465171538534
1534							W01001633			51.5677522974062	-3.01031097882645
1535							W01001634			51.568958792283745	-3.0159984928390413
1536							W01001635			51.57493230107511	-3.0612100033778735
1537							W01001636			51.580959297389406	-3.0866303985953683
1538							W01001637			51.57514418654387	-3.042806630843843
1539							W01001638			51.58171822639378	-3.0635041824219478
1540							W01001639			51.60211093729426	-2.9069608345107913
1541							W01001640			51.62488165106223	-2.843218283082032
1542							W01001641			51.615672622033806	-2.8819899732089067
1543							W01001642			51.580423341403545	-2.9647415257046004
1544							W01001643			51.5841600018806	-2.9686143087464463
1545							W01001645			51.58215424642909	-2.952859726731515
1546							W01001646			51.57762617200505	-2.9457957731904005
1547							W01001648			51.579457699643676	-2.9563799147096517
1548							W01001650			51.59603522654999	-2.8850787739081127
1549							W01001651			51.61853469894937	-3.0063788603345882
1550							W01001652			51.61495810340199	-3.012521904089344
1551							W01001653			51.61546929010913	-2.9990380725593444
1552							W01001654			51.60863097906764	-3.00719006237136
1553							W01001655			51.61029073023048	-2.99947155526361
1554							W01001657			51.54974643336944	-3.0881419023161003
1555							W01001658			51.53637287181849	-3.063615405205551
1556							W01001659			51.575797976716856	-2.9910567447242173
1557							W01001660			51.563227579984364	-2.9911973169381674
1558							W01001661			51.578794896234086	-2.9842364140462623
1559							W01001662			51.5779495102729	-2.9971651530250485
1560							W01001663			51.597519028053995	-2.9363718397435576
1561							W01001664			51.598224807839415	-2.9289320383322197
1562							W01001665			51.59422684004201	-2.9437847560924366
1563							W01001666			51.591142058338	-2.9323806759880218
1564							W01001667			51.592459000177804	-2.925969389304656
1565							W01001668			51.58667712843537	-2.937580531487592
1566							W01001669			51.59709189072704	-3.048115717580348
1567							W01001670			51.60382142589305	-3.0560836118023
1568							W01001671			51.5829492018095	-3.045529417169867
1569							W01001673			51.59172876961335	-3.046614506589514
1570							W01001674			51.58590591612674	-3.0394046917896222
1571							W01001675			51.596079169432365	-2.98209535936818
1572							W01001676			51.59588963209917	-2.9874046169782473
1573							W01001677			51.60449337104607	-2.9849583289755106
1574							W01001678			51.604855951090045	-2.974441675798572
1575							W01001679			51.59813976476275	-2.9756638319501123
1576							W01001680			51.599019342792666	-2.9813474168486818
1577							W01001681			51.596351789344936	-2.995191517985481
1578							W01001682			51.604680493478405	-3.003502090674137
1579							W01001683			51.60218288795023	-2.9961537044715745
1580							W01001684			51.598589114842284	-3.0024920750486466
1581							W01001685			51.58723073067944	-2.999810860985735
1582							W01001686			51.58030632420853	-3.0027588363774056
1583							W01001687			51.58453224059563	-2.9940890258564496
1584							W01001689			51.5615501329762	-3.021523444937345
1585							W01001690			51.585437886554274	-2.9803104180324653
1586							W01001691			51.59217424581003	-2.978209922381742
1587							W01001692			51.590669029122566	-2.982211189082424
1588							W01001693			51.588868119062525	-2.987427149210678
1589							W01001694			51.485692076676386	-3.157191401258024
1590							W01001695			51.48128802842508	-3.1664999664523843
1591							W01001696			51.483158245248454	-3.160069511561853
1592							W01001697			51.48979616960331	-3.149492875677881
1593							W01001698			51.4893965063789	-3.154746654618627
1594							W01001699			51.46935575344827	-3.169908168030906
1595							W01001702			51.46801152183971	-3.2616569064851175
1596							W01001703			51.47146124124043	-3.2450516225300294
1597							W01001704			51.47391631276947	-3.23750498440491
1598							W01001705			51.46763076974516	-3.2508939650928936
1599							W01001706			51.479556233683375	-3.227663151242408
1600							W01001707			51.47663924516639	-3.235578329363464
1601							W01001708			51.473132974820764	-3.2504389689393083
1602							W01001710			51.481542340999944	-3.2091816301921163
1603							W01001711			51.47348598832787	-3.2077166463312583
1604							W01001712			51.48371154546558	-3.2057346241108884
1605							W01001713			51.479831349932354	-3.20348702016328
1606							W01001714			51.48564603635532	-3.2190919414565995
1607							W01001715			51.48688323741633	-3.2108545396960735
1608							W01001716			51.48555108210914	-3.2253507847037275
1609							W01001717			51.485005864902725	-3.2137509244531244
1610							W01001718			51.49697762242056	-3.1777146661927214
1611							W01001719			51.49594859590482	-3.1872263837049855
1612							W01001720			51.494597131656604	-3.1788274328898884
1613							W01001721			51.4918520404849	-3.1858251415385657
1614							W01001722			51.49415343357061	-3.1827935986526046
1615							W01001724			51.49238794558278	-3.175932187826233
1616							W01001725			51.49013179038705	-3.1770642915587772
1617							W01001726			51.500299220936824	-3.181674124014187
1618							W01001727			51.51936982406086	-3.3197302189798408
1619							W01001728			51.51994606241109	-3.323405948247225
1620							W01001729			51.4974230407388	-3.2770144310899902
1621							W01001730			51.52318212949275	-3.1618015695688726
1622							W01001731			51.523281562636804	-3.1751315703703735
1623							W01001732			51.518475267642685	-3.174362231923989
1624							W01001733			51.51354691053085	-3.1640128892398387
1625							W01001734			51.513422314420005	-3.1761261878709472
1626							W01001735			51.509213738732896	-3.171748268332662
1627							W01001736			51.52834115397969	-3.164594018819874
1628							W01001737			51.48306399766593	-3.245474737414542
1629							W01001738			51.48148173150799	-3.25806746244493
1630							W01001739			51.4812802490834	-3.2494795657824964
1631							W01001740			51.47827312482757	-3.2463702803900687
1632							W01001741			51.478436550931555	-3.255095791152569
1633							W01001742			51.475229847205	-3.255789026237464
1634							W01001743			51.47519815364572	-3.272933167011159
1635							W01001744			51.47233768848314	-3.264181264431343
1636							W01001745			51.47033581539415	-3.273397964651532
1637							W01001746			51.48367190250887	-3.238213018711526
1638							W01001747			51.50026578432892	-3.243234652384509
1639							W01001748			51.496975866654125	-3.2426546095305624
1640							W01001749			51.497679026942414	-3.2532698267079723
1641							W01001750			51.49275468665124	-3.2406968140016503
1642							W01001751			51.49358442295025	-3.2508712464319816
1643							W01001752			51.48823404812489	-3.242760137096329
1644							W01001753			51.48931828899671	-3.251979251904823
1645							W01001754			51.48735605369619	-3.2337725426150556
1646							W01001755			51.50028904946559	-3.190996940293818
1647							W01001756			51.49959622456727	-3.19968380199439
1648							W01001757			51.50390831186954	-3.193794234911185
1649							W01001758			51.50279756329176	-3.186589386606286
1650							W01001759			51.46731478817121	-3.197751055980462
1651							W01001760			51.46499437845575	-3.1776297145356187
1652							W01001761			51.46622937026233	-3.1848539672045444
1653							W01001762			51.4626538685271	-3.1847102568825054
1654							W01001764			51.474316602914804	-3.1871633771033774
1655							W01001765			51.46967259343758	-3.182151041948763
1656							W01001766			51.47302988293247	-3.1895365185545614
1657							W01001767			51.47016100966808	-3.188897203448309
1658							W01001768			51.468745904039224	-3.184588715293481
1659							W01001769			51.517598393423526	-3.186956716289927
1660							W01001770			51.509532383309576	-3.1854294398480922
1661							W01001771			51.518189785721496	-3.194603574251774
1662							W01001772			51.51501595706035	-3.209081733004424
1663							W01001773			51.51739571815407	-3.202139653855851
1664							W01001774			51.512832042599264	-3.196098123538766
1665							W01001775			51.512351917569674	-3.201771023579649
1666							W01001776			51.508205717390936	-3.1961335334371443
1667							W01001777			51.54411666671863	-3.164229375950764
1668							W01001778			51.55017104222443	-3.186420808155441
1669							W01001779			51.49476551654623	-3.2263304008839215
1670							W01001780			51.50043457763874	-3.231598820751513
1671							W01001781			51.49301306163271	-3.216115467895781
1672							W01001782			51.49076280134184	-3.2268428713434543
1673							W01001783			51.50636068240919	-3.2425494256995946
1674							W01001784			51.502245932498084	-3.2392314783192586
1675							W01001785			51.50362625120927	-3.2155899775914913
1676							W01001786			51.50101764839426	-3.2225182202841607
1677							W01001787			51.50405084224563	-3.206048737601977
1678							W01001788			51.49986488036001	-3.210884145655256
1679							W01001789			51.5071072822942	-3.2321582072690975
1680							W01001790			51.50542110390892	-3.2225480489016336
1681							W01001791			51.527458698619775	-3.182379896315576
1682							W01001792			51.52249933965304	-3.186418473607728
1683							W01001793			51.54393966075818	-3.1940340221437413
1684							W01001794			51.541092232944386	-3.187667534773514
1685							W01001795			51.54073166544309	-3.2006357745224414
1686							W01001796			51.53813482763264	-3.194898816793426
1687							W01001797			51.534304595336614	-3.1890492881525994
1688							W01001798			51.53602375546705	-3.2025323035056137
1689							W01001799			51.53293634701752	-3.1780665431415236
1690							W01001800			51.53114608997801	-3.1949112757224114
1691							W01001802			51.523445239922665	-3.117423618602203
1692							W01001803			51.51652119193338	-3.1235718997113677
1693							W01001804			51.52248276335457	-3.1274327591979154
1694							W01001805			51.51813458114358	-3.1310983445575
1695							W01001806			51.511726333488255	-3.1363554623173053
1696							W01001807			51.52817962312822	-3.1206562543143592
1697							W01001808			51.52623749635657	-3.126376060189785
1698							W01001809			51.51659624733198	-3.1598433335903082
1699							W01001810			51.51787814852275	-3.1507517979697863
1700							W01001811			51.51844309035517	-3.142189249564527
1701							W01001812			51.51530326823017	-3.1563831471683144
1702							W01001813			51.51324758114717	-3.1522610030029448
1703							W01001814			51.50906799386258	-3.1542512680199613
1704							W01001815			51.527369484600044	-3.1545055070168684
1705							W01001816			51.526886157697575	-3.1419229670169795
1706							W01001817			51.52835549802532	-3.148598928866627
1707							W01001818			51.52306686122292	-3.152234698954888
1708							W01001819			51.53290643505261	-3.2971478503834186
1709							W01001820			51.54135691325887	-3.2750681482502597
1710							W01001821			51.501982577916465	-3.163646284582611
1711							W01001822			51.49997646456964	-3.1482297590897557
1712							W01001823			51.49622708606175	-3.15835730842566
1713							W01001824			51.495735543008905	-3.161353239753887
1714							W01001825			51.49528432568863	-3.147359127580229
1715							W01001826			51.50572731546025	-3.1581018745276417
1716							W01001827			51.504232783641235	-3.169529172946781
1717							W01001828			51.503680607506695	-3.1498716968762963
1718							W01001829			51.49114805303872	-3.169273689787442
1719							W01001830			51.49230365078609	-3.162127878577607
1720							W01001831			51.49372914054828	-3.166450755546868
1721							W01001832			51.48887832019956	-3.170939308935446
1722							W01001833			51.490799679501	-3.1592998749172456
1723							W01001834			51.48928425458428	-3.1656296756637907
1724							W01001835			51.4862053845308	-3.165822563146578
1725							W01001836			51.49954808709055	-3.1709676888166984
1726							W01001837			51.49602835020792	-3.1738472136438762
1727							W01001838			51.496697989973775	-3.1692949665359285
1728							W01001839			51.49481229345062	-3.1711594039850435
1729							W01001840			51.528750046813414	-3.1100127570113862
1730							W01001841			51.53776687261295	-3.150632706660439
1731							W01001842			51.544746336383675	-3.136940386955295
1732							W01001844			51.531891410484285	-3.141726110123473
1733							W01001846			51.526119006854884	-3.266607880775681
1734							W01001847			51.52454234117007	-3.261533275553602
1735							W01001848			51.52090369764741	-3.2058601382658853
1736							W01001849			51.529226754036074	-3.2281414632023115
1737							W01001850			51.52427092013079	-3.210957664176115
1738							W01001851			51.52120842075748	-3.2178950536335162
1739							W01001852			51.54101459666849	-3.218634680167184
1740							W01001853			51.53119575990541	-3.208537025349522
1741							W01001854			51.52849281455427	-3.2113867173857034
1742							W01001855			51.47811957249923	-3.193777217213065
1743							W01001856			51.4775092024408	-3.1865676296813463
1744							W01001857			51.4796422400149	-3.1968350804174683
1745							W01001858			51.492235040104894	-3.202554966390794
1746							W01001859			51.48666901459589	-3.203267685195395
1747							W01001860			51.48449111816829	-3.1996240324324763
1748							W01001861			51.48432801908688	-3.193236603622105
1749							W01001862			51.480319919948975	-3.1891909956707103
1750							W01001863			51.50365560663101	-3.1247756353494633
1751							W01001864			51.50703965420268	-3.131969211518537
1752							W01001865			51.497488847865874	-3.1250059012920195
1753							W01001866			51.51614273181608	-3.1169026896327368
1754							W01001867			51.51020330530922	-3.118894452315561
1755							W01001868			51.50906471322656	-3.1245013719175487
1756							W01001869			51.487662623319494	-3.148539147690731
1757							W01001870			51.48486452274462	-3.1453341545505524
1758							W01001871			51.48535581539186	-3.137494489932801
1759							W01001872			51.48296666246392	-3.1521356176256163
1760							W01001873			51.47997932390553	-3.1498640248562904
1761							W01001874			51.474915249017464	-3.1529842463956377
1762							W01001876			51.48955437471394	-3.1423143386501513
1763							W01001877			51.53001431333527	-3.092604349837815
1764							W01001878			51.527739178217594	-3.100324141229618
1765							W01001879			51.52253669053882	-3.1024249177814056
1766							W01001880			51.522443618057004	-3.0946224847611403
1767							W01001881			51.524272783253984	-3.108960311551314
1768							W01001882			51.522181936369876	-3.083485067040897
1769							W01001883			51.518579093455855	-3.109910238826699
1770							W01001884			51.51964692512588	-3.0992379044802454
1771							W01001885			51.50567618615139	-3.1006829599212202
1772							W01001886			51.51407583384845	-3.110574519430806
1773							W01001887			51.51206897153658	-3.22639026847236
1774							W01001888			51.514893331599474	-3.2375100554914615
1775							W01001889			51.512748647835565	-3.21399971509669
1776							W01001890			51.508904099599576	-3.2048510864220248
1777							W01001891			51.509450688439365	-3.219180255717573
1778							W01001892			51.50733652888539	-3.2099644697191634
1779							W01001893			51.537864192415626	-3.242666682474788
1780							W01001894			51.52275181094598	-3.231925410099255
1781							W01001895			51.520563017416904	-3.241371717238652
1782							W01001896			51.516875717994864	-3.222300697732174
1783							W01001897			51.88429192906031	-3.3922357888292525
1784							W01001898			51.799160658517195	-3.403155690241693
1785							W01001899			51.801469535629096	-3.7817109171461074
1786							W01001900			51.764703996122165	-3.8028671859865364
1787							W01001901			51.95599596719869	-3.3909886959925255
1788							W01001902			51.95481239722076	-3.404922954722995
1789							W01001903			51.873814660031165	-3.1442461987924335
1790							W01001904			51.85011507630845	-3.14423188679123
1791							W01001905			51.92101123060391	-3.1810763965033195
1792							W01001906			52.80413641963089	-3.45694216013642
1793							W01001907			52.84698105236868	-3.2500891064345026
1794							W01001908			51.59444552201341	-2.7572657312050675
1795							W01001910			51.403327408505966	-3.268557476976089
1796							W01001911			51.40662296505864	-3.258783024447787
1797							W01001912			51.53130225923209	-3.0343108759728756
1798							W01001913			51.555564668549415	-3.0454803830399704
1799							W01001914			51.5670861819124	-3.4382105966107845
1800							W01001915			51.563946856167355	-3.323688089388893
1801							W01001916			51.57007725877153	-3.331104758200512
1802							W01001917			51.58069239595635	-3.4337092584993583
1803							W01001918			51.50168227023192	-3.6084321181728773
1804							W01001919			51.50150626586164	-3.593423787357502
1805							W01001920			51.49829397716387	-3.598755786268181
1806							W01001921			51.50359918020334	-3.6029673410079557
1807							W01001922			51.48783810019162	-3.1744113224377197
1808							W01001923			51.665015198014785	-4.150440334639757
1809							W01001924			51.66861963219895	-4.1507642580117174
1810							W01001925			51.69886777271697	-4.190356410728819
1811							W01001926			53.25786162576288	-3.7793204745695177
1812							W01001927			53.2899626662349	-3.5647301874984145
1813							W01001928			53.29477054230717	-3.5780349030339442
1814							W01001929			53.04350013404061	-2.982841077730106
1815							W01001930			52.91434983662043	-3.2317499172454416
1816							W01001931			53.04529290856931	-2.9867496076066713
1817							W01001932			52.84912605499764	-4.644676450497451
1818							W01001933			52.62773971764581	-3.9563498124577925
1819							W01001935			52.40630079175508	-4.064402203336245
1820							W01001936			52.40910845039826	-4.050925530200216
1821							W01001937			52.48082808003793	-4.033809594744517
1822							W01001940			51.45603722517101	-3.1455508557987213
1823							W01001942			51.46146566261754	-3.1734119499074174
1824							W01001943			51.45956536478278	-3.162577740273891
1825							W01001944			51.47188628827594	-3.1647837356659037
1826							W01001946			51.459622858482156	-3.1814596686156755
1827							W01001947			51.45703283897555	-3.1892808314889307
1828							W01001948			51.51327550552115	-3.259736651248454
1829							W01001949			51.523327534163286	-3.199436984361152
1830							W01001950			51.46576102363331	-3.1720378261553983
1831							W01001951			51.47619083024739	-3.1656992273831004
1832							W01001952			51.472198796292545	-3.176466661616593
1833							W01001953			51.52832876072752	-3.199641951049203
1834							W01001954			51.51669625009386	-3.2556226263159944
1835							W01001955			51.62256104340703	-3.94151921004658
1836							W01001956			51.62336455720113	-4.0164728327542365
1837							W01001958			51.61670448532258	-3.93363159896026
1838							W01001959			51.748546760526445	-3.3640210063392075
1839							W01001960			51.74582651765369	-3.3680029403759493
1840							W01001961			51.687547595293616	-3.3396365248782653
1841							W01001962			51.654554085983435	-3.482696198037714
1842							W01001963			51.634610777664804	-3.457218726591052
1843							W01001964			51.58856718169797	-3.349641709594988
1844							W01001965			51.55451997218786	-3.4607040820412323
1845							W01001966			51.52760949266836	-3.4552529932256535
1846							W01001967			51.52127847344187	-3.424616993663574
1847							W01001968			51.5115919320185	-3.421215851787643
1848							W01001969			53.04947856056656	-2.9692314658271064
1849							W01001970			53.08933382657	-2.952908114554893
1850							W01001971			53.055245908931994	-2.906802190137661
1851							W01001972			53.04404109800157	-2.951399545011579
1852							W01001973			51.72329253651397	-3.13008235018589
1853							W01001974			51.838266465952714	-3.0113326316172446
1854							W01001975			51.831497891773196	-3.0053112315126618
1855							W01001976			51.810608473433845	-3.0483180016713156
1856							W01001977			51.814061410802424	-3.020575911435796
1857							W01001978			51.81648992207831	-2.7405615419108975
1858							W01001979			51.80709323754616	-2.7408498292629195
1859							W01001980			51.787625157324044	-2.9477568323427765
1860							W01001981			51.52908177008304	-3.5621460092302266
1861							W01001982			51.52543360981737	-3.5420026084528753
1862							W01001983			51.52250501504358	-3.5609563597820153
1863							W01001984			51.51709880609864	-3.5585473902471123
1864							W01001985			51.690614967321906	-3.813329906703047
1865							W01001986			51.67767668320745	-3.834735767052556
1866							W01001987			51.65822850284747	-3.856036342643902
1867							W01001988			51.63844893476111	-3.8698294189334677
1868							W01001989			51.63321919200781	-3.853932057040305
1869							W01001990			51.67174325370948	-3.644455614035388
1870							W01001991			51.67590307531361	-4.03463950467888
1871							W01001992			51.666018142019794	-4.03256855128941
1872							W01001993			51.68066477176037	-3.895331132452092
1873							W01001994			51.66892548435557	-3.8830577083570508
1874							W01001995			51.62253291530493	-3.9314055707703095
1875							W01001996			51.616193419560396	-3.9204795782793274
1876							W01001997			51.61537094195026	-3.944178401677505
1877							W01001998			51.3919846293317	-3.27287174120162
1878							W01001999			51.71897804134181	-4.135161044403946
1879							W01002000			52.424402402434964	-4.052010880333922
1880							W01002001			52.42338636735653	-4.0818207389080365
1881							W01002002			52.16531922392421	-4.318518554890931
1882							W01002003			52.81605765754335	-4.054550591086258
1883							W01002004			52.741920634642035	-4.033447828360162
1884							W01002005			53.309365457542626	-4.291543605838821
1885							W01002007			53.263774681894596	-4.588297159443306
1886							W01002008			53.218987470938586	-4.466974460931632
1887							W01002009			51.80405406182533	-4.9704134534347375
1888							W01002010			51.798980785725405	-4.971702613861668
1889							W01002011			51.73162774708351	-5.016120562365631
1890							W01002012			51.72185577623849	-5.030093971116177
1891							W01002013			51.71593828316959	-4.707682322424992
1892							W01002014			51.65282346715406	-4.702433712400667
1893							W01002016			51.53790324558279	-3.11124431218824
1894							W01002017			51.53217613464485	-3.122930114811925
1895							W01002018			51.53271408200835	-3.1320089208151876
1896							W01002019			51.48400774740566	-3.181421247476934
1897							W01002020			51.48840823999461	-3.133162552799059
1898							W01002021			51.48287783154545	-3.135124570832635
1899							W01002022			51.48077773734259	-3.2212377787571853
1900							W01002023			51.47932845714367	-3.21462971187109
1901							W01002024			51.45393143385586	-3.1749174195317416
1902							W01002025			51.44941391326688	-3.1754979260165044
1903							W01002026			51.57629985209883	-2.929389834580679
1904							W01002027			51.56462050221763	-2.887590280849356
1905							W01002028			51.590725323948554	-3.058708031381435
1906							W01002029			51.585754162231	-3.0595404736740037
1907							W01002030			51.58412959181134	-2.9746425819888676
1908							W01002031			51.58031590174674	-2.9735801793559014
1909							W01002032			51.571399574578344	-2.9550087373766685
1910							W01002033			51.55582085004931	-2.952767718557252
1911							W01002034			51.559540299987454	-3.012834123016936
1912							W01002035			51.557660870459856	-3.0211769802810937
1913							W01002036			51.445120035759146	-3.1818969525562615
1914							W01002037			51.44520658975938	-3.1727360394781137
1915							W01002038			51.39857481545056	-3.3457017903943096
1916							W01002039			51.38499075035411	-3.343559755780559
1917							W01002040			51.39748121887761	-3.273388550180878
